licence,route,start_bus_index,target_km,target_index,prediction_timestamp,arrival_time,eta_min_T0,eta_min_T15,eta_min_T30,eta_min_T45,eta_min_T60,eta_min_T75,eta_min_T90,eta_min_T105,eta_min_T120
10-1148,Airport -> Rawai,3964,20,4000,2025-11-19 16:24:34.321595,2025-11-19 16:25:05.335636,0.0,,,,,,,,
10-1148,Airport -> Rawai,3964,21,4200,2025-11-19 16:24:34.321595,2025-11-19 16:27:06.280173,2.0,,,,,,,,
10-1148,Airport -> Rawai,3964,22,4400,2025-11-19 16:24:34.321595,2025-11-19 16:29:07.204307,3.0,,,,,,,,
10-1148,Airport -> Rawai,3964,23,4600,2025-11-19 16:24:34.321595,2025-11-19 16:32:08.653616,5.0,,,,,,,,
10-1148,Airport -> Rawai,3964,24,4800,2025-11-19 16:24:34.321595,2025-11-19 16:34:09.838363,7.0,,,,,,,,
10-1148,Airport -> Rawai,3964,25,5000,2025-11-19 16:24:34.321595,2025-11-19 16:36:11.115529,9.0,,,,,,,,
10-1148,Airport -> Rawai,3964,26,5200,2025-11-19 16:24:34.321595,2025-11-19 16:38:12.083812,11.0,,,,,,,,
10-1148,Airport -> Rawai,3964,27,5400,2025-11-19 16:24:34.321595,2025-11-19 16:42:14.290026,13.0,1.0,,,,,,,
10-1148,Airport -> Rawai,3964,28,5600,2025-11-19 16:24:34.321595,2025-11-19 16:44:15.320653,15.0,3.0,,,,,,,
10-1148,Airport -> Rawai,3964,29,5800,2025-11-19 16:24:34.321595,2025-11-19 16:46:16.289745,17.0,5.0,,,,,,,
10-1148,Airport -> Rawai,3964,30,6000,2025-11-19 16:24:34.321595,2025-11-19 16:48:17.732124,19.0,6.0,,,,,,,
10-1148,Airport -> Rawai,3964,31,6200,2025-11-19 16:24:34.321595,2025-11-19 16:49:18.228939,21.0,8.0,,,,,,,
10-1148,Airport -> Rawai,3964,32,6400,2025-11-19 16:24:34.321595,2025-11-19 17:14:02.005756,22.0,10.0,0.0,0.0,,,,,
10-1148,Airport -> Rawai,3964,33,6600,2025-11-19 16:24:34.321595,,25.0,13.0,3.0,2.0,2.0,1.0,0.0,,
10-1148,Airport -> Rawai,3964,34,6800,2025-11-19 16:24:34.321595,,28.0,16.0,6.0,6.0,5.0,4.0,4.0,,
10-1148,Airport -> Rawai,3964,35,7000,2025-11-19 16:24:34.321595,,32.0,20.0,10.0,10.0,9.0,8.0,8.0,,
10-1148,Airport -> Rawai,3964,36,7200,2025-11-19 16:24:34.321595,,36.0,24.0,14.0,14.0,13.0,12.0,12.0,,
10-1148,Airport -> Rawai,3964,37,7400,2025-11-19 16:24:34.321595,,40.0,28.0,17.0,17.0,16.0,16.0,15.0,,
10-1148,Airport -> Rawai,3964,38,7600,2025-11-19 16:24:34.321595,,42.0,29.0,19.0,19.0,18.0,18.0,17.0,,
10-1148,Airport -> Rawai,3964,39,7800,2025-11-19 16:24:34.321595,,43.0,31.0,21.0,20.0,19.0,19.0,18.0,,
10-1148,Airport -> Rawai,3964,40,8000,2025-11-19 16:24:34.321595,,45.0,32.0,22.0,22.0,21.0,20.0,20.0,,
10-1148,Airport -> Rawai,3964,41,8200,2025-11-19 16:24:34.321595,,46.0,34.0,24.0,23.0,22.0,22.0,21.0,,
10-1148,Airport -> Rawai,3964,42,8400,2025-11-19 16:24:34.321595,,48.0,36.0,26.0,25.0,25.0,24.0,23.0,,
10-1148,Airport -> Rawai,3964,43,8600,2025-11-19 16:24:34.321595,,51.0,38.0,28.0,28.0,27.0,27.0,26.0,,
10-1148,Airport -> Rawai,3964,44,8800,2025-11-19 16:24:34.321595,,52.0,40.0,30.0,30.0,29.0,28.0,28.0,,
10-1148,Airport -> Rawai,3964,45,9000,2025-11-19 16:24:34.321595,,55.0,43.0,33.0,33.0,32.0,31.0,30.0,,
10-1148,Airport -> Rawai,3964,46,9200,2025-11-19 16:24:34.321595,,58.0,46.0,36.0,35.0,35.0,34.0,33.0,,
10-1148,Airport -> Rawai,3964,47,9400,2025-11-19 16:24:34.321595,,61.0,49.0,39.0,38.0,37.0,37.0,36.0,,
10-1148,Airport -> Rawai,3964,48,9600,2025-11-19 16:24:34.321595,,63.0,50.0,40.0,40.0,39.0,38.0,38.0,,
10-1148,Airport -> Rawai,3964,49,9800,2025-11-19 16:24:34.321595,,65.0,52.0,42.0,42.0,41.0,40.0,40.0,,
10-1148,Airport -> Rawai,3964,50,10000,2025-11-19 16:24:34.321595,,67.0,54.0,44.0,44.0,43.0,43.0,42.0,,
10-1148,Airport -> Rawai,3964,51,10200,2025-11-19 16:24:34.321595,,68.0,56.0,46.0,45.0,44.0,44.0,43.0,,
10-1148,Airport -> Rawai,3964,52,10400,2025-11-19 16:24:34.321595,,70.0,58.0,48.0,47.0,47.0,46.0,45.0,,
10-1148,Airport -> Rawai,3964,53,10600,2025-11-19 16:24:34.321595,,72.0,60.0,50.0,50.0,49.0,48.0,47.0,,
10-1148,Airport -> Rawai,3964,54,10800,2025-11-19 16:24:34.321595,,74.0,62.0,52.0,51.0,51.0,50.0,49.0,,
10-1148,Airport -> Rawai,3964,54,10889,2025-11-19 16:24:34.321595,,76.0,64.0,53.0,53.0,52.0,52.0,51.0,,
10-1265,Dragon Line,710,4,800,2025-11-19 16:24:34.340042,2025-11-19 17:32:05.068603,10.0,9.0,7.0,0.0,,,,,
10-1265,Dragon Line,710,5,1000,2025-11-19 16:24:34.340042,2025-11-19 17:42:09.808733,14.0,13.0,11.0,4.0,0.0,,,,
10-1265,Dragon Line,710,5,1011,2025-11-19 16:24:34.340042,,14.0,14.0,11.0,5.0,1.0,,,,
10-1223,Bus 2 -> Bus 1 -> Patong,1988,10,2000,2025-11-19 16:24:34.359659,2025-11-19 16:31:07.606864,0.0,,,,,,,,
10-1223,Bus 2 -> Bus 1 -> Patong,1988,11,2200,2025-11-19 16:24:34.359659,2025-11-19 16:51:17.444206,3.0,2.0,,,,,,,
10-1223,Bus 2 -> Bus 1 -> Patong,1988,12,2400,2025-11-19 16:24:34.359659,2025-11-19 16:58:20.740234,6.0,5.0,1.0,,,,,,
10-1223,Bus 2 -> Bus 1 -> Patong,1988,13,2600,2025-11-19 16:24:34.359659,2025-11-19 17:03:23.284203,8.0,7.0,4.0,,,,,,
10-1223,Bus 2 -> Bus 1 -> Patong,1988,14,2800,2025-11-19 16:24:34.359659,2025-11-19 17:12:28.087904,11.0,10.0,6.0,0.0,,,,,
10-1223,Bus 2 -> Bus 1 -> Patong,1988,15,3000,2025-11-19 16:24:34.359659,2025-11-19 17:15:59.901707,13.0,12.0,8.0,2.0,,,,,
10-1223,Bus 2 -> Bus 1 -> Patong,1988,16,3200,2025-11-19 16:24:34.359659,2025-11-19 17:19:01.345497,15.0,13.0,10.0,3.0,,,,,
10-1223,Bus 2 -> Bus 1 -> Patong,1988,17,3400,2025-11-19 16:24:34.359659,2025-11-19 17:23:03.391606,17.0,15.0,12.0,5.0,,,,,
10-1223,Bus 2 -> Bus 1 -> Patong,1988,18,3600,2025-11-19 16:24:34.359659,2025-11-19 17:26:05.048193,18.0,17.0,13.0,7.0,0.0,,,,
10-1223,Bus 2 -> Bus 1 -> Patong,1988,19,3800,2025-11-19 16:24:34.359659,2025-11-19 17:28:06.028678,21.0,19.0,16.0,9.0,2.0,,,,
10-1223,Bus 2 -> Bus 1 -> Patong,1988,20,4000,2025-11-19 16:24:34.359659,2025-11-19 17:35:09.813651,22.0,21.0,18.0,11.0,4.0,,,,
10-1223,Bus 2 -> Bus 1 -> Patong,1988,21,4200,2025-11-19 16:24:34.359659,2025-11-19 17:39:11.791035,25.0,24.0,20.0,14.0,6.0,,,,
10-1223,Bus 2 -> Bus 1 -> Patong,1988,22,4400,2025-11-19 16:24:34.359659,2025-11-19 17:44:14.420477,28.0,27.0,23.0,17.0,9.0,2.0,,,
10-1223,Bus 2 -> Bus 1 -> Patong,1988,23,4600,2025-11-19 16:24:34.359659,2025-11-19 17:52:18.962328,31.0,30.0,27.0,20.0,13.0,6.0,,,
10-1223,Bus 2 -> Bus 1 -> Patong,1988,24,4800,2025-11-19 16:24:34.359659,2025-11-19 17:57:51.784900,35.0,34.0,30.0,24.0,16.0,9.0,2.0,,
10-1223,Bus 2 -> Bus 1 -> Patong,1988,25,5000,2025-11-19 16:24:34.359659,2025-11-19 18:02:54.287025,38.0,37.0,33.0,27.0,20.0,13.0,6.0,,
10-1223,Bus 2 -> Bus 1 -> Patong,1988,26,5200,2025-11-19 16:24:34.359659,,41.0,40.0,37.0,30.0,23.0,16.0,9.0,,
10-1223,Bus 2 -> Bus 1 -> Patong,1988,26,5296,2025-11-19 16:24:34.359659,,42.0,41.0,38.0,31.0,24.0,17.0,10.0,,
10-1150,Rawai -> Airport,10889,54,10889,2025-11-19 16:24:34.323722,,,,,,,,,,
10-1152,Rawai -> Airport,132,1,200,2025-11-19 16:24:34.323722,2025-11-19 16:25:05.285309,1.0,,,,,,,,
10-1152,Rawai -> Airport,132,2,400,2025-11-19 16:24:34.323722,2025-11-19 16:27:06.332723,3.0,,,,,,,,
10-1152,Rawai -> Airport,132,3,600,2025-11-19 16:24:34.323722,2025-11-19 16:31:08.228578,5.0,,,,,,,,
10-1152,Rawai -> Airport,132,4,800,2025-11-19 16:24:34.323722,2025-11-19 16:34:09.834525,7.0,,,,,,,,
10-1152,Rawai -> Airport,132,5,1000,2025-11-19 16:24:34.323722,2025-11-19 16:38:11.926444,8.0,,,,,,,,
10-1152,Rawai -> Airport,132,6,1200,2025-11-19 16:24:34.323722,2025-11-19 16:38:11.926444,10.0,,,,,,,,
10-1152,Rawai -> Airport,132,7,1400,2025-11-19 16:24:34.323722,2025-11-19 16:42:14.286389,12.0,0.0,,,,,,,
10-1152,Rawai -> Airport,132,8,1600,2025-11-19 16:24:34.323722,2025-11-19 16:42:14.286389,14.0,1.0,,,,,,,
10-1152,Rawai -> Airport,132,9,1800,2025-11-19 16:24:34.323722,2025-11-19 16:45:15.845217,17.0,4.0,,,,,,,
10-1152,Rawai -> Airport,132,10,2000,2025-11-19 16:24:34.323722,2025-11-19 16:50:18.537259,20.0,7.0,,,,,,,
10-1152,Rawai -> Airport,132,11,2200,2025-11-19 16:24:34.323722,2025-11-19 16:54:20.741404,22.0,10.0,,,,,,,
10-1152,Rawai -> Airport,132,12,2400,2025-11-19 16:24:34.323722,2025-11-19 16:56:22.116863,24.0,12.0,0.0,,,,,,
10-1152,Rawai -> Airport,132,13,2600,2025-11-19 16:24:34.323722,2025-11-19 17:03:25.903044,27.0,14.0,2.0,,,,,,
10-1152,Rawai -> Airport,132,14,2800,2025-11-19 16:24:34.323722,2025-11-19 17:06:57.827501,29.0,16.0,4.0,,,,,,
10-1152,Rawai -> Airport,132,15,3000,2025-11-19 16:24:34.323722,2025-11-19 17:06:57.827501,30.0,18.0,6.0,,,,,,
10-1152,Rawai -> Airport,132,16,3200,2025-11-19 16:24:34.323722,2025-11-19 17:08:58.820031,1.0,19.0,8.0,,,,,,
10-1152,Rawai -> Airport,132,17,3400,2025-11-19 16:24:34.323722,2025-11-19 17:27:08.292602,2.0,20.0,9.0,0.0,0.0,,,,
10-1152,Rawai -> Airport,132,18,3600,2025-11-19 16:24:34.323722,2025-11-19 17:37:14.030278,4.0,22.0,11.0,2.0,1.0,,,,
10-1152,Rawai -> Airport,132,19,3800,2025-11-19 16:24:34.323722,2025-11-19 17:42:16.905240,7.0,26.0,14.0,5.0,5.0,2.0,,,
10-1152,Rawai -> Airport,132,20,4000,2025-11-19 16:24:34.323722,2025-11-19 17:55:24.216968,10.0,29.0,17.0,9.0,8.0,5.0,0.0,,
10-1152,Rawai -> Airport,132,21,4200,2025-11-19 16:24:34.323722,2025-11-19 18:00:57.450088,13.0,32.0,20.0,11.0,11.0,8.0,3.0,,
10-1152,Rawai -> Airport,132,22,4400,2025-11-19 16:24:34.323722,,15.0,33.0,22.0,13.0,13.0,9.0,5.0,,
10-1152,Rawai -> Airport,132,23,4600,2025-11-19 16:24:34.323722,,17.0,35.0,24.0,15.0,15.0,11.0,7.0,,
10-1152,Rawai -> Airport,132,24,4800,2025-11-19 16:24:34.323722,,18.0,37.0,25.0,17.0,16.0,13.0,8.0,,
10-1152,Rawai -> Airport,132,25,5000,2025-11-19 16:24:34.323722,,21.0,39.0,27.0,19.0,18.0,15.0,11.0,,
10-1152,Rawai -> Airport,132,26,5200,2025-11-19 16:24:34.323722,,23.0,41.0,30.0,21.0,20.0,17.0,13.0,,
10-1152,Rawai -> Airport,132,27,5400,2025-11-19 16:24:34.323722,,25.0,43.0,32.0,23.0,23.0,19.0,15.0,,
10-1152,Rawai -> Airport,132,28,5600,2025-11-19 16:24:34.323722,,27.0,45.0,34.0,25.0,25.0,21.0,17.0,,
10-1152,Rawai -> Airport,132,29,5800,2025-11-19 16:24:34.323722,,29.0,47.0,35.0,27.0,26.0,23.0,18.0,,
10-1152,Rawai -> Airport,132,30,6000,2025-11-19 16:24:34.323722,,31.0,49.0,37.0,29.0,28.0,25.0,21.0,,
10-1152,Rawai -> Airport,132,31,6200,2025-11-19 16:24:34.323722,,32.0,51.0,39.0,30.0,30.0,27.0,22.0,,
10-1152,Rawai -> Airport,132,32,6400,2025-11-19 16:24:34.323722,,34.0,52.0,41.0,32.0,32.0,28.0,24.0,,
10-1152,Rawai -> Airport,132,33,6600,2025-11-19 16:24:34.323722,,36.0,54.0,43.0,34.0,34.0,30.0,26.0,,
10-1152,Rawai -> Airport,132,34,6800,2025-11-19 16:24:34.323722,,38.0,56.0,45.0,36.0,35.0,32.0,28.0,,
10-1152,Rawai -> Airport,132,35,7000,2025-11-19 16:24:34.323722,,42.0,60.0,49.0,40.0,39.0,36.0,32.0,,
10-1152,Rawai -> Airport,132,36,7200,2025-11-19 16:24:34.323722,,46.0,64.0,53.0,44.0,43.0,40.0,36.0,,
10-1152,Rawai -> Airport,132,37,7400,2025-11-19 16:24:34.323722,,49.0,67.0,56.0,47.0,47.0,43.0,39.0,,
10-1152,Rawai -> Airport,132,38,7600,2025-11-19 16:24:34.323722,,51.0,70.0,58.0,50.0,49.0,46.0,41.0,,
10-1152,Rawai -> Airport,132,39,7800,2025-11-19 16:24:34.323722,,53.0,71.0,60.0,51.0,51.0,47.0,43.0,,
10-1152,Rawai -> Airport,132,40,8000,2025-11-19 16:24:34.323722,,54.0,73.0,61.0,53.0,52.0,49.0,44.0,,
10-1152,Rawai -> Airport,132,41,8200,2025-11-19 16:24:34.323722,,57.0,75.0,64.0,55.0,54.0,51.0,47.0,,
10-1152,Rawai -> Airport,132,42,8400,2025-11-19 16:24:34.323722,,58.0,77.0,65.0,56.0,56.0,52.0,48.0,,
10-1152,Rawai -> Airport,132,43,8600,2025-11-19 16:24:34.323722,,61.0,79.0,68.0,59.0,59.0,55.0,51.0,,
10-1152,Rawai -> Airport,132,44,8800,2025-11-19 16:24:34.323722,,62.0,81.0,69.0,60.0,60.0,57.0,52.0,,
10-1152,Rawai -> Airport,132,45,9000,2025-11-19 16:24:34.323722,,63.0,82.0,70.0,61.0,61.0,58.0,53.0,,
10-1152,Rawai -> Airport,132,46,9200,2025-11-19 16:24:34.323722,,65.0,83.0,72.0,63.0,62.0,59.0,55.0,,
10-1152,Rawai -> Airport,132,47,9400,2025-11-19 16:24:34.323722,,66.0,84.0,73.0,64.0,64.0,60.0,56.0,,
10-1152,Rawai -> Airport,132,48,9600,2025-11-19 16:24:34.323722,,67.0,86.0,74.0,65.0,65.0,61.0,57.0,,
10-1152,Rawai -> Airport,132,49,9800,2025-11-19 16:24:34.323722,,68.0,87.0,75.0,67.0,66.0,63.0,58.0,,
10-1152,Rawai -> Airport,132,50,10000,2025-11-19 16:24:34.323722,,70.0,88.0,77.0,68.0,67.0,64.0,60.0,,
10-1152,Rawai -> Airport,132,51,10200,2025-11-19 16:24:34.323722,,71.0,90.0,78.0,69.0,69.0,65.0,61.0,,
10-1152,Rawai -> Airport,132,52,10400,2025-11-19 16:24:34.323722,,72.0,91.0,79.0,70.0,70.0,67.0,62.0,,
10-1152,Rawai -> Airport,132,53,10600,2025-11-19 16:24:34.323722,,74.0,93.0,81.0,72.0,72.0,68.0,64.0,,
10-1152,Rawai -> Airport,132,54,10800,2025-11-19 16:24:34.323722,,76.0,95.0,83.0,74.0,74.0,71.0,66.0,,
10-1152,Rawai -> Airport,132,54,10889,2025-11-19 16:24:34.323722,,77.0,96.0,84.0,76.0,75.0,72.0,67.0,,
10-1264,Bus 2 -> Bus 1 -> Patong,286,2,400,2025-11-19 16:24:34.359659,2025-11-19 16:51:17.444206,1.0,4.0,,,,,,,
10-1264,Bus 2 -> Bus 1 -> Patong,286,3,600,2025-11-19 16:24:34.359659,2025-11-19 16:54:18.847350,3.0,6.0,,,,,,,
10-1264,Bus 2 -> Bus 1 -> Patong,286,4,800,2025-11-19 16:24:34.359659,2025-11-19 16:55:19.362722,5.0,8.0,0.0,,,,,,
10-1264,Bus 2 -> Bus 1 -> Patong,286,5,1000,2025-11-19 16:24:34.359659,2025-11-19 16:58:20.740234,7.0,10.0,2.0,,,,,,
10-1264,Bus 2 -> Bus 1 -> Patong,286,6,1200,2025-11-19 16:24:34.359659,2025-11-19 17:00:21.669474,9.0,12.0,4.0,,,,,,
10-1264,Bus 2 -> Bus 1 -> Patong,286,7,1400,2025-11-19 16:24:34.359659,2025-11-19 17:01:22.272479,12.0,15.0,7.0,,,,,,
10-1264,Bus 2 -> Bus 1 -> Patong,286,8,1600,2025-11-19 16:24:34.359659,2025-11-19 17:01:22.272479,16.0,19.0,11.0,,,,,,
10-1264,Bus 2 -> Bus 1 -> Patong,286,9,1800,2025-11-19 16:24:34.359659,2025-11-19 17:01:22.272479,23.0,26.0,18.0,,,,,,
10-1264,Bus 2 -> Bus 1 -> Patong,286,10,2000,2025-11-19 16:24:34.359659,,26.0,29.0,21.0,2.0,2.0,1.0,,,
10-1264,Bus 2 -> Bus 1 -> Patong,286,11,2200,2025-11-19 16:24:34.359659,,29.0,32.0,24.0,5.0,5.0,4.0,,,
10-1264,Bus 2 -> Bus 1 -> Patong,286,12,2400,2025-11-19 16:24:34.359659,,32.0,35.0,27.0,8.0,8.0,7.0,,,
10-1264,Bus 2 -> Bus 1 -> Patong,286,13,2600,2025-11-19 16:24:34.359659,,35.0,37.0,30.0,10.0,10.0,10.0,,,
10-1264,Bus 2 -> Bus 1 -> Patong,286,14,2800,2025-11-19 16:24:34.359659,,37.0,40.0,32.0,13.0,13.0,12.0,,,
10-1264,Bus 2 -> Bus 1 -> Patong,286,15,3000,2025-11-19 16:24:34.359659,,39.0,42.0,34.0,15.0,15.0,14.0,,,
10-1264,Bus 2 -> Bus 1 -> Patong,286,16,3200,2025-11-19 16:24:34.359659,,41.0,43.0,36.0,16.0,16.0,16.0,,,
10-1264,Bus 2 -> Bus 1 -> Patong,286,17,3400,2025-11-19 16:24:34.359659,,43.0,46.0,38.0,18.0,18.0,18.0,,,
10-1264,Bus 2 -> Bus 1 -> Patong,286,18,3600,2025-11-19 16:24:34.359659,,44.0,47.0,39.0,20.0,20.0,20.0,,,
10-1264,Bus 2 -> Bus 1 -> Patong,286,19,3800,2025-11-19 16:24:34.359659,,47.0,49.0,42.0,22.0,22.0,22.0,,,
10-1264,Bus 2 -> Bus 1 -> Patong,286,20,4000,2025-11-19 16:24:34.359659,,48.0,51.0,43.0,24.0,24.0,24.0,,,
10-1264,Bus 2 -> Bus 1 -> Patong,286,21,4200,2025-11-19 16:24:34.359659,,51.0,54.0,46.0,27.0,27.0,26.0,,,
10-1264,Bus 2 -> Bus 1 -> Patong,286,22,4400,2025-11-19 16:24:34.359659,,54.0,57.0,49.0,30.0,30.0,29.0,,,
10-1264,Bus 2 -> Bus 1 -> Patong,286,23,4600,2025-11-19 16:24:34.359659,,57.0,60.0,52.0,33.0,33.0,33.0,,,
10-1264,Bus 2 -> Bus 1 -> Patong,286,24,4800,2025-11-19 16:24:34.359659,,61.0,64.0,56.0,37.0,37.0,36.0,,,
10-1264,Bus 2 -> Bus 1 -> Patong,286,25,5000,2025-11-19 16:24:34.359659,,64.0,67.0,59.0,40.0,40.0,40.0,,,
10-1264,Bus 2 -> Bus 1 -> Patong,286,26,5200,2025-11-19 16:24:34.359659,,67.0,70.0,62.0,43.0,43.0,43.0,,,
10-1264,Bus 2 -> Bus 1 -> Patong,286,26,5296,2025-11-19 16:24:34.359659,,68.0,71.0,64.0,44.0,44.0,44.0,,,
10-1153,Airport -> Rawai,1949,10,2000,2025-11-19 16:24:34.321595,2025-11-19 16:26:05.771772,0.0,,,,,,,,
10-1153,Airport -> Rawai,1949,11,2200,2025-11-19 16:24:34.321595,2025-11-19 16:28:06.728739,1.0,,,,,,,,
10-1153,Airport -> Rawai,1949,12,2400,2025-11-19 16:24:34.321595,2025-11-19 16:31:08.187514,2.0,,,,,,,,
10-1153,Airport -> Rawai,1949,13,2600,2025-11-19 16:24:34.321595,2025-11-19 16:48:17.732124,5.0,1.0,,,,,,,
10-1153,Airport -> Rawai,1949,14,2800,2025-11-19 16:24:34.321595,2025-11-19 16:49:18.228939,6.0,2.0,,,,,,,
10-1153,Airport -> Rawai,1949,15,3000,2025-11-19 16:24:34.321595,2025-11-19 16:52:19.850671,9.0,5.0,,,,,,,
10-1153,Airport -> Rawai,1949,16,3200,2025-11-19 16:24:34.321595,2025-11-19 16:54:20.857121,10.0,6.0,,,,,,,
10-1153,Airport -> Rawai,1949,17,3400,2025-11-19 16:24:34.321595,2025-11-19 16:56:21.987754,12.0,8.0,0.0,,,,,,
10-1153,Airport -> Rawai,1949,18,3600,2025-11-19 16:24:34.321595,2025-11-19 16:57:22.465785,14.0,10.0,3.0,,,,,,
10-1153,Airport -> Rawai,1949,19,3800,2025-11-19 16:24:34.321595,2025-11-19 17:02:25.291089,17.0,13.0,6.0,,,,,,
10-1153,Airport -> Rawai,1949,20,4000,2025-11-19 16:24:34.321595,2025-11-19 17:04:57.143735,19.0,15.0,8.0,,,,,,
10-1153,Airport -> Rawai,1949,21,4200,2025-11-19 16:24:34.321595,2025-11-19 17:07:58.601343,21.0,17.0,10.0,,,,,,
10-1153,Airport -> Rawai,1949,22,4400,2025-11-19 16:24:34.321595,2025-11-19 17:08:59.236673,23.0,19.0,11.0,,,,,,
10-1153,Airport -> Rawai,1949,23,4600,2025-11-19 16:24:34.321595,2025-11-19 17:13:01.439259,25.0,20.0,13.0,1.0,,,,,
10-1153,Airport -> Rawai,1949,24,4800,2025-11-19 16:24:34.321595,2025-11-19 17:16:03.026207,27.0,22.0,15.0,3.0,,,,,
10-1153,Airport -> Rawai,1949,25,5000,2025-11-19 16:24:34.321595,2025-11-19 17:18:04.054294,28.0,24.0,17.0,4.0,,,,,
10-1153,Airport -> Rawai,1949,26,5200,2025-11-19 16:24:34.321595,2025-11-19 17:21:05.592512,30.0,26.0,19.0,6.0,,,,,
10-1153,Airport -> Rawai,1949,27,5400,2025-11-19 16:24:34.321595,2025-11-19 17:23:06.554515,33.0,28.0,21.0,9.0,,,,,
10-1153,Airport -> Rawai,1949,28,5600,2025-11-19 16:24:34.321595,2025-11-19 17:25:07.840289,35.0,30.0,23.0,11.0,0.0,,,,
10-1153,Airport -> Rawai,1949,29,5800,2025-11-19 16:24:34.321595,2025-11-19 17:28:09.249434,37.0,33.0,25.0,13.0,2.0,,,,
10-1153,Airport -> Rawai,1949,30,6000,2025-11-19 16:24:34.321595,2025-11-19 17:29:09.722481,38.0,34.0,27.0,14.0,4.0,,,,
10-1153,Airport -> Rawai,1949,31,6200,2025-11-19 16:24:34.321595,2025-11-19 17:32:11.545068,40.0,36.0,29.0,16.0,6.0,,,,
10-1153,Airport -> Rawai,1949,32,6400,2025-11-19 16:24:34.321595,,42.0,38.0,30.0,18.0,8.0,1.0,,,
10-1153,Airport -> Rawai,1949,33,6600,2025-11-19 16:24:34.321595,,45.0,41.0,33.0,21.0,10.0,4.0,,,
10-1153,Airport -> Rawai,1949,34,6800,2025-11-19 16:24:34.321595,,48.0,44.0,37.0,24.0,14.0,7.0,,,
10-1153,Airport -> Rawai,1949,35,7000,2025-11-19 16:24:34.321595,,52.0,48.0,41.0,28.0,18.0,11.0,,,
10-1153,Airport -> Rawai,1949,36,7200,2025-11-19 16:24:34.321595,,56.0,52.0,45.0,32.0,22.0,15.0,,,
10-1153,Airport -> Rawai,1949,37,7400,2025-11-19 16:24:34.321595,,59.0,55.0,48.0,36.0,25.0,19.0,,,
10-1153,Airport -> Rawai,1949,38,7600,2025-11-19 16:24:34.321595,,61.0,57.0,50.0,37.0,27.0,20.0,,,
10-1153,Airport -> Rawai,1949,39,7800,2025-11-19 16:24:34.321595,,62.0,58.0,51.0,39.0,28.0,22.0,,,
10-1153,Airport -> Rawai,1949,40,8000,2025-11-19 16:24:34.321595,,64.0,60.0,53.0,40.0,30.0,23.0,,,
10-1153,Airport -> Rawai,1949,41,8200,2025-11-19 16:24:34.321595,,66.0,61.0,54.0,42.0,31.0,25.0,,,
10-1153,Airport -> Rawai,1949,42,8400,2025-11-19 16:24:34.321595,,68.0,64.0,56.0,44.0,33.0,27.0,,,
10-1153,Airport -> Rawai,1949,43,8600,2025-11-19 16:24:34.321595,,70.0,66.0,59.0,46.0,36.0,29.0,,,
10-1153,Airport -> Rawai,1949,44,8800,2025-11-19 16:24:34.321595,,72.0,68.0,61.0,48.0,38.0,31.0,,,
10-1153,Airport -> Rawai,1949,45,9000,2025-11-19 16:24:34.321595,,75.0,71.0,63.0,51.0,41.0,34.0,,,
10-1153,Airport -> Rawai,1949,46,9200,2025-11-19 16:24:34.321595,,78.0,74.0,66.0,54.0,43.0,37.0,,,
10-1153,Airport -> Rawai,1949,47,9400,2025-11-19 16:24:34.321595,,80.0,76.0,69.0,57.0,46.0,40.0,,,
10-1153,Airport -> Rawai,1949,48,9600,2025-11-19 16:24:34.321595,,82.0,78.0,71.0,58.0,48.0,41.0,,,
10-1153,Airport -> Rawai,1949,49,9800,2025-11-19 16:24:34.321595,,84.0,80.0,73.0,60.0,50.0,43.0,,,
10-1153,Airport -> Rawai,1949,50,10000,2025-11-19 16:24:34.321595,,86.0,82.0,75.0,62.0,52.0,45.0,,,
10-1153,Airport -> Rawai,1949,51,10200,2025-11-19 16:24:34.321595,,88.0,83.0,76.0,64.0,53.0,47.0,,,
10-1153,Airport -> Rawai,1949,52,10400,2025-11-19 16:24:34.321595,,90.0,86.0,78.0,66.0,55.0,49.0,,,
10-1153,Airport -> Rawai,1949,53,10600,2025-11-19 16:24:34.321595,,92.0,88.0,80.0,68.0,58.0,51.0,,,
10-1153,Airport -> Rawai,1949,54,10800,2025-11-19 16:24:34.321595,,94.0,90.0,82.0,70.0,59.0,53.0,,,
10-1153,Airport -> Rawai,1949,54,10889,2025-11-19 16:24:34.321595,,95.0,91.0,84.0,71.0,61.0,54.0,,,
10-1207,Rawai -> Airport,10888,54,10889,2025-11-19 16:24:34.323722,,0.0,,,,,,,,
10-1212,Rawai -> Airport,3851,20,4000,2025-11-19 16:24:34.323722,2025-11-19 16:33:09.269454,2.0,,,,,,,,
10-1212,Rawai -> Airport,3851,21,4200,2025-11-19 16:24:34.323722,2025-11-19 16:34:09.834525,5.0,,,,,,,,
10-1212,Rawai -> Airport,3851,22,4400,2025-11-19 16:24:34.323722,2025-11-19 16:39:12.385549,6.0,,,,,,,,
10-1212,Rawai -> Airport,3851,23,4600,2025-11-19 16:24:34.323722,2025-11-19 16:42:14.286389,8.0,1.0,,,,,,,
10-1212,Rawai -> Airport,3851,24,4800,2025-11-19 16:24:34.323722,2025-11-19 16:44:15.361739,10.0,3.0,,,,,,,
10-1212,Rawai -> Airport,3851,25,5000,2025-11-19 16:24:34.323722,2025-11-19 16:46:16.327397,12.0,5.0,,,,,,,
10-1212,Rawai -> Airport,3851,26,5200,2025-11-19 16:24:34.323722,2025-11-19 16:48:17.392090,14.0,7.0,,,,,,,
10-1212,Rawai -> Airport,3851,27,5400,2025-11-19 16:24:34.323722,2025-11-19 16:49:18.035994,16.0,9.0,,,,,,,
10-1212,Rawai -> Airport,3851,28,5600,2025-11-19 16:24:34.323722,2025-11-19 16:53:20.157029,18.0,11.0,,,,,,,
10-1212,Rawai -> Airport,3851,29,5800,2025-11-19 16:24:34.323722,2025-11-19 16:55:21.564462,20.0,13.0,0.0,,,,,,
10-1212,Rawai -> Airport,3851,30,6000,2025-11-19 16:24:34.323722,2025-11-19 16:56:22.116863,22.0,15.0,2.0,,,,,,
10-1212,Rawai -> Airport,3851,31,6200,2025-11-19 16:24:34.323722,2025-11-19 16:58:23.185513,24.0,16.0,4.0,,,,,,
10-1212,Rawai -> Airport,3851,32,6400,2025-11-19 16:24:34.323722,2025-11-19 17:00:24.189985,25.0,18.0,5.0,,,,,,
10-1212,Rawai -> Airport,3851,33,6600,2025-11-19 16:24:34.323722,2025-11-19 17:03:25.903044,27.0,20.0,7.0,,,,,,
10-1212,Rawai -> Airport,3851,34,6800,2025-11-19 16:24:34.323722,2025-11-19 17:16:02.518982,29.0,22.0,9.0,0.0,,,,,
10-1212,Rawai -> Airport,3851,35,7000,2025-11-19 16:24:34.323722,,33.0,26.0,13.0,4.0,2.0,1.0,0.0,,
10-1212,Rawai -> Airport,3851,36,7200,2025-11-19 16:24:34.323722,,37.0,30.0,17.0,8.0,6.0,5.0,4.0,,
10-1212,Rawai -> Airport,3851,37,7400,2025-11-19 16:24:34.323722,,40.0,33.0,20.0,11.0,9.0,8.0,7.0,,
10-1212,Rawai -> Airport,3851,38,7600,2025-11-19 16:24:34.323722,,43.0,36.0,23.0,14.0,11.0,11.0,10.0,,
10-1212,Rawai -> Airport,3851,39,7800,2025-11-19 16:24:34.323722,,44.0,37.0,24.0,15.0,13.0,12.0,11.0,,
10-1212,Rawai -> Airport,3851,40,8000,2025-11-19 16:24:34.323722,,46.0,39.0,26.0,17.0,14.0,14.0,13.0,,
10-1212,Rawai -> Airport,3851,41,8200,2025-11-19 16:24:34.323722,,48.0,41.0,28.0,19.0,17.0,16.0,15.0,,
10-1212,Rawai -> Airport,3851,42,8400,2025-11-19 16:24:34.323722,,50.0,42.0,29.0,20.0,18.0,17.0,17.0,,
10-1212,Rawai -> Airport,3851,43,8600,2025-11-19 16:24:34.323722,,52.0,45.0,32.0,23.0,21.0,20.0,19.0,,
10-1212,Rawai -> Airport,3851,44,8800,2025-11-19 16:24:34.323722,,54.0,46.0,34.0,24.0,22.0,21.0,21.0,,
10-1212,Rawai -> Airport,3851,45,9000,2025-11-19 16:24:34.323722,,55.0,47.0,35.0,26.0,23.0,22.0,22.0,,
10-1212,Rawai -> Airport,3851,46,9200,2025-11-19 16:24:34.323722,,56.0,49.0,36.0,27.0,25.0,24.0,23.0,,
10-1212,Rawai -> Airport,3851,47,9400,2025-11-19 16:24:34.323722,,57.0,50.0,37.0,28.0,26.0,25.0,24.0,,
10-1212,Rawai -> Airport,3851,48,9600,2025-11-19 16:24:34.323722,,59.0,51.0,39.0,29.0,27.0,26.0,26.0,,
10-1212,Rawai -> Airport,3851,49,9800,2025-11-19 16:24:34.323722,,60.0,53.0,40.0,31.0,28.0,28.0,27.0,,
10-1212,Rawai -> Airport,3851,50,10000,2025-11-19 16:24:34.323722,,61.0,54.0,41.0,32.0,30.0,29.0,28.0,,
10-1212,Rawai -> Airport,3851,51,10200,2025-11-19 16:24:34.323722,,63.0,55.0,42.0,33.0,31.0,30.0,30.0,,
10-1212,Rawai -> Airport,3851,52,10400,2025-11-19 16:24:34.323722,,64.0,56.0,44.0,35.0,32.0,31.0,31.0,,
10-1212,Rawai -> Airport,3851,53,10600,2025-11-19 16:24:34.323722,,66.0,58.0,45.0,36.0,34.0,33.0,33.0,,
10-1212,Rawai -> Airport,3851,54,10800,2025-11-19 16:24:34.323722,,68.0,60.0,48.0,39.0,36.0,35.0,35.0,,
10-1212,Rawai -> Airport,3851,54,10889,2025-11-19 16:24:34.323722,,69.0,62.0,49.0,40.0,37.0,36.0,36.0,,
10-1196,Airport -> Rawai,3671,19,3800,2025-11-19 16:24:34.321595,,31.0,,,,,,,,
10-1196,Airport -> Rawai,3671,20,4000,2025-11-19 16:24:34.321595,,33.0,,,,,,,,
10-1196,Airport -> Rawai,3671,21,4200,2025-11-19 16:24:34.321595,,35.0,,,,,,,,
10-1196,Airport -> Rawai,3671,22,4400,2025-11-19 16:24:34.321595,,37.0,,,,,,,,
10-1196,Airport -> Rawai,3671,23,4600,2025-11-19 16:24:34.321595,,39.0,,,,,,,,
10-1196,Airport -> Rawai,3671,24,4800,2025-11-19 16:24:34.321595,,41.0,,,,,,,,
10-1196,Airport -> Rawai,3671,25,5000,2025-11-19 16:24:34.321595,,42.0,,,,,,,,
10-1196,Airport -> Rawai,3671,26,5200,2025-11-19 16:24:34.321595,,44.0,,,,,,,,
10-1196,Airport -> Rawai,3671,27,5400,2025-11-19 16:24:34.321595,,47.0,,,,,,,,
10-1196,Airport -> Rawai,3671,28,5600,2025-11-19 16:24:34.321595,,49.0,,,,,,,,
10-1196,Airport -> Rawai,3671,29,5800,2025-11-19 16:24:34.321595,,51.0,,,,,,,,
10-1196,Airport -> Rawai,3671,30,6000,2025-11-19 16:24:34.321595,,52.0,,,,,,,,
10-1196,Airport -> Rawai,3671,31,6200,2025-11-19 16:24:34.321595,,54.0,,,,,,,,
10-1196,Airport -> Rawai,3671,32,6400,2025-11-19 16:24:34.321595,,56.0,,,,,,,,
10-1196,Airport -> Rawai,3671,33,6600,2025-11-19 16:24:34.321595,,59.0,,,,,,,,
10-1196,Airport -> Rawai,3671,34,6800,2025-11-19 16:24:34.321595,,62.0,,,,,,,,
10-1196,Airport -> Rawai,3671,35,7000,2025-11-19 16:24:34.321595,,66.0,,,,,,,,
10-1196,Airport -> Rawai,3671,36,7200,2025-11-19 16:24:34.321595,,70.0,,,,,,,,
10-1196,Airport -> Rawai,3671,37,7400,2025-11-19 16:24:34.321595,,73.0,,,,,,,,
10-1196,Airport -> Rawai,3671,38,7600,2025-11-19 16:24:34.321595,,75.0,,,,,,,,
10-1196,Airport -> Rawai,3671,39,7800,2025-11-19 16:24:34.321595,,77.0,,,,,,,,
10-1196,Airport -> Rawai,3671,40,8000,2025-11-19 16:24:34.321595,,78.0,,,,,,,,
10-1196,Airport -> Rawai,3671,41,8200,2025-11-19 16:24:34.321595,,80.0,,,,,,,,
10-1196,Airport -> Rawai,3671,42,8400,2025-11-19 16:24:34.321595,,82.0,,,,,,,,
10-1196,Airport -> Rawai,3671,43,8600,2025-11-19 16:24:34.321595,,84.0,,,,,,,,
10-1196,Airport -> Rawai,3671,44,8800,2025-11-19 16:24:34.321595,,86.0,,,,,,,,
10-1196,Airport -> Rawai,3671,45,9000,2025-11-19 16:24:34.321595,,89.0,,,,,,,,
10-1196,Airport -> Rawai,3671,46,9200,2025-11-19 16:24:34.321595,,92.0,,,,,,,,
10-1196,Airport -> Rawai,3671,47,9400,2025-11-19 16:24:34.321595,,95.0,,,,,,,,
10-1196,Airport -> Rawai,3671,48,9600,2025-11-19 16:24:34.321595,,96.0,,,,,,,,
10-1196,Airport -> Rawai,3671,49,9800,2025-11-19 16:24:34.321595,,98.0,,,,,,,,
10-1196,Airport -> Rawai,3671,50,10000,2025-11-19 16:24:34.321595,,100.0,,,,,,,,
10-1196,Airport -> Rawai,3671,51,10200,2025-11-19 16:24:34.321595,,102.0,,,,,,,,
10-1196,Airport -> Rawai,3671,52,10400,2025-11-19 16:24:34.321595,,104.0,,,,,,,,
10-1196,Airport -> Rawai,3671,53,10600,2025-11-19 16:24:34.321595,,106.0,,,,,,,,
10-1196,Airport -> Rawai,3671,54,10800,2025-11-19 16:24:34.321595,,108.0,,,,,,,,
10-1196,Airport -> Rawai,3671,54,10889,2025-11-19 16:24:34.321595,,109.0,,,,,,,,
10-1264,Patong -> Bus 1 -> Bus 2,5098,26,5200,2025-11-19 16:25:04.635801,2025-11-19 16:28:06.075045,24.0,10.0,10.0,5.0,4.0,,,,
10-1264,Patong -> Bus 1 -> Bus 2,5098,26,5301,2025-11-19 16:25:04.635801,2025-11-19 16:31:07.499305,26.0,11.0,11.0,6.0,5.0,,,,
10-1196,Rawai -> Airport,7293,37,7400,2025-11-19 16:25:05.285309,2025-11-19 16:30:07.766709,6.0,,,,,,,,
10-1196,Rawai -> Airport,7293,38,7600,2025-11-19 16:25:05.285309,2025-11-19 16:32:08.721603,9.0,,,,,,,,
10-1196,Rawai -> Airport,7293,39,7800,2025-11-19 16:25:05.285309,2025-11-19 16:34:09.834525,10.0,,,,,,,,
10-1196,Rawai -> Airport,7293,40,8000,2025-11-19 16:25:05.285309,2025-11-19 16:37:11.445969,12.0,,,,,,,,
10-1196,Rawai -> Airport,7293,41,8200,2025-11-19 16:25:05.285309,2025-11-19 16:38:11.926444,14.0,,,,,,,,
10-1196,Rawai -> Airport,7293,42,8400,2025-11-19 16:25:05.285309,2025-11-19 16:50:18.537259,16.0,0.0,,,,,,,
10-1196,Rawai -> Airport,7293,43,8600,2025-11-19 16:25:05.285309,2025-11-19 16:51:19.009663,18.0,3.0,,,,,,,
10-1196,Rawai -> Airport,7293,44,8800,2025-11-19 16:25:05.285309,2025-11-19 16:52:19.633869,20.0,4.0,,,,,,,
10-1196,Rawai -> Airport,7293,45,9000,2025-11-19 16:25:05.285309,2025-11-19 16:54:20.741404,21.0,5.0,,,,,,,
10-1196,Rawai -> Airport,7293,46,9200,2025-11-19 16:25:05.285309,2025-11-19 16:55:21.564462,22.0,7.0,,,,,,,
10-1196,Rawai -> Airport,7293,47,9400,2025-11-19 16:25:05.285309,2025-11-19 16:56:22.116863,23.0,8.0,0.0,,,,,,
10-1196,Rawai -> Airport,7293,48,9600,2025-11-19 16:25:05.285309,2025-11-19 16:58:23.185513,25.0,9.0,1.0,,,,,,
10-1196,Rawai -> Airport,7293,49,9800,2025-11-19 16:25:05.285309,2025-11-19 16:58:53.429211,26.0,10.0,3.0,,,,,,
10-1196,Rawai -> Airport,7293,50,10000,2025-11-19 16:25:05.285309,2025-11-19 17:00:54.468602,27.0,12.0,4.0,,,,,,
10-1196,Rawai -> Airport,7293,51,10200,2025-11-19 16:25:05.285309,2025-11-19 17:02:25.275523,29.0,13.0,5.0,,,,,,
10-1196,Rawai -> Airport,7293,52,10400,2025-11-19 16:25:05.285309,2025-11-19 17:04:26.396400,30.0,14.0,7.0,,,,,,
10-1196,Rawai -> Airport,7293,53,10600,2025-11-19 16:25:05.285309,2025-11-19 17:06:27.367065,32.0,16.0,8.0,,,,,,
10-1196,Rawai -> Airport,7293,54,10800,2025-11-19 16:25:05.285309,2025-11-19 17:08:58.820031,34.0,18.0,10.0,,,,,,
10-1196,Rawai -> Airport,7293,54,10889,2025-11-19 16:25:05.285309,2025-11-19 17:11:00.000450,35.0,19.0,12.0,,,,,,
10-1205,Rawai -> Airport,6701,34,6800,2025-11-19 16:25:05.285309,2025-11-19 16:29:07.257148,0.0,,,,,,,,
10-1205,Rawai -> Airport,6701,35,7000,2025-11-19 16:25:05.285309,2025-11-19 16:50:18.537259,4.0,0.0,,,,,,,
10-1205,Rawai -> Airport,6701,36,7200,2025-11-19 16:25:05.285309,2025-11-19 17:04:26.396400,8.0,4.0,2.0,,,,,,
10-1205,Rawai -> Airport,6701,37,7400,2025-11-19 16:25:05.285309,2025-11-19 17:07:58.327660,12.0,7.0,5.0,,,,,,
10-1205,Rawai -> Airport,6701,38,7600,2025-11-19 16:25:05.285309,2025-11-19 17:09:59.306838,14.0,10.0,8.0,,,,,,
10-1205,Rawai -> Airport,6701,39,7800,2025-11-19 16:25:05.285309,2025-11-19 17:11:00.000450,16.0,11.0,9.0,0.0,,,,,
10-1205,Rawai -> Airport,6701,40,8000,2025-11-19 16:25:05.285309,2025-11-19 17:19:04.151401,17.0,13.0,11.0,2.0,,,,,
10-1205,Rawai -> Airport,6701,41,8200,2025-11-19 16:25:05.285309,2025-11-19 17:21:05.116730,19.0,15.0,13.0,4.0,,,,,
10-1205,Rawai -> Airport,6701,42,8400,2025-11-19 16:25:05.285309,2025-11-19 17:53:22.797156,21.0,17.0,14.0,6.0,0.0,0.0,,,
10-1205,Rawai -> Airport,6701,43,8600,2025-11-19 16:25:05.285309,2025-11-19 17:53:53.178577,24.0,19.0,17.0,8.0,3.0,3.0,,,
10-1205,Rawai -> Airport,6701,44,8800,2025-11-19 16:25:05.285309,2025-11-19 17:55:24.216968,25.0,21.0,19.0,10.0,4.0,4.0,,,
10-1205,Rawai -> Airport,6701,45,9000,2025-11-19 16:25:05.285309,2025-11-19 17:55:54.530943,26.0,22.0,20.0,11.0,5.0,5.0,0.0,,
10-1205,Rawai -> Airport,6701,46,9200,2025-11-19 16:25:05.285309,2025-11-19 17:56:55.012623,27.0,23.0,21.0,12.0,7.0,7.0,1.0,,
10-1205,Rawai -> Airport,6701,47,9400,2025-11-19 16:25:05.285309,2025-11-19 17:58:56.206261,29.0,24.0,22.0,13.0,8.0,8.0,2.0,,
10-1205,Rawai -> Airport,6701,48,9600,2025-11-19 16:25:05.285309,2025-11-19 17:58:56.206261,30.0,26.0,24.0,15.0,9.0,9.0,4.0,,
10-1205,Rawai -> Airport,6701,49,9800,2025-11-19 16:25:05.285309,2025-11-19 17:59:56.700772,31.0,27.0,25.0,16.0,10.0,10.0,5.0,,
10-1205,Rawai -> Airport,6701,50,10000,2025-11-19 16:25:05.285309,2025-11-19 18:01:57.981236,32.0,28.0,26.0,17.0,12.0,12.0,6.0,,
10-1205,Rawai -> Airport,6701,51,10200,2025-11-19 16:25:05.285309,2025-11-19 18:02:58.706870,34.0,30.0,27.0,19.0,13.0,13.0,8.0,,
10-1205,Rawai -> Airport,6701,52,10400,2025-11-19 16:25:05.285309,,35.0,31.0,29.0,20.0,14.0,14.0,9.0,,
10-1205,Rawai -> Airport,6701,53,10600,2025-11-19 16:25:05.285309,,37.0,32.0,30.0,22.0,16.0,16.0,11.0,,
10-1205,Rawai -> Airport,6701,54,10800,2025-11-19 16:25:05.285309,,39.0,35.0,33.0,24.0,18.0,18.0,13.0,,
10-1205,Rawai -> Airport,6701,54,10889,2025-11-19 16:25:05.285309,,40.0,36.0,34.0,25.0,19.0,19.0,14.0,,
10-1149,Rawai -> Airport,8312,42,8400,2025-11-19 16:28:06.791176,2025-11-19 16:41:13.677807,0.0,,,,,,,,
10-1149,Rawai -> Airport,8312,43,8600,2025-11-19 16:28:06.791176,2025-11-19 16:45:15.845217,3.0,0.0,,,,,,,
10-1149,Rawai -> Airport,8312,44,8800,2025-11-19 16:28:06.791176,2025-11-19 16:45:15.845217,4.0,1.0,,,,,,,
10-1149,Rawai -> Airport,8312,45,9000,2025-11-19 16:28:06.791176,2025-11-19 16:45:15.845217,5.0,2.0,,,,,,,
10-1149,Rawai -> Airport,8312,46,9200,2025-11-19 16:28:06.791176,2025-11-19 16:46:16.327397,7.0,4.0,,,,,,,
10-1149,Rawai -> Airport,8312,47,9400,2025-11-19 16:28:06.791176,2025-11-19 16:48:17.392090,8.0,5.0,,,,,,,
10-1149,Rawai -> Airport,8312,48,9600,2025-11-19 16:28:06.791176,2025-11-19 16:49:18.035994,9.0,6.0,,,,,,,
10-1149,Rawai -> Airport,8312,49,9800,2025-11-19 16:28:06.791176,2025-11-19 16:51:19.009663,10.0,7.0,,,,,,,
10-1149,Rawai -> Airport,8312,50,10000,2025-11-19 16:28:06.791176,2025-11-19 16:53:20.157029,12.0,9.0,,,,,,,
10-1149,Rawai -> Airport,8312,51,10200,2025-11-19 16:28:06.791176,2025-11-19 16:55:21.564462,13.0,10.0,,,,,,,
10-1149,Rawai -> Airport,8312,52,10400,2025-11-19 16:28:06.791176,2025-11-19 16:56:22.116863,14.0,11.0,,,,,,,
10-1149,Rawai -> Airport,8312,53,10600,2025-11-19 16:28:06.791176,2025-11-19 17:40:15.849056,1.0,13.0,,,,,,,
10-1149,Rawai -> Airport,8312,54,10800,2025-11-19 16:28:06.791176,2025-11-19 17:44:17.995462,3.0,15.0,1.0,,,,,,
10-1149,Rawai -> Airport,8312,54,10889,2025-11-19 16:28:06.791176,2025-11-19 17:46:18.995984,4.0,16.0,2.0,,,,,,
10-1159,Rawai -> Airport,8399,42,8400,2025-11-19 16:31:08.228578,2025-11-19 16:32:08.721603,42.0,,,,,,,,
10-1159,Rawai -> Airport,8399,43,8600,2025-11-19 16:31:08.228578,2025-11-19 16:33:09.269454,45.0,,,,,,,,
10-1159,Rawai -> Airport,8399,44,8800,2025-11-19 16:31:08.228578,2025-11-19 16:34:09.834525,46.0,,,,,,,,
10-1159,Rawai -> Airport,8399,45,9000,2025-11-19 16:31:08.228578,2025-11-19 16:36:10.944159,47.0,,,,,,,,
10-1159,Rawai -> Airport,8399,46,9200,2025-11-19 16:31:08.228578,2025-11-19 16:37:11.445969,49.0,,,,,,,,
10-1159,Rawai -> Airport,8399,47,9400,2025-11-19 16:31:08.228578,2025-11-19 16:38:11.926444,50.0,,,,,,,,
10-1159,Rawai -> Airport,8399,48,9600,2025-11-19 16:31:08.228578,2025-11-19 16:40:13.088611,51.0,,,,,,,,
10-1159,Rawai -> Airport,8399,49,9800,2025-11-19 16:31:08.228578,2025-11-19 16:41:13.677807,52.0,,,,,,,,
10-1159,Rawai -> Airport,8399,50,10000,2025-11-19 16:31:08.228578,2025-11-19 16:42:14.286389,54.0,,,,,,,,
10-1159,Rawai -> Airport,8399,51,10200,2025-11-19 16:31:08.228578,2025-11-19 16:44:15.361739,55.0,,,,,,,,
10-1159,Rawai -> Airport,8399,52,10400,2025-11-19 16:31:08.228578,2025-11-19 16:46:16.327397,56.0,,,,,,,,
10-1159,Rawai -> Airport,8399,53,10600,2025-11-19 16:31:08.228578,2025-11-19 16:48:17.392090,58.0,1.0,,,,,,,
10-1159,Rawai -> Airport,8399,54,10800,2025-11-19 16:31:08.228578,2025-11-19 16:50:18.537259,60.0,3.0,,,,,,,
10-1159,Rawai -> Airport,8399,54,10889,2025-11-19 16:31:08.228578,2025-11-19 16:52:19.633869,61.0,4.0,,,,,,,
10-1207,Airport -> Rawai,71,1,200,2025-11-19 16:34:09.838363,2025-11-19 17:04:26.753765,1.0,0.0,,,,,,,
10-1207,Airport -> Rawai,71,2,400,2025-11-19 16:34:09.838363,2025-11-19 17:06:58.142872,3.0,2.0,1.0,,,,,,
10-1207,Airport -> Rawai,71,3,600,2025-11-19 16:34:09.838363,2025-11-19 17:08:59.236673,5.0,4.0,3.0,,,,,,
10-1207,Airport -> Rawai,71,4,800,2025-11-19 16:34:09.838363,2025-11-19 17:09:59.729046,6.0,5.0,4.0,,,,,,
10-1207,Airport -> Rawai,71,5,1000,2025-11-19 16:34:09.838363,2025-11-19 17:12:00.970029,8.0,7.0,5.0,,,,,,
10-1207,Airport -> Rawai,71,6,1200,2025-11-19 16:34:09.838363,2025-11-19 17:14:02.005756,9.0,8.0,7.0,,,,,,
10-1207,Airport -> Rawai,71,7,1400,2025-11-19 16:34:09.838363,2025-11-19 17:14:02.005756,10.0,9.0,8.0,,,,,,
10-1207,Airport -> Rawai,71,8,1600,2025-11-19 16:34:09.838363,2025-11-19 17:16:03.026207,12.0,11.0,9.0,,,,,,
10-1207,Airport -> Rawai,71,9,1800,2025-11-19 16:34:09.838363,2025-11-19 17:20:05.082747,13.0,12.0,10.0,0.0,,,,,
10-1207,Airport -> Rawai,71,10,2000,2025-11-19 16:34:09.838363,2025-11-19 17:20:05.082747,14.0,13.0,12.0,1.0,,,,,
10-1207,Airport -> Rawai,71,11,2200,2025-11-19 16:34:09.838363,2025-11-19 17:21:05.592512,15.0,14.0,13.0,2.0,,,,,
10-1207,Airport -> Rawai,71,12,2400,2025-11-19 16:34:09.838363,2025-11-19 17:26:08.343957,17.0,16.0,14.0,3.0,,,,,
10-1207,Airport -> Rawai,71,13,2600,2025-11-19 16:34:09.838363,2025-11-19 17:36:14.385123,19.0,18.0,17.0,6.0,1.0,,,,
10-1207,Airport -> Rawai,71,14,2800,2025-11-19 16:34:09.838363,2025-11-19 17:38:15.471028,21.0,20.0,18.0,8.0,2.0,,,,
10-1207,Airport -> Rawai,71,15,3000,2025-11-19 16:34:09.838363,2025-11-19 17:44:18.441263,23.0,22.0,21.0,10.0,4.0,,,,
10-1207,Airport -> Rawai,71,16,3200,2025-11-19 16:34:09.838363,2025-11-19 17:46:19.410517,24.0,24.0,22.0,11.0,6.0,,,,
10-1207,Airport -> Rawai,71,17,3400,2025-11-19 16:34:09.838363,2025-11-19 17:47:19.999217,26.0,25.0,24.0,13.0,7.0,,,,
10-1207,Airport -> Rawai,71,18,3600,2025-11-19 16:34:09.838363,2025-11-19 17:52:23.135015,28.0,28.0,26.0,15.0,10.0,0.0,,,
10-1207,Airport -> Rawai,71,19,3800,2025-11-19 16:34:09.838363,2025-11-19 17:55:24.663901,32.0,31.0,29.0,19.0,13.0,3.0,,,
10-1207,Airport -> Rawai,71,20,4000,2025-11-19 16:34:09.838363,2025-11-19 18:02:28.252173,34.0,33.0,31.0,20.0,15.0,5.0,,,
10-1207,Airport -> Rawai,71,21,4200,2025-11-19 16:34:09.838363,,35.0,35.0,33.0,22.0,17.0,6.0,,,
10-1207,Airport -> Rawai,71,22,4400,2025-11-19 16:34:09.838363,,37.0,36.0,35.0,24.0,18.0,8.0,,,
10-1207,Airport -> Rawai,71,23,4600,2025-11-19 16:34:09.838363,,39.0,38.0,36.0,26.0,20.0,10.0,,,
10-1207,Airport -> Rawai,71,24,4800,2025-11-19 16:34:09.838363,,41.0,40.0,38.0,28.0,22.0,12.0,,,
10-1207,Airport -> Rawai,71,25,5000,2025-11-19 16:34:09.838363,,43.0,42.0,40.0,29.0,24.0,14.0,,,
10-1207,Airport -> Rawai,71,26,5200,2025-11-19 16:34:09.838363,,44.0,44.0,42.0,31.0,26.0,15.0,,,
10-1207,Airport -> Rawai,71,27,5400,2025-11-19 16:34:09.838363,,47.0,46.0,44.0,34.0,28.0,18.0,,,
10-1207,Airport -> Rawai,71,28,5600,2025-11-19 16:34:09.838363,,49.0,48.0,46.0,36.0,30.0,20.0,,,
10-1207,Airport -> Rawai,71,29,5800,2025-11-19 16:34:09.838363,,51.0,50.0,48.0,38.0,32.0,22.0,,,
10-1207,Airport -> Rawai,71,30,6000,2025-11-19 16:34:09.838363,,52.0,52.0,50.0,39.0,34.0,23.0,,,
10-1207,Airport -> Rawai,71,31,6200,2025-11-19 16:34:09.838363,,54.0,53.0,52.0,41.0,36.0,25.0,,,
10-1207,Airport -> Rawai,71,32,6400,2025-11-19 16:34:09.838363,,56.0,55.0,54.0,43.0,37.0,27.0,,,
10-1207,Airport -> Rawai,71,33,6600,2025-11-19 16:34:09.838363,,59.0,58.0,57.0,46.0,40.0,30.0,,,
10-1207,Airport -> Rawai,71,34,6800,2025-11-19 16:34:09.838363,,62.0,61.0,60.0,49.0,44.0,33.0,,,
10-1207,Airport -> Rawai,71,35,7000,2025-11-19 16:34:09.838363,,66.0,65.0,64.0,53.0,48.0,37.0,,,
10-1207,Airport -> Rawai,71,36,7200,2025-11-19 16:34:09.838363,,70.0,69.0,68.0,57.0,52.0,41.0,,,
10-1207,Airport -> Rawai,71,37,7400,2025-11-19 16:34:09.838363,,74.0,73.0,71.0,61.0,55.0,45.0,,,
10-1207,Airport -> Rawai,71,38,7600,2025-11-19 16:34:09.838363,,75.0,75.0,73.0,62.0,57.0,46.0,,,
10-1207,Airport -> Rawai,71,39,7800,2025-11-19 16:34:09.838363,,77.0,76.0,74.0,64.0,58.0,48.0,,,
10-1207,Airport -> Rawai,71,40,8000,2025-11-19 16:34:09.838363,,78.0,77.0,76.0,65.0,60.0,49.0,,,
10-1207,Airport -> Rawai,71,41,8200,2025-11-19 16:34:09.838363,,80.0,79.0,77.0,67.0,61.0,51.0,,,
10-1207,Airport -> Rawai,71,42,8400,2025-11-19 16:34:09.838363,,82.0,81.0,79.0,69.0,63.0,53.0,,,
10-1207,Airport -> Rawai,71,43,8600,2025-11-19 16:34:09.838363,,84.0,83.0,82.0,71.0,66.0,55.0,,,
10-1207,Airport -> Rawai,71,44,8800,2025-11-19 16:34:09.838363,,86.0,85.0,84.0,73.0,68.0,57.0,,,
10-1207,Airport -> Rawai,71,45,9000,2025-11-19 16:34:09.838363,,89.0,88.0,87.0,76.0,70.0,60.0,,,
10-1207,Airport -> Rawai,71,46,9200,2025-11-19 16:34:09.838363,,92.0,91.0,90.0,79.0,73.0,63.0,,,
10-1207,Airport -> Rawai,71,47,9400,2025-11-19 16:34:09.838363,,95.0,94.0,92.0,82.0,76.0,66.0,,,
10-1207,Airport -> Rawai,71,48,9600,2025-11-19 16:34:09.838363,,96.0,95.0,94.0,83.0,78.0,67.0,,,
10-1207,Airport -> Rawai,71,49,9800,2025-11-19 16:34:09.838363,,98.0,97.0,96.0,85.0,80.0,69.0,,,
10-1207,Airport -> Rawai,71,50,10000,2025-11-19 16:34:09.838363,,100.0,99.0,98.0,87.0,82.0,71.0,,,
10-1207,Airport -> Rawai,71,51,10200,2025-11-19 16:34:09.838363,,102.0,101.0,99.0,89.0,83.0,73.0,,,
10-1207,Airport -> Rawai,71,52,10400,2025-11-19 16:34:09.838363,,104.0,103.0,102.0,91.0,85.0,75.0,,,
10-1207,Airport -> Rawai,71,53,10600,2025-11-19 16:34:09.838363,,106.0,105.0,104.0,93.0,87.0,77.0,,,
10-1207,Airport -> Rawai,71,54,10800,2025-11-19 16:34:09.838363,,108.0,107.0,106.0,95.0,89.0,79.0,,,
10-1207,Airport -> Rawai,71,54,10889,2025-11-19 16:34:09.838363,,110.0,109.0,107.0,96.0,91.0,81.0,,,
10-1265,Dragon Line,0,1,200,2025-11-19 16:40:11.659959,2025-11-19 17:54:16.080232,3.0,0.0,,,,,,,
10-1265,Dragon Line,0,2,400,2025-11-19 16:40:11.659959,2025-11-19 17:06:23.010447,2.0,1.0,,,,,,,
10-1265,Dragon Line,0,3,600,2025-11-19 16:40:11.659959,2025-11-19 17:12:56.018390,6.0,5.0,3.0,,,,,,
10-1265,Dragon Line,0,4,800,2025-11-19 16:40:11.659959,2025-11-19 17:32:05.068603,10.0,9.0,7.0,0.0,,,,,
10-1265,Dragon Line,0,5,1000,2025-11-19 16:40:11.659959,2025-11-19 17:42:09.808733,14.0,13.0,11.0,4.0,0.0,,,,
10-1265,Dragon Line,0,5,1011,2025-11-19 16:40:11.659959,,14.0,14.0,11.0,5.0,1.0,,,,
10-1148,Rawai -> Airport,4579,23,4600,2025-11-19 16:51:19.009663,,0.0,1.0,,,,,,,
10-1148,Rawai -> Airport,4579,24,4800,2025-11-19 16:51:19.009663,,1.0,2.0,,,,,,,
10-1148,Rawai -> Airport,4579,25,5000,2025-11-19 16:51:19.009663,,3.0,4.0,,,,,,,
10-1148,Rawai -> Airport,4579,26,5200,2025-11-19 16:51:19.009663,,5.0,6.0,,,,,,,
10-1148,Rawai -> Airport,4579,27,5400,2025-11-19 16:51:19.009663,,8.0,9.0,,,,,,,
10-1148,Rawai -> Airport,4579,28,5600,2025-11-19 16:51:19.009663,,10.0,11.0,,,,,,,
10-1148,Rawai -> Airport,4579,29,5800,2025-11-19 16:51:19.009663,,11.0,12.0,,,,,,,
10-1148,Rawai -> Airport,4579,30,6000,2025-11-19 16:51:19.009663,,13.0,14.0,,,,,,,
10-1148,Rawai -> Airport,4579,31,6200,2025-11-19 16:51:19.009663,,15.0,16.0,,,,,,,
10-1148,Rawai -> Airport,4579,32,6400,2025-11-19 16:51:19.009663,,17.0,18.0,,,,,,,
10-1148,Rawai -> Airport,4579,33,6600,2025-11-19 16:51:19.009663,,19.0,20.0,,,,,,,
10-1148,Rawai -> Airport,4579,34,6800,2025-11-19 16:51:19.009663,,21.0,22.0,,,,,,,
10-1148,Rawai -> Airport,4579,35,7000,2025-11-19 16:51:19.009663,,25.0,26.0,,,,,,,
10-1148,Rawai -> Airport,4579,36,7200,2025-11-19 16:51:19.009663,,29.0,30.0,,,,,,,
10-1148,Rawai -> Airport,4579,37,7400,2025-11-19 16:51:19.009663,,32.0,33.0,,,,,,,
10-1148,Rawai -> Airport,4579,38,7600,2025-11-19 16:51:19.009663,,34.0,35.0,,,,,,,
10-1148,Rawai -> Airport,4579,39,7800,2025-11-19 16:51:19.009663,,36.0,37.0,,,,,,,
10-1148,Rawai -> Airport,4579,40,8000,2025-11-19 16:51:19.009663,,37.0,38.0,,,,,,,
10-1148,Rawai -> Airport,4579,41,8200,2025-11-19 16:51:19.009663,,40.0,41.0,,,,,,,
10-1148,Rawai -> Airport,4579,42,8400,2025-11-19 16:51:19.009663,,41.0,42.0,,,,,,,
10-1148,Rawai -> Airport,4579,43,8600,2025-11-19 16:51:19.009663,,44.0,45.0,,,,,,,
10-1148,Rawai -> Airport,4579,44,8800,2025-11-19 16:51:19.009663,,45.0,46.0,,,,,,,
10-1148,Rawai -> Airport,4579,45,9000,2025-11-19 16:51:19.009663,,46.0,47.0,,,,,,,
10-1148,Rawai -> Airport,4579,46,9200,2025-11-19 16:51:19.009663,,48.0,49.0,,,,,,,
10-1148,Rawai -> Airport,4579,47,9400,2025-11-19 16:51:19.009663,,49.0,50.0,,,,,,,
10-1148,Rawai -> Airport,4579,48,9600,2025-11-19 16:51:19.009663,,50.0,51.0,,,,,,,
10-1148,Rawai -> Airport,4579,49,9800,2025-11-19 16:51:19.009663,,51.0,52.0,,,,,,,
10-1148,Rawai -> Airport,4579,50,10000,2025-11-19 16:51:19.009663,,52.0,54.0,,,,,,,
10-1148,Rawai -> Airport,4579,51,10200,2025-11-19 16:51:19.009663,,54.0,55.0,,,,,,,
10-1148,Rawai -> Airport,4579,52,10400,2025-11-19 16:51:19.009663,,55.0,56.0,,,,,,,
10-1148,Rawai -> Airport,4579,53,10600,2025-11-19 16:51:19.009663,,57.0,58.0,,,,,,,
10-1148,Rawai -> Airport,4579,54,10800,2025-11-19 16:51:19.009663,,59.0,60.0,,,,,,,
10-1148,Rawai -> Airport,4579,54,10889,2025-11-19 16:51:19.009663,,60.0,61.0,,,,,,,
10-1153,Rawai -> Airport,7919,40,8000,2025-11-19 16:51:19.009663,,37.0,,,,,,,,
10-1153,Rawai -> Airport,7919,41,8200,2025-11-19 16:51:19.009663,,39.0,,,,,,,,
10-1153,Rawai -> Airport,7919,42,8400,2025-11-19 16:51:19.009663,,41.0,,,,,,,,
10-1153,Rawai -> Airport,7919,43,8600,2025-11-19 16:51:19.009663,,43.0,,,,,,,,
10-1153,Rawai -> Airport,7919,44,8800,2025-11-19 16:51:19.009663,,45.0,,,,,,,,
10-1153,Rawai -> Airport,7919,45,9000,2025-11-19 16:51:19.009663,,46.0,,,,,,,,
10-1153,Rawai -> Airport,7919,46,9200,2025-11-19 16:51:19.009663,,47.0,,,,,,,,
10-1153,Rawai -> Airport,7919,47,9400,2025-11-19 16:51:19.009663,,48.0,,,,,,,,
10-1153,Rawai -> Airport,7919,48,9600,2025-11-19 16:51:19.009663,,50.0,,,,,,,,
10-1153,Rawai -> Airport,7919,49,9800,2025-11-19 16:51:19.009663,,51.0,,,,,,,,
10-1153,Rawai -> Airport,7919,50,10000,2025-11-19 16:51:19.009663,,52.0,,,,,,,,
10-1153,Rawai -> Airport,7919,51,10200,2025-11-19 16:51:19.009663,,54.0,,,,,,,,
10-1153,Rawai -> Airport,7919,52,10400,2025-11-19 16:51:19.009663,,55.0,,,,,,,,
10-1153,Rawai -> Airport,7919,53,10600,2025-11-19 16:51:19.009663,,57.0,,,,,,,,
10-1153,Rawai -> Airport,7919,54,10800,2025-11-19 16:51:19.009663,,59.0,,,,,,,,
10-1153,Rawai -> Airport,7919,54,10889,2025-11-19 16:51:19.009663,,60.0,,,,,,,,
10-1159,Airport -> Rawai,80,1,200,2025-11-19 16:51:19.174474,2025-11-19 16:58:23.002237,1.0,,,,,,,,
10-1159,Airport -> Rawai,80,2,400,2025-11-19 16:51:19.174474,,3.0,4.0,4.0,2.0,,,,,
10-1159,Airport -> Rawai,80,3,600,2025-11-19 16:51:19.174474,,5.0,5.0,5.0,3.0,,,,,
10-1159,Airport -> Rawai,80,4,800,2025-11-19 16:51:19.174474,,6.0,7.0,7.0,5.0,,,,,
10-1159,Airport -> Rawai,80,5,1000,2025-11-19 16:51:19.174474,,8.0,8.0,8.0,6.0,,,,,
10-1159,Airport -> Rawai,80,6,1200,2025-11-19 16:51:19.174474,,9.0,9.0,9.0,7.0,,,,,
10-1159,Airport -> Rawai,80,7,1400,2025-11-19 16:51:19.174474,,10.0,11.0,11.0,9.0,,,,,
10-1159,Airport -> Rawai,80,8,1600,2025-11-19 16:51:19.174474,,11.0,12.0,12.0,10.0,,,,,
10-1159,Airport -> Rawai,80,9,1800,2025-11-19 16:51:19.174474,,13.0,13.0,13.0,11.0,,,,,
10-1159,Airport -> Rawai,80,10,2000,2025-11-19 16:51:19.174474,,14.0,14.0,14.0,13.0,,,,,
10-1159,Airport -> Rawai,80,11,2200,2025-11-19 16:51:19.174474,,15.0,16.0,16.0,14.0,,,,,
10-1159,Airport -> Rawai,80,12,2400,2025-11-19 16:51:19.174474,,16.0,17.0,17.0,15.0,,,,,
10-1159,Airport -> Rawai,80,13,2600,2025-11-19 16:51:19.174474,,19.0,20.0,20.0,18.0,,,,,
10-1159,Airport -> Rawai,80,14,2800,2025-11-19 16:51:19.174474,,21.0,21.0,21.0,19.0,,,,,
10-1159,Airport -> Rawai,80,15,3000,2025-11-19 16:51:19.174474,,23.0,23.0,23.0,21.0,,,,,
10-1159,Airport -> Rawai,80,16,3200,2025-11-19 16:51:19.174474,,24.0,25.0,25.0,23.0,,,,,
10-1159,Airport -> Rawai,80,17,3400,2025-11-19 16:51:19.174474,,26.0,26.0,26.0,24.0,,,,,
10-1159,Airport -> Rawai,80,18,3600,2025-11-19 16:51:19.174474,,28.0,29.0,29.0,27.0,,,,,
10-1159,Airport -> Rawai,80,19,3800,2025-11-19 16:51:19.174474,,32.0,32.0,32.0,30.0,,,,,
10-1159,Airport -> Rawai,80,20,4000,2025-11-19 16:51:19.174474,,33.0,34.0,34.0,32.0,,,,,
10-1159,Airport -> Rawai,80,21,4200,2025-11-19 16:51:19.174474,,35.0,36.0,36.0,34.0,,,,,
10-1159,Airport -> Rawai,80,22,4400,2025-11-19 16:51:19.174474,,37.0,37.0,37.0,35.0,,,,,
10-1159,Airport -> Rawai,80,23,4600,2025-11-19 16:51:19.174474,,39.0,39.0,39.0,37.0,,,,,
10-1159,Airport -> Rawai,80,24,4800,2025-11-19 16:51:19.174474,,41.0,41.0,41.0,39.0,,,,,
10-1159,Airport -> Rawai,80,25,5000,2025-11-19 16:51:19.174474,,42.0,43.0,43.0,41.0,,,,,
10-1159,Airport -> Rawai,80,26,5200,2025-11-19 16:51:19.174474,,44.0,45.0,45.0,43.0,,,,,
10-1159,Airport -> Rawai,80,27,5400,2025-11-19 16:51:19.174474,,47.0,47.0,47.0,45.0,,,,,
10-1159,Airport -> Rawai,80,28,5600,2025-11-19 16:51:19.174474,,49.0,49.0,49.0,47.0,,,,,
10-1159,Airport -> Rawai,80,29,5800,2025-11-19 16:51:19.174474,,51.0,51.0,51.0,49.0,,,,,
10-1159,Airport -> Rawai,80,30,6000,2025-11-19 16:51:19.174474,,52.0,53.0,53.0,51.0,,,,,
10-1159,Airport -> Rawai,80,31,6200,2025-11-19 16:51:19.174474,,54.0,55.0,55.0,53.0,,,,,
10-1159,Airport -> Rawai,80,32,6400,2025-11-19 16:51:19.174474,,56.0,56.0,56.0,55.0,,,,,
10-1159,Airport -> Rawai,80,33,6600,2025-11-19 16:51:19.174474,,59.0,59.0,59.0,57.0,,,,,
10-1159,Airport -> Rawai,80,34,6800,2025-11-19 16:51:19.174474,,62.0,63.0,63.0,61.0,,,,,
10-1159,Airport -> Rawai,80,35,7000,2025-11-19 16:51:19.174474,,66.0,67.0,67.0,65.0,,,,,
10-1159,Airport -> Rawai,80,36,7200,2025-11-19 16:51:19.174474,,70.0,71.0,71.0,69.0,,,,,
10-1159,Airport -> Rawai,80,37,7400,2025-11-19 16:51:19.174474,,73.0,74.0,74.0,72.0,,,,,
10-1159,Airport -> Rawai,80,38,7600,2025-11-19 16:51:19.174474,,75.0,76.0,76.0,74.0,,,,,
10-1159,Airport -> Rawai,80,39,7800,2025-11-19 16:51:19.174474,,77.0,77.0,77.0,75.0,,,,,
10-1159,Airport -> Rawai,80,40,8000,2025-11-19 16:51:19.174474,,78.0,79.0,79.0,77.0,,,,,
10-1159,Airport -> Rawai,80,41,8200,2025-11-19 16:51:19.174474,,80.0,80.0,80.0,78.0,,,,,
10-1159,Airport -> Rawai,80,42,8400,2025-11-19 16:51:19.174474,,82.0,82.0,82.0,80.0,,,,,
10-1159,Airport -> Rawai,80,43,8600,2025-11-19 16:51:19.174474,,84.0,85.0,85.0,83.0,,,,,
10-1159,Airport -> Rawai,80,44,8800,2025-11-19 16:51:19.174474,,86.0,87.0,87.0,85.0,,,,,
10-1159,Airport -> Rawai,80,45,9000,2025-11-19 16:51:19.174474,,89.0,89.0,89.0,88.0,,,,,
10-1159,Airport -> Rawai,80,46,9200,2025-11-19 16:51:19.174474,,92.0,92.0,92.0,90.0,,,,,
10-1159,Airport -> Rawai,80,47,9400,2025-11-19 16:51:19.174474,,95.0,95.0,95.0,93.0,,,,,
10-1159,Airport -> Rawai,80,48,9600,2025-11-19 16:51:19.174474,,96.0,97.0,97.0,95.0,,,,,
10-1159,Airport -> Rawai,80,49,9800,2025-11-19 16:51:19.174474,,98.0,99.0,99.0,97.0,,,,,
10-1159,Airport -> Rawai,80,50,10000,2025-11-19 16:51:19.174474,,100.0,101.0,101.0,99.0,,,,,
10-1159,Airport -> Rawai,80,51,10200,2025-11-19 16:51:19.174474,,102.0,102.0,102.0,100.0,,,,,
10-1159,Airport -> Rawai,80,52,10400,2025-11-19 16:51:19.174474,,104.0,104.0,104.0,102.0,,,,,
10-1159,Airport -> Rawai,80,53,10600,2025-11-19 16:51:19.174474,,106.0,106.0,106.0,105.0,,,,,
10-1159,Airport -> Rawai,80,54,10800,2025-11-19 16:51:19.174474,,108.0,108.0,108.0,106.0,,,,,
10-1159,Airport -> Rawai,80,54,10889,2025-11-19 16:51:19.174474,,109.0,110.0,110.0,108.0,,,,,
10-1264,Patong -> Bus 1 -> Bus 2,3421,18,3600,2025-11-19 17:02:22.771138,2025-11-19 17:09:26.429337,2.0,,,,,,,,
10-1264,Patong -> Bus 1 -> Bus 2,3421,19,3800,2025-11-19 17:02:22.771138,2025-11-19 17:09:26.429337,11.0,,,,,,,,
10-1264,Patong -> Bus 1 -> Bus 2,3421,20,4000,2025-11-19 17:02:22.771138,2025-11-19 17:40:12.283156,13.0,,,,,,,,
10-1264,Patong -> Bus 1 -> Bus 2,3421,21,4200,2025-11-19 17:02:22.771138,2025-11-19 17:41:12.837300,15.0,0.0,0.0,,,,,,
10-1264,Patong -> Bus 1 -> Bus 2,3421,22,4400,2025-11-19 17:02:22.771138,2025-11-19 17:46:15.354407,18.0,3.0,3.0,,,,,,
10-1264,Patong -> Bus 1 -> Bus 2,3421,23,4600,2025-11-19 17:02:22.771138,2025-11-19 17:49:16.941589,19.0,4.0,4.0,0.0,,,,,
10-1264,Patong -> Bus 1 -> Bus 2,3421,24,4800,2025-11-19 17:02:22.771138,,21.0,6.0,6.0,2.0,0.0,,,,
10-1264,Patong -> Bus 1 -> Bus 2,3421,25,5000,2025-11-19 17:02:22.771138,,23.0,8.0,8.0,4.0,2.0,,,,
10-1264,Patong -> Bus 1 -> Bus 2,3421,26,5200,2025-11-19 17:02:22.771138,,24.0,10.0,10.0,5.0,4.0,,,,
10-1264,Patong -> Bus 1 -> Bus 2,3421,26,5301,2025-11-19 17:02:22.771138,,26.0,11.0,11.0,6.0,5.0,,,,
10-1149,Airport -> Rawai,0,1,200,2025-11-19 17:02:25.291089,2025-11-19 17:08:59.236673,2.0,,,,,,,,
10-1149,Airport -> Rawai,0,2,400,2025-11-19 17:02:25.291089,2025-11-19 17:13:01.439259,4.0,,,,,,,,
10-1149,Airport -> Rawai,0,3,600,2025-11-19 17:02:25.291089,,6.0,1.0,5.0,5.0,5.0,,,,
10-1149,Airport -> Rawai,0,4,800,2025-11-19 17:02:25.291089,,7.0,2.0,6.0,6.0,6.0,,,,
10-1149,Airport -> Rawai,0,5,1000,2025-11-19 17:02:25.291089,,9.0,4.0,8.0,8.0,8.0,,,,
10-1149,Airport -> Rawai,0,6,1200,2025-11-19 17:02:25.291089,,10.0,5.0,9.0,9.0,9.0,,,,
10-1149,Airport -> Rawai,0,7,1400,2025-11-19 17:02:25.291089,,11.0,6.0,10.0,10.0,10.0,,,,
10-1149,Airport -> Rawai,0,8,1600,2025-11-19 17:02:25.291089,,12.0,7.0,12.0,12.0,12.0,,,,
10-1149,Airport -> Rawai,0,9,1800,2025-11-19 17:02:25.291089,,14.0,9.0,13.0,13.0,13.0,,,,
10-1149,Airport -> Rawai,0,10,2000,2025-11-19 17:02:25.291089,,15.0,10.0,14.0,14.0,14.0,,,,
10-1149,Airport -> Rawai,0,11,2200,2025-11-19 17:02:25.291089,,16.0,11.0,15.0,15.0,15.0,,,,
10-1149,Airport -> Rawai,0,12,2400,2025-11-19 17:02:25.291089,,17.0,12.0,17.0,17.0,17.0,,,,
10-1149,Airport -> Rawai,0,13,2600,2025-11-19 17:02:25.291089,,20.0,15.0,19.0,19.0,19.0,,,,
10-1149,Airport -> Rawai,0,14,2800,2025-11-19 17:02:25.291089,,22.0,17.0,21.0,21.0,21.0,,,,
10-1149,Airport -> Rawai,0,15,3000,2025-11-19 17:02:25.291089,,24.0,19.0,23.0,23.0,23.0,,,,
10-1149,Airport -> Rawai,0,16,3200,2025-11-19 17:02:25.291089,,25.0,20.0,25.0,25.0,25.0,,,,
10-1149,Airport -> Rawai,0,17,3400,2025-11-19 17:02:25.291089,,27.0,22.0,26.0,26.0,26.0,,,,
10-1149,Airport -> Rawai,0,18,3600,2025-11-19 17:02:25.291089,,29.0,24.0,29.0,29.0,29.0,,,,
10-1149,Airport -> Rawai,0,19,3800,2025-11-19 17:02:25.291089,,33.0,28.0,32.0,32.0,32.0,,,,
10-1149,Airport -> Rawai,0,20,4000,2025-11-19 17:02:25.291089,,34.0,29.0,34.0,34.0,34.0,,,,
10-1149,Airport -> Rawai,0,21,4200,2025-11-19 17:02:25.291089,,36.0,31.0,36.0,36.0,36.0,,,,
10-1149,Airport -> Rawai,0,22,4400,2025-11-19 17:02:25.291089,,38.0,33.0,37.0,37.0,37.0,,,,
10-1149,Airport -> Rawai,0,23,4600,2025-11-19 17:02:25.291089,,40.0,35.0,39.0,39.0,39.0,,,,
10-1149,Airport -> Rawai,0,24,4800,2025-11-19 17:02:25.291089,,42.0,37.0,41.0,41.0,41.0,,,,
10-1149,Airport -> Rawai,0,25,5000,2025-11-19 17:02:25.291089,,43.0,38.0,43.0,43.0,43.0,,,,
10-1149,Airport -> Rawai,0,26,5200,2025-11-19 17:02:25.291089,,45.0,40.0,45.0,45.0,45.0,,,,
10-1149,Airport -> Rawai,0,27,5400,2025-11-19 17:02:25.291089,,48.0,43.0,47.0,47.0,47.0,,,,
10-1149,Airport -> Rawai,0,28,5600,2025-11-19 17:02:25.291089,,50.0,45.0,49.0,49.0,49.0,,,,
10-1149,Airport -> Rawai,0,29,5800,2025-11-19 17:02:25.291089,,52.0,47.0,51.0,51.0,51.0,,,,
10-1149,Airport -> Rawai,0,30,6000,2025-11-19 17:02:25.291089,,53.0,48.0,53.0,53.0,53.0,,,,
10-1149,Airport -> Rawai,0,31,6200,2025-11-19 17:02:25.291089,,55.0,50.0,55.0,55.0,55.0,,,,
10-1149,Airport -> Rawai,0,32,6400,2025-11-19 17:02:25.291089,,57.0,52.0,56.0,56.0,56.0,,,,
10-1149,Airport -> Rawai,0,33,6600,2025-11-19 17:02:25.291089,,60.0,55.0,59.0,59.0,59.0,,,,
10-1149,Airport -> Rawai,0,34,6800,2025-11-19 17:02:25.291089,,63.0,58.0,62.0,62.0,62.0,,,,
10-1149,Airport -> Rawai,0,35,7000,2025-11-19 17:02:25.291089,,67.0,62.0,66.0,66.0,66.0,,,,
10-1149,Airport -> Rawai,0,36,7200,2025-11-19 17:02:25.291089,,71.0,66.0,70.0,70.0,70.0,,,,
10-1149,Airport -> Rawai,0,37,7400,2025-11-19 17:02:25.291089,,75.0,70.0,74.0,74.0,74.0,,,,
10-1149,Airport -> Rawai,0,38,7600,2025-11-19 17:02:25.291089,,76.0,71.0,76.0,76.0,76.0,,,,
10-1149,Airport -> Rawai,0,39,7800,2025-11-19 17:02:25.291089,,78.0,73.0,77.0,77.0,77.0,,,,
10-1149,Airport -> Rawai,0,40,8000,2025-11-19 17:02:25.291089,,79.0,74.0,78.0,78.0,78.0,,,,
10-1149,Airport -> Rawai,0,41,8200,2025-11-19 17:02:25.291089,,81.0,76.0,80.0,80.0,80.0,,,,
10-1149,Airport -> Rawai,0,42,8400,2025-11-19 17:02:25.291089,,83.0,78.0,82.0,82.0,82.0,,,,
10-1149,Airport -> Rawai,0,43,8600,2025-11-19 17:02:25.291089,,85.0,80.0,84.0,84.0,84.0,,,,
10-1149,Airport -> Rawai,0,44,8800,2025-11-19 17:02:25.291089,,87.0,82.0,86.0,86.0,86.0,,,,
10-1149,Airport -> Rawai,0,45,9000,2025-11-19 17:02:25.291089,,90.0,85.0,89.0,89.0,89.0,,,,
10-1149,Airport -> Rawai,0,46,9200,2025-11-19 17:02:25.291089,,93.0,88.0,92.0,92.0,92.0,,,,
10-1149,Airport -> Rawai,0,47,9400,2025-11-19 17:02:25.291089,,96.0,91.0,95.0,95.0,95.0,,,,
10-1149,Airport -> Rawai,0,48,9600,2025-11-19 17:02:25.291089,,97.0,92.0,96.0,96.0,96.0,,,,
10-1149,Airport -> Rawai,0,49,9800,2025-11-19 17:02:25.291089,,99.0,94.0,98.0,98.0,98.0,,,,
10-1149,Airport -> Rawai,0,50,10000,2025-11-19 17:02:25.291089,,101.0,96.0,100.0,100.0,100.0,,,,
10-1149,Airport -> Rawai,0,51,10200,2025-11-19 17:02:25.291089,,103.0,98.0,102.0,102.0,102.0,,,,
10-1149,Airport -> Rawai,0,52,10400,2025-11-19 17:02:25.291089,,105.0,100.0,104.0,104.0,104.0,,,,
10-1149,Airport -> Rawai,0,53,10600,2025-11-19 17:02:25.291089,,107.0,102.0,106.0,106.0,106.0,,,,
10-1149,Airport -> Rawai,0,54,10800,2025-11-19 17:02:25.291089,,109.0,104.0,108.0,108.0,108.0,,,,
10-1149,Airport -> Rawai,0,54,10889,2025-11-19 17:02:25.291089,,110.0,105.0,110.0,110.0,110.0,,,,
10-1205,Airport -> Rawai,3672,19,3800,2025-11-19 17:02:55.709916,,12.0,13.0,,,,,,,
10-1205,Airport -> Rawai,3672,20,4000,2025-11-19 17:02:55.709916,,14.0,15.0,,,,,,,
10-1205,Airport -> Rawai,3672,21,4200,2025-11-19 17:02:55.709916,,16.0,17.0,,,,,,,
10-1205,Airport -> Rawai,3672,22,4400,2025-11-19 17:02:55.709916,,17.0,18.0,,,,,,,
10-1205,Airport -> Rawai,3672,23,4600,2025-11-19 17:02:55.709916,,19.0,20.0,,,,,,,
10-1205,Airport -> Rawai,3672,24,4800,2025-11-19 17:02:55.709916,,21.0,22.0,,,,,,,
10-1205,Airport -> Rawai,3672,25,5000,2025-11-19 17:02:55.709916,,23.0,24.0,,,,,,,
10-1205,Airport -> Rawai,3672,26,5200,2025-11-19 17:02:55.709916,,25.0,26.0,,,,,,,
10-1205,Airport -> Rawai,3672,27,5400,2025-11-19 17:02:55.709916,,27.0,28.0,,,,,,,
10-1205,Airport -> Rawai,3672,28,5600,2025-11-19 17:02:55.709916,,29.0,30.0,,,,,,,
10-1205,Airport -> Rawai,3672,29,5800,2025-11-19 17:02:55.709916,,31.0,32.0,,,,,,,
10-1205,Airport -> Rawai,3672,30,6000,2025-11-19 17:02:55.709916,,33.0,34.0,,,,,,,
10-1205,Airport -> Rawai,3672,31,6200,2025-11-19 17:02:55.709916,,35.0,36.0,,,,,,,
10-1205,Airport -> Rawai,3672,32,6400,2025-11-19 17:02:55.709916,,36.0,37.0,,,,,,,
10-1205,Airport -> Rawai,3672,33,6600,2025-11-19 17:02:55.709916,,39.0,40.0,,,,,,,
10-1205,Airport -> Rawai,3672,34,6800,2025-11-19 17:02:55.709916,,42.0,44.0,,,,,,,
10-1205,Airport -> Rawai,3672,35,7000,2025-11-19 17:02:55.709916,,46.0,48.0,,,,,,,
10-1205,Airport -> Rawai,3672,36,7200,2025-11-19 17:02:55.709916,,50.0,52.0,,,,,,,
10-1205,Airport -> Rawai,3672,37,7400,2025-11-19 17:02:55.709916,,54.0,55.0,,,,,,,
10-1205,Airport -> Rawai,3672,38,7600,2025-11-19 17:02:55.709916,,56.0,57.0,,,,,,,
10-1205,Airport -> Rawai,3672,39,7800,2025-11-19 17:02:55.709916,,57.0,58.0,,,,,,,
10-1205,Airport -> Rawai,3672,40,8000,2025-11-19 17:02:55.709916,,59.0,60.0,,,,,,,
10-1205,Airport -> Rawai,3672,41,8200,2025-11-19 17:02:55.709916,,60.0,61.0,,,,,,,
10-1205,Airport -> Rawai,3672,42,8400,2025-11-19 17:02:55.709916,,62.0,63.0,,,,,,,
10-1205,Airport -> Rawai,3672,43,8600,2025-11-19 17:02:55.709916,,65.0,66.0,,,,,,,
10-1205,Airport -> Rawai,3672,44,8800,2025-11-19 17:02:55.709916,,66.0,68.0,,,,,,,
10-1205,Airport -> Rawai,3672,45,9000,2025-11-19 17:02:55.709916,,69.0,70.0,,,,,,,
10-1205,Airport -> Rawai,3672,46,9200,2025-11-19 17:02:55.709916,,72.0,73.0,,,,,,,
10-1205,Airport -> Rawai,3672,47,9400,2025-11-19 17:02:55.709916,,75.0,76.0,,,,,,,
10-1205,Airport -> Rawai,3672,48,9600,2025-11-19 17:02:55.709916,,77.0,78.0,,,,,,,
10-1205,Airport -> Rawai,3672,49,9800,2025-11-19 17:02:55.709916,,79.0,80.0,,,,,,,
10-1205,Airport -> Rawai,3672,50,10000,2025-11-19 17:02:55.709916,,81.0,82.0,,,,,,,
10-1205,Airport -> Rawai,3672,51,10200,2025-11-19 17:02:55.709916,,82.0,83.0,,,,,,,
10-1205,Airport -> Rawai,3672,52,10400,2025-11-19 17:02:55.709916,,84.0,85.0,,,,,,,
10-1205,Airport -> Rawai,3672,53,10600,2025-11-19 17:02:55.709916,,86.0,87.0,,,,,,,
10-1205,Airport -> Rawai,3672,54,10800,2025-11-19 17:02:55.709916,,88.0,89.0,,,,,,,
10-1205,Airport -> Rawai,3672,54,10889,2025-11-19 17:02:55.709916,,90.0,91.0,,,,,,,
10-1196,Airport -> Rawai,83,1,200,2025-11-19 17:09:59.729046,2025-11-19 17:16:03.026207,1.0,,,,,,,,
10-1196,Airport -> Rawai,83,2,400,2025-11-19 17:09:59.729046,2025-11-19 17:20:05.082747,3.0,,,,,,,,
10-1196,Airport -> Rawai,83,3,600,2025-11-19 17:09:59.729046,,5.0,,,,,,,,
10-1196,Airport -> Rawai,83,4,800,2025-11-19 17:09:59.729046,,6.0,,,,,,,,
10-1196,Airport -> Rawai,83,5,1000,2025-11-19 17:09:59.729046,,8.0,,,,,,,,
10-1196,Airport -> Rawai,83,6,1200,2025-11-19 17:09:59.729046,,9.0,,,,,,,,
10-1196,Airport -> Rawai,83,7,1400,2025-11-19 17:09:59.729046,,10.0,,,,,,,,
10-1196,Airport -> Rawai,83,8,1600,2025-11-19 17:09:59.729046,,11.0,,,,,,,,
10-1196,Airport -> Rawai,83,9,1800,2025-11-19 17:09:59.729046,,12.0,,,,,,,,
10-1196,Airport -> Rawai,83,10,2000,2025-11-19 17:09:59.729046,,14.0,,,,,,,,
10-1196,Airport -> Rawai,83,11,2200,2025-11-19 17:09:59.729046,,15.0,,,,,,,,
10-1196,Airport -> Rawai,83,12,2400,2025-11-19 17:09:59.729046,,16.0,,,,,,,,
10-1196,Airport -> Rawai,83,13,2600,2025-11-19 17:09:59.729046,,19.0,,,,,,,,
10-1196,Airport -> Rawai,83,14,2800,2025-11-19 17:09:59.729046,,20.0,,,,,,,,
10-1196,Airport -> Rawai,83,15,3000,2025-11-19 17:09:59.729046,,23.0,,,,,,,,
10-1196,Airport -> Rawai,83,16,3200,2025-11-19 17:09:59.729046,,24.0,,,,,,,,
10-1196,Airport -> Rawai,83,17,3400,2025-11-19 17:09:59.729046,,26.0,,,,,,,,
10-1196,Airport -> Rawai,83,18,3600,2025-11-19 17:09:59.729046,,28.0,,,,,,,,
10-1196,Airport -> Rawai,83,19,3800,2025-11-19 17:09:59.729046,,31.0,,,,,,,,
10-1196,Airport -> Rawai,83,20,4000,2025-11-19 17:09:59.729046,,33.0,,,,,,,,
10-1196,Airport -> Rawai,83,21,4200,2025-11-19 17:09:59.729046,,35.0,,,,,,,,
10-1196,Airport -> Rawai,83,22,4400,2025-11-19 17:09:59.729046,,37.0,,,,,,,,
10-1196,Airport -> Rawai,83,23,4600,2025-11-19 17:09:59.729046,,39.0,,,,,,,,
10-1196,Airport -> Rawai,83,24,4800,2025-11-19 17:09:59.729046,,41.0,,,,,,,,
10-1196,Airport -> Rawai,83,25,5000,2025-11-19 17:09:59.729046,,42.0,,,,,,,,
10-1196,Airport -> Rawai,83,26,5200,2025-11-19 17:09:59.729046,,44.0,,,,,,,,
10-1196,Airport -> Rawai,83,27,5400,2025-11-19 17:09:59.729046,,47.0,,,,,,,,
10-1196,Airport -> Rawai,83,28,5600,2025-11-19 17:09:59.729046,,49.0,,,,,,,,
10-1196,Airport -> Rawai,83,29,5800,2025-11-19 17:09:59.729046,,51.0,,,,,,,,
10-1196,Airport -> Rawai,83,30,6000,2025-11-19 17:09:59.729046,,52.0,,,,,,,,
10-1196,Airport -> Rawai,83,31,6200,2025-11-19 17:09:59.729046,,54.0,,,,,,,,
10-1196,Airport -> Rawai,83,32,6400,2025-11-19 17:09:59.729046,,56.0,,,,,,,,
10-1196,Airport -> Rawai,83,33,6600,2025-11-19 17:09:59.729046,,59.0,,,,,,,,
10-1196,Airport -> Rawai,83,34,6800,2025-11-19 17:09:59.729046,,62.0,,,,,,,,
10-1196,Airport -> Rawai,83,35,7000,2025-11-19 17:09:59.729046,,66.0,,,,,,,,
10-1196,Airport -> Rawai,83,36,7200,2025-11-19 17:09:59.729046,,70.0,,,,,,,,
10-1196,Airport -> Rawai,83,37,7400,2025-11-19 17:09:59.729046,,73.0,,,,,,,,
10-1196,Airport -> Rawai,83,38,7600,2025-11-19 17:09:59.729046,,75.0,,,,,,,,
10-1196,Airport -> Rawai,83,39,7800,2025-11-19 17:09:59.729046,,77.0,,,,,,,,
10-1196,Airport -> Rawai,83,40,8000,2025-11-19 17:09:59.729046,,78.0,,,,,,,,
10-1196,Airport -> Rawai,83,41,8200,2025-11-19 17:09:59.729046,,80.0,,,,,,,,
10-1196,Airport -> Rawai,83,42,8400,2025-11-19 17:09:59.729046,,82.0,,,,,,,,
10-1196,Airport -> Rawai,83,43,8600,2025-11-19 17:09:59.729046,,84.0,,,,,,,,
10-1196,Airport -> Rawai,83,44,8800,2025-11-19 17:09:59.729046,,86.0,,,,,,,,
10-1196,Airport -> Rawai,83,45,9000,2025-11-19 17:09:59.729046,,89.0,,,,,,,,
10-1196,Airport -> Rawai,83,46,9200,2025-11-19 17:09:59.729046,,92.0,,,,,,,,
10-1196,Airport -> Rawai,83,47,9400,2025-11-19 17:09:59.729046,,95.0,,,,,,,,
10-1196,Airport -> Rawai,83,48,9600,2025-11-19 17:09:59.729046,,96.0,,,,,,,,
10-1196,Airport -> Rawai,83,49,9800,2025-11-19 17:09:59.729046,,98.0,,,,,,,,
10-1196,Airport -> Rawai,83,50,10000,2025-11-19 17:09:59.729046,,100.0,,,,,,,,
10-1196,Airport -> Rawai,83,51,10200,2025-11-19 17:09:59.729046,,102.0,,,,,,,,
10-1196,Airport -> Rawai,83,52,10400,2025-11-19 17:09:59.729046,,104.0,,,,,,,,
10-1196,Airport -> Rawai,83,53,10600,2025-11-19 17:09:59.729046,,106.0,,,,,,,,
10-1196,Airport -> Rawai,83,54,10800,2025-11-19 17:09:59.729046,,108.0,,,,,,,,
10-1196,Airport -> Rawai,83,54,10889,2025-11-19 17:09:59.729046,,109.0,,,,,,,,
10-1221,Bus 2 -> Bus 1 -> Patong,1815,10,2000,2025-11-19 17:13:58.904310,2025-11-19 17:40:12.341914,2.0,0.0,,,,,,,
10-1221,Bus 2 -> Bus 1 -> Patong,1815,11,2200,2025-11-19 17:13:58.904310,2025-11-19 17:51:18.481174,5.0,3.0,3.0,,,,,,
10-1221,Bus 2 -> Bus 1 -> Patong,1815,12,2400,2025-11-19 17:13:58.904310,,8.0,6.0,6.0,1.0,,,,,
10-1221,Bus 2 -> Bus 1 -> Patong,1815,13,2600,2025-11-19 17:13:58.904310,,11.0,9.0,8.0,4.0,,,,,
10-1221,Bus 2 -> Bus 1 -> Patong,1815,14,2800,2025-11-19 17:13:58.904310,,13.0,12.0,11.0,7.0,,,,,
10-1221,Bus 2 -> Bus 1 -> Patong,1815,15,3000,2025-11-19 17:13:58.904310,,15.0,14.0,13.0,9.0,,,,,
10-1221,Bus 2 -> Bus 1 -> Patong,1815,16,3200,2025-11-19 17:13:58.904310,,17.0,15.0,14.0,10.0,,,,,
10-1221,Bus 2 -> Bus 1 -> Patong,1815,17,3400,2025-11-19 17:13:58.904310,,19.0,17.0,16.0,12.0,,,,,
10-1221,Bus 2 -> Bus 1 -> Patong,1815,18,3600,2025-11-19 17:13:58.904310,,20.0,19.0,18.0,14.0,,,,,
10-1221,Bus 2 -> Bus 1 -> Patong,1815,19,3800,2025-11-19 17:13:58.904310,,23.0,21.0,20.0,16.0,,,,,
10-1221,Bus 2 -> Bus 1 -> Patong,1815,20,4000,2025-11-19 17:13:58.904310,,24.0,23.0,22.0,18.0,,,,,
10-1221,Bus 2 -> Bus 1 -> Patong,1815,21,4200,2025-11-19 17:13:58.904310,,27.0,25.0,25.0,20.0,,,,,
10-1221,Bus 2 -> Bus 1 -> Patong,1815,22,4400,2025-11-19 17:13:58.904310,,30.0,28.0,27.0,23.0,,,,,
10-1221,Bus 2 -> Bus 1 -> Patong,1815,23,4600,2025-11-19 17:13:58.904310,,34.0,32.0,31.0,27.0,,,,,
10-1221,Bus 2 -> Bus 1 -> Patong,1815,24,4800,2025-11-19 17:13:58.904310,,37.0,35.0,35.0,30.0,,,,,
10-1221,Bus 2 -> Bus 1 -> Patong,1815,25,5000,2025-11-19 17:13:58.904310,,40.0,39.0,38.0,34.0,,,,,
10-1221,Bus 2 -> Bus 1 -> Patong,1815,26,5200,2025-11-19 17:13:58.904310,,43.0,42.0,41.0,37.0,,,,,
10-1221,Bus 2 -> Bus 1 -> Patong,1815,26,5296,2025-11-19 17:13:58.904310,,45.0,43.0,42.0,38.0,,,,,
10-1204,Airport -> Rawai,10886,54,10889,2025-11-19 17:22:06.077702,,0.0,,,,,,,,
10-1205,Airport -> Rawai,2602,14,2800,2025-11-19 17:23:06.554515,,1.0,2.0,,,,,,,
10-1205,Airport -> Rawai,2602,15,3000,2025-11-19 17:23:06.554515,,3.0,4.0,,,,,,,
10-1205,Airport -> Rawai,2602,16,3200,2025-11-19 17:23:06.554515,,5.0,6.0,,,,,,,
10-1205,Airport -> Rawai,2602,17,3400,2025-11-19 17:23:06.554515,,6.0,7.0,,,,,,,
10-1205,Airport -> Rawai,2602,18,3600,2025-11-19 17:23:06.554515,,9.0,10.0,,,,,,,
10-1205,Airport -> Rawai,2602,19,3800,2025-11-19 17:23:06.554515,,12.0,13.0,,,,,,,
10-1205,Airport -> Rawai,2602,20,4000,2025-11-19 17:23:06.554515,,14.0,15.0,,,,,,,
10-1205,Airport -> Rawai,2602,21,4200,2025-11-19 17:23:06.554515,,16.0,17.0,,,,,,,
10-1205,Airport -> Rawai,2602,22,4400,2025-11-19 17:23:06.554515,,17.0,18.0,,,,,,,
10-1205,Airport -> Rawai,2602,23,4600,2025-11-19 17:23:06.554515,,19.0,20.0,,,,,,,
10-1205,Airport -> Rawai,2602,24,4800,2025-11-19 17:23:06.554515,,21.0,22.0,,,,,,,
10-1205,Airport -> Rawai,2602,25,5000,2025-11-19 17:23:06.554515,,23.0,24.0,,,,,,,
10-1205,Airport -> Rawai,2602,26,5200,2025-11-19 17:23:06.554515,,25.0,26.0,,,,,,,
10-1205,Airport -> Rawai,2602,27,5400,2025-11-19 17:23:06.554515,,27.0,28.0,,,,,,,
10-1205,Airport -> Rawai,2602,28,5600,2025-11-19 17:23:06.554515,,29.0,30.0,,,,,,,
10-1205,Airport -> Rawai,2602,29,5800,2025-11-19 17:23:06.554515,,31.0,32.0,,,,,,,
10-1205,Airport -> Rawai,2602,30,6000,2025-11-19 17:23:06.554515,,33.0,34.0,,,,,,,
10-1205,Airport -> Rawai,2602,31,6200,2025-11-19 17:23:06.554515,,35.0,36.0,,,,,,,
10-1205,Airport -> Rawai,2602,32,6400,2025-11-19 17:23:06.554515,,36.0,37.0,,,,,,,
10-1205,Airport -> Rawai,2602,33,6600,2025-11-19 17:23:06.554515,,39.0,40.0,,,,,,,
10-1205,Airport -> Rawai,2602,34,6800,2025-11-19 17:23:06.554515,,42.0,44.0,,,,,,,
10-1205,Airport -> Rawai,2602,35,7000,2025-11-19 17:23:06.554515,,46.0,48.0,,,,,,,
10-1205,Airport -> Rawai,2602,36,7200,2025-11-19 17:23:06.554515,,50.0,52.0,,,,,,,
10-1205,Airport -> Rawai,2602,37,7400,2025-11-19 17:23:06.554515,,54.0,55.0,,,,,,,
10-1205,Airport -> Rawai,2602,38,7600,2025-11-19 17:23:06.554515,,56.0,57.0,,,,,,,
10-1205,Airport -> Rawai,2602,39,7800,2025-11-19 17:23:06.554515,,57.0,58.0,,,,,,,
10-1205,Airport -> Rawai,2602,40,8000,2025-11-19 17:23:06.554515,,59.0,60.0,,,,,,,
10-1205,Airport -> Rawai,2602,41,8200,2025-11-19 17:23:06.554515,,60.0,61.0,,,,,,,
10-1205,Airport -> Rawai,2602,42,8400,2025-11-19 17:23:06.554515,,62.0,63.0,,,,,,,
10-1205,Airport -> Rawai,2602,43,8600,2025-11-19 17:23:06.554515,,65.0,66.0,,,,,,,
10-1205,Airport -> Rawai,2602,44,8800,2025-11-19 17:23:06.554515,,66.0,68.0,,,,,,,
10-1205,Airport -> Rawai,2602,45,9000,2025-11-19 17:23:06.554515,,69.0,70.0,,,,,,,
10-1205,Airport -> Rawai,2602,46,9200,2025-11-19 17:23:06.554515,,72.0,73.0,,,,,,,
10-1205,Airport -> Rawai,2602,47,9400,2025-11-19 17:23:06.554515,,75.0,76.0,,,,,,,
10-1205,Airport -> Rawai,2602,48,9600,2025-11-19 17:23:06.554515,,77.0,78.0,,,,,,,
10-1205,Airport -> Rawai,2602,49,9800,2025-11-19 17:23:06.554515,,79.0,80.0,,,,,,,
10-1205,Airport -> Rawai,2602,50,10000,2025-11-19 17:23:06.554515,,81.0,82.0,,,,,,,
10-1205,Airport -> Rawai,2602,51,10200,2025-11-19 17:23:06.554515,,82.0,83.0,,,,,,,
10-1205,Airport -> Rawai,2602,52,10400,2025-11-19 17:23:06.554515,,84.0,85.0,,,,,,,
10-1205,Airport -> Rawai,2602,53,10600,2025-11-19 17:23:06.554515,,86.0,87.0,,,,,,,
10-1205,Airport -> Rawai,2602,54,10800,2025-11-19 17:23:06.554515,,88.0,89.0,,,,,,,
10-1205,Airport -> Rawai,2602,54,10889,2025-11-19 17:23:06.554515,,90.0,91.0,,,,,,,
10-1204,Rawai -> Airport,107,1,200,2025-11-19 17:24:06.576449,2025-11-19 17:25:07.309774,1.0,,,,,,,,
10-1204,Rawai -> Airport,107,2,400,2025-11-19 17:24:06.576449,2025-11-19 17:27:08.292602,3.0,,,,,,,,
10-1204,Rawai -> Airport,107,3,600,2025-11-19 17:24:06.576449,2025-11-19 17:30:10.153606,5.0,,,,,,,,
10-1204,Rawai -> Airport,107,4,800,2025-11-19 17:24:06.576449,2025-11-19 17:32:11.171846,7.0,,,,,,,,
10-1204,Rawai -> Airport,107,5,1000,2025-11-19 17:24:06.576449,2025-11-19 17:33:11.688408,9.0,,,,,,,,
10-1204,Rawai -> Airport,107,6,1200,2025-11-19 17:24:06.576449,2025-11-19 17:35:12.928655,11.0,,,,,,,,
10-1204,Rawai -> Airport,107,7,1400,2025-11-19 17:24:06.576449,2025-11-19 17:39:15.016059,13.0,,,,,,,,
10-1204,Rawai -> Airport,107,8,1600,2025-11-19 17:24:06.576449,2025-11-19 17:39:15.016059,14.0,,,,,,,,
10-1204,Rawai -> Airport,107,9,1800,2025-11-19 17:24:06.576449,2025-11-19 17:42:16.905240,17.0,1.0,,,,,,,
10-1204,Rawai -> Airport,107,10,2000,2025-11-19 17:24:06.576449,2025-11-19 17:45:18.514748,20.0,4.0,,,,,,,
10-1204,Rawai -> Airport,107,11,2200,2025-11-19 17:24:06.576449,2025-11-19 17:48:19.984942,23.0,7.0,,,,,,,
10-1204,Rawai -> Airport,107,12,2400,2025-11-19 17:24:06.576449,2025-11-19 17:50:21.258686,25.0,9.0,,,,,,,
10-1204,Rawai -> Airport,107,13,2600,2025-11-19 17:24:06.576449,2025-11-19 17:55:24.216968,27.0,12.0,0.0,,,,,,
10-1204,Rawai -> Airport,107,14,2800,2025-11-19 17:24:06.576449,2025-11-19 17:55:54.530943,29.0,14.0,2.0,,,,,,
10-1204,Rawai -> Airport,107,15,3000,2025-11-19 17:24:06.576449,2025-11-19 17:57:55.725419,31.0,15.0,3.0,,,,,,
10-1204,Rawai -> Airport,107,16,3200,2025-11-19 17:24:06.576449,2025-11-19 17:59:56.700772,32.0,17.0,5.0,,,,,,
10-1204,Rawai -> Airport,107,17,3400,2025-11-19 17:24:06.576449,,34.0,18.0,6.0,,,,,,
10-1204,Rawai -> Airport,107,18,3600,2025-11-19 17:24:06.576449,,35.0,20.0,8.0,,,,,,
10-1204,Rawai -> Airport,107,19,3800,2025-11-19 17:24:06.576449,,39.0,23.0,12.0,,,,,,
10-1204,Rawai -> Airport,107,20,4000,2025-11-19 17:24:06.576449,,42.0,27.0,15.0,,,,,,
10-1204,Rawai -> Airport,107,21,4200,2025-11-19 17:24:06.576449,,45.0,29.0,18.0,,,,,,
10-1204,Rawai -> Airport,107,22,4400,2025-11-19 17:24:06.576449,,47.0,31.0,19.0,,,,,,
10-1204,Rawai -> Airport,107,23,4600,2025-11-19 17:24:06.576449,,49.0,33.0,21.0,,,,,,
10-1204,Rawai -> Airport,107,24,4800,2025-11-19 17:24:06.576449,,50.0,35.0,23.0,,,,,,
10-1204,Rawai -> Airport,107,25,5000,2025-11-19 17:24:06.576449,,52.0,37.0,25.0,,,,,,
10-1204,Rawai -> Airport,107,26,5200,2025-11-19 17:24:06.576449,,54.0,39.0,27.0,,,,,,
10-1204,Rawai -> Airport,107,27,5400,2025-11-19 17:24:06.576449,,57.0,41.0,29.0,,,,,,
10-1204,Rawai -> Airport,107,28,5600,2025-11-19 17:24:06.576449,,59.0,43.0,31.0,,,,,,
10-1204,Rawai -> Airport,107,29,5800,2025-11-19 17:24:06.576449,,60.0,45.0,33.0,,,,,,
10-1204,Rawai -> Airport,107,30,6000,2025-11-19 17:24:06.576449,,62.0,47.0,35.0,,,,,,
10-1204,Rawai -> Airport,107,31,6200,2025-11-19 17:24:06.576449,,64.0,48.0,37.0,,,,,,
10-1204,Rawai -> Airport,107,32,6400,2025-11-19 17:24:06.576449,,66.0,50.0,38.0,,,,,,
10-1204,Rawai -> Airport,107,33,6600,2025-11-19 17:24:06.576449,,68.0,52.0,40.0,,,,,,
10-1204,Rawai -> Airport,107,34,6800,2025-11-19 17:24:06.576449,,69.0,54.0,42.0,,,,,,
10-1204,Rawai -> Airport,107,35,7000,2025-11-19 17:24:06.576449,,73.0,58.0,46.0,,,,,,
10-1204,Rawai -> Airport,107,36,7200,2025-11-19 17:24:06.576449,,77.0,62.0,50.0,,,,,,
10-1204,Rawai -> Airport,107,37,7400,2025-11-19 17:24:06.576449,,81.0,65.0,53.0,,,,,,
10-1204,Rawai -> Airport,107,38,7600,2025-11-19 17:24:06.576449,,83.0,68.0,56.0,,,,,,
10-1204,Rawai -> Airport,107,39,7800,2025-11-19 17:24:06.576449,,85.0,69.0,57.0,,,,,,
10-1204,Rawai -> Airport,107,40,8000,2025-11-19 17:24:06.576449,,86.0,71.0,59.0,,,,,,
10-1204,Rawai -> Airport,107,41,8200,2025-11-19 17:24:06.576449,,88.0,73.0,61.0,,,,,,
10-1204,Rawai -> Airport,107,42,8400,2025-11-19 17:24:06.576449,,90.0,74.0,62.0,,,,,,
10-1204,Rawai -> Airport,107,43,8600,2025-11-19 17:24:06.576449,,93.0,77.0,65.0,,,,,,
10-1204,Rawai -> Airport,107,44,8800,2025-11-19 17:24:06.576449,,94.0,78.0,67.0,,,,,,
10-1204,Rawai -> Airport,107,45,9000,2025-11-19 17:24:06.576449,,95.0,79.0,68.0,,,,,,
10-1204,Rawai -> Airport,107,46,9200,2025-11-19 17:24:06.576449,,96.0,81.0,69.0,,,,,,
10-1204,Rawai -> Airport,107,47,9400,2025-11-19 17:24:06.576449,,98.0,82.0,70.0,,,,,,
10-1204,Rawai -> Airport,107,48,9600,2025-11-19 17:24:06.576449,,99.0,83.0,71.0,,,,,,
10-1204,Rawai -> Airport,107,49,9800,2025-11-19 17:24:06.576449,,100.0,85.0,73.0,,,,,,
10-1204,Rawai -> Airport,107,50,10000,2025-11-19 17:24:06.576449,,101.0,86.0,74.0,,,,,,
10-1204,Rawai -> Airport,107,51,10200,2025-11-19 17:24:06.576449,,103.0,87.0,75.0,,,,,,
10-1204,Rawai -> Airport,107,52,10400,2025-11-19 17:24:06.576449,,104.0,88.0,77.0,,,,,,
10-1204,Rawai -> Airport,107,53,10600,2025-11-19 17:24:06.576449,,106.0,90.0,78.0,,,,,,
10-1204,Rawai -> Airport,107,54,10800,2025-11-19 17:24:06.576449,,108.0,92.0,81.0,,,,,,
10-1204,Rawai -> Airport,107,54,10889,2025-11-19 17:24:06.576449,,109.0,93.0,82.0,,,,,,
10-1149,Rawai -> Airport,10454,53,10600,2025-11-19 17:32:11.171846,2025-11-19 17:40:15.849056,1.0,,,,,,,,
10-1149,Rawai -> Airport,10454,54,10800,2025-11-19 17:32:11.171846,2025-11-19 17:44:17.995462,3.0,,,,,,,,
10-1149,Rawai -> Airport,10454,54,10889,2025-11-19 17:32:11.171846,2025-11-19 17:46:18.995984,4.0,,,,,,,,
10-1207,Rawai -> Airport,7940,40,8000,2025-11-19 17:43:17.447117,,9.0,,,,,,,,
10-1207,Rawai -> Airport,7940,41,8200,2025-11-19 17:43:17.447117,,11.0,,,,,,,,
10-1207,Rawai -> Airport,7940,42,8400,2025-11-19 17:43:17.447117,,13.0,,,,,,,,
10-1207,Rawai -> Airport,7940,43,8600,2025-11-19 17:43:17.447117,,16.0,,,,,,,,
10-1207,Rawai -> Airport,7940,44,8800,2025-11-19 17:43:17.447117,,17.0,,,,,,,,
10-1207,Rawai -> Airport,7940,45,9000,2025-11-19 17:43:17.447117,,18.0,,,,,,,,
10-1207,Rawai -> Airport,7940,46,9200,2025-11-19 17:43:17.447117,,19.0,,,,,,,,
10-1207,Rawai -> Airport,7940,47,9400,2025-11-19 17:43:17.447117,,21.0,,,,,,,,
10-1207,Rawai -> Airport,7940,48,9600,2025-11-19 17:43:17.447117,,22.0,,,,,,,,
10-1207,Rawai -> Airport,7940,49,9800,2025-11-19 17:43:17.447117,,23.0,,,,,,,,
10-1207,Rawai -> Airport,7940,50,10000,2025-11-19 17:43:17.447117,,24.0,,,,,,,,
10-1207,Rawai -> Airport,7940,51,10200,2025-11-19 17:43:17.447117,,26.0,,,,,,,,
10-1207,Rawai -> Airport,7940,52,10400,2025-11-19 17:43:17.447117,,27.0,,,,,,,,
10-1207,Rawai -> Airport,7940,53,10600,2025-11-19 17:43:17.447117,,29.0,,,,,,,,
10-1207,Rawai -> Airport,7940,54,10800,2025-11-19 17:43:17.447117,,31.0,,,,,,,,
10-1207,Rawai -> Airport,7940,54,10889,2025-11-19 17:43:17.447117,,0.0,,,,,,,,
10-1219,Bus 2 -> Bus 1 -> Patong,1788,9,1800,2025-11-19 17:45:15.003863,2025-11-19 17:46:15.530746,0.0,,,,,,,,
10-1219,Bus 2 -> Bus 1 -> Patong,1788,10,2000,2025-11-19 17:45:15.003863,,3.0,0.0,,,,,,,
10-1219,Bus 2 -> Bus 1 -> Patong,1788,11,2200,2025-11-19 17:45:15.003863,,6.0,3.0,,,,,,,
10-1219,Bus 2 -> Bus 1 -> Patong,1788,12,2400,2025-11-19 17:45:15.003863,,9.0,6.0,,,,,,,
10-1219,Bus 2 -> Bus 1 -> Patong,1788,13,2600,2025-11-19 17:45:15.003863,,11.0,9.0,,,,,,,
10-1219,Bus 2 -> Bus 1 -> Patong,1788,14,2800,2025-11-19 17:45:15.003863,,14.0,12.0,,,,,,,
10-1219,Bus 2 -> Bus 1 -> Patong,1788,15,3000,2025-11-19 17:45:15.003863,,16.0,13.0,,,,,,,
10-1219,Bus 2 -> Bus 1 -> Patong,1788,16,3200,2025-11-19 17:45:15.003863,,18.0,15.0,,,,,,,
10-1219,Bus 2 -> Bus 1 -> Patong,1788,17,3400,2025-11-19 17:45:15.003863,,20.0,17.0,,,,,,,
10-1219,Bus 2 -> Bus 1 -> Patong,1788,18,3600,2025-11-19 17:45:15.003863,,21.0,19.0,,,,,,,
10-1219,Bus 2 -> Bus 1 -> Patong,1788,19,3800,2025-11-19 17:45:15.003863,,24.0,21.0,,,,,,,
10-1219,Bus 2 -> Bus 1 -> Patong,1788,20,4000,2025-11-19 17:45:15.003863,,25.0,23.0,,,,,,,
10-1219,Bus 2 -> Bus 1 -> Patong,1788,21,4200,2025-11-19 17:45:15.003863,,28.0,25.0,,,,,,,
10-1219,Bus 2 -> Bus 1 -> Patong,1788,22,4400,2025-11-19 17:45:15.003863,,31.0,28.0,,,,,,,
10-1219,Bus 2 -> Bus 1 -> Patong,1788,23,4600,2025-11-19 17:45:15.003863,,34.0,32.0,,,,,,,
10-1219,Bus 2 -> Bus 1 -> Patong,1788,24,4800,2025-11-19 17:45:15.003863,,38.0,35.0,,,,,,,
10-1219,Bus 2 -> Bus 1 -> Patong,1788,25,5000,2025-11-19 17:45:15.003863,,41.0,39.0,,,,,,,
10-1219,Bus 2 -> Bus 1 -> Patong,1788,26,5200,2025-11-19 17:45:15.003863,,44.0,42.0,,,,,,,
10-1219,Bus 2 -> Bus 1 -> Patong,1788,26,5296,2025-11-19 17:45:15.003863,,45.0,43.0,,,,,,,
10-1265,Dragon Line,11,1,200,2025-11-19 17:47:12.160312,2025-11-19 17:54:16.080232,3.0,,,,,,,,
10-1265,Dragon Line,11,2,400,2025-11-19 17:47:12.160312,,2.0,1.0,,,,,,,
10-1265,Dragon Line,11,3,600,2025-11-19 17:47:12.160312,,6.0,5.0,,,,,,,
10-1265,Dragon Line,11,4,800,2025-11-19 17:47:12.160312,,10.0,9.0,,,,,,,
10-1265,Dragon Line,11,5,1000,2025-11-19 17:47:12.160312,,14.0,13.0,,,,,,,
10-1265,Dragon Line,11,5,1011,2025-11-19 17:47:12.160312,,14.0,14.0,,,,,,,
10-1159,Rawai -> Airport,10441,53,10600,2025-11-19 17:47:19.481960,,58.0,,,,,,,,
10-1159,Rawai -> Airport,10441,54,10800,2025-11-19 17:47:19.481960,,60.0,,,,,,,,
10-1159,Rawai -> Airport,10441,54,10889,2025-11-19 17:47:19.481960,,61.0,,,,,,,,
10-1153,Rawai -> Airport,4620,24,4800,2025-11-19 17:53:22.797156,,1.0,,,,,,,,
10-1153,Rawai -> Airport,4620,25,5000,2025-11-19 17:53:22.797156,,3.0,,,,,,,,
10-1153,Rawai -> Airport,4620,26,5200,2025-11-19 17:53:22.797156,,5.0,,,,,,,,
10-1153,Rawai -> Airport,4620,27,5400,2025-11-19 17:53:22.797156,,7.0,,,,,,,,
10-1153,Rawai -> Airport,4620,28,5600,2025-11-19 17:53:22.797156,,9.0,,,,,,,,
10-1153,Rawai -> Airport,4620,29,5800,2025-11-19 17:53:22.797156,,11.0,,,,,,,,
10-1153,Rawai -> Airport,4620,30,6000,2025-11-19 17:53:22.797156,,13.0,,,,,,,,
10-1153,Rawai -> Airport,4620,31,6200,2025-11-19 17:53:22.797156,,15.0,,,,,,,,
10-1153,Rawai -> Airport,4620,32,6400,2025-11-19 17:53:22.797156,,16.0,,,,,,,,
10-1153,Rawai -> Airport,4620,33,6600,2025-11-19 17:53:22.797156,,18.0,,,,,,,,
10-1153,Rawai -> Airport,4620,34,6800,2025-11-19 17:53:22.797156,,20.0,,,,,,,,
10-1153,Rawai -> Airport,4620,35,7000,2025-11-19 17:53:22.797156,,24.0,,,,,,,,
10-1153,Rawai -> Airport,4620,36,7200,2025-11-19 17:53:22.797156,,28.0,,,,,,,,
10-1153,Rawai -> Airport,4620,37,7400,2025-11-19 17:53:22.797156,,31.0,,,,,,,,
10-1153,Rawai -> Airport,4620,38,7600,2025-11-19 17:53:22.797156,,34.0,,,,,,,,
10-1153,Rawai -> Airport,4620,39,7800,2025-11-19 17:53:22.797156,,35.0,,,,,,,,
10-1153,Rawai -> Airport,4620,40,8000,2025-11-19 17:53:22.797156,,37.0,,,,,,,,
10-1153,Rawai -> Airport,4620,41,8200,2025-11-19 17:53:22.797156,,39.0,,,,,,,,
10-1153,Rawai -> Airport,4620,42,8400,2025-11-19 17:53:22.797156,,41.0,,,,,,,,
10-1153,Rawai -> Airport,4620,43,8600,2025-11-19 17:53:22.797156,,43.0,,,,,,,,
10-1153,Rawai -> Airport,4620,44,8800,2025-11-19 17:53:22.797156,,45.0,,,,,,,,
10-1153,Rawai -> Airport,4620,45,9000,2025-11-19 17:53:22.797156,,46.0,,,,,,,,
10-1153,Rawai -> Airport,4620,46,9200,2025-11-19 17:53:22.797156,,47.0,,,,,,,,
10-1153,Rawai -> Airport,4620,47,9400,2025-11-19 17:53:22.797156,,48.0,,,,,,,,
10-1153,Rawai -> Airport,4620,48,9600,2025-11-19 17:53:22.797156,,50.0,,,,,,,,
10-1153,Rawai -> Airport,4620,49,9800,2025-11-19 17:53:22.797156,,51.0,,,,,,,,
10-1153,Rawai -> Airport,4620,50,10000,2025-11-19 17:53:22.797156,,52.0,,,,,,,,
10-1153,Rawai -> Airport,4620,51,10200,2025-11-19 17:53:22.797156,,54.0,,,,,,,,
10-1153,Rawai -> Airport,4620,52,10400,2025-11-19 17:53:22.797156,,55.0,,,,,,,,
10-1153,Rawai -> Airport,4620,53,10600,2025-11-19 17:53:22.797156,,57.0,,,,,,,,
10-1153,Rawai -> Airport,4620,54,10800,2025-11-19 17:53:22.797156,,59.0,,,,,,,,
10-1153,Rawai -> Airport,4620,54,10889,2025-11-19 17:53:22.797156,,60.0,,,,,,,,
10-1207,Rawai -> Airport,7153,36,7200,2025-11-19 17:53:22.797156,,0.0,,,,,,,,
10-1207,Rawai -> Airport,7153,37,7400,2025-11-19 17:53:22.797156,,4.0,,,,,,,,
10-1207,Rawai -> Airport,7153,38,7600,2025-11-19 17:53:22.797156,,6.0,,,,,,,,
10-1207,Rawai -> Airport,7153,39,7800,2025-11-19 17:53:22.797156,,8.0,,,,,,,,
10-1207,Rawai -> Airport,7153,40,8000,2025-11-19 17:53:22.797156,,9.0,,,,,,,,
10-1207,Rawai -> Airport,7153,41,8200,2025-11-19 17:53:22.797156,,11.0,,,,,,,,
10-1207,Rawai -> Airport,7153,42,8400,2025-11-19 17:53:22.797156,,13.0,,,,,,,,
10-1207,Rawai -> Airport,7153,43,8600,2025-11-19 17:53:22.797156,,16.0,,,,,,,,
10-1207,Rawai -> Airport,7153,44,8800,2025-11-19 17:53:22.797156,,17.0,,,,,,,,
10-1207,Rawai -> Airport,7153,45,9000,2025-11-19 17:53:22.797156,,18.0,,,,,,,,
10-1207,Rawai -> Airport,7153,46,9200,2025-11-19 17:53:22.797156,,19.0,,,,,,,,
10-1207,Rawai -> Airport,7153,47,9400,2025-11-19 17:53:22.797156,,21.0,,,,,,,,
10-1207,Rawai -> Airport,7153,48,9600,2025-11-19 17:53:22.797156,,22.0,,,,,,,,
10-1207,Rawai -> Airport,7153,49,9800,2025-11-19 17:53:22.797156,,23.0,,,,,,,,
10-1207,Rawai -> Airport,7153,50,10000,2025-11-19 17:53:22.797156,,24.0,,,,,,,,
10-1207,Rawai -> Airport,7153,51,10200,2025-11-19 17:53:22.797156,,26.0,,,,,,,,
10-1207,Rawai -> Airport,7153,52,10400,2025-11-19 17:53:22.797156,,27.0,,,,,,,,
10-1207,Rawai -> Airport,7153,53,10600,2025-11-19 17:53:22.797156,,29.0,,,,,,,,
10-1207,Rawai -> Airport,7153,54,10800,2025-11-19 17:53:22.797156,,31.0,,,,,,,,
10-1207,Rawai -> Airport,7153,54,10889,2025-11-19 17:53:22.797156,,0.0,,,,,,,,
10-1223,Patong -> Bus 1 -> Bus 2,411,3,600,2025-11-19 18:00:22.499526,,3.0,,,,,,,,
10-1223,Patong -> Bus 1 -> Bus 2,411,4,800,2025-11-19 18:00:22.499526,,7.0,,,,,,,,
10-1223,Patong -> Bus 1 -> Bus 2,411,5,1000,2025-11-19 18:00:22.499526,,10.0,,,,,,,,
10-1223,Patong -> Bus 1 -> Bus 2,411,6,1200,2025-11-19 18:00:22.499526,,13.0,,,,,,,,
10-1223,Patong -> Bus 1 -> Bus 2,411,7,1400,2025-11-19 18:00:22.499526,,15.0,,,,,,,,
10-1223,Patong -> Bus 1 -> Bus 2,411,8,1600,2025-11-19 18:00:22.499526,,17.0,,,,,,,,
10-1223,Patong -> Bus 1 -> Bus 2,411,9,1800,2025-11-19 18:00:22.499526,,19.0,,,,,,,,
10-1223,Patong -> Bus 1 -> Bus 2,411,10,2000,2025-11-19 18:00:22.499526,,21.0,,,,,,,,
10-1223,Patong -> Bus 1 -> Bus 2,411,11,2200,2025-11-19 18:00:22.499526,,23.0,,,,,,,,
10-1223,Patong -> Bus 1 -> Bus 2,411,12,2400,2025-11-19 18:00:22.499526,,24.0,,,,,,,,
10-1223,Patong -> Bus 1 -> Bus 2,411,13,2600,2025-11-19 18:00:22.499526,,26.0,,,,,,,,
10-1223,Patong -> Bus 1 -> Bus 2,411,14,2800,2025-11-19 18:00:22.499526,,30.0,,,,,,,,
10-1223,Patong -> Bus 1 -> Bus 2,411,15,3000,2025-11-19 18:00:22.499526,,32.0,,,,,,,,
10-1223,Patong -> Bus 1 -> Bus 2,411,16,3200,2025-11-19 18:00:22.499526,,35.0,,,,,,,,
10-1223,Patong -> Bus 1 -> Bus 2,411,17,3400,2025-11-19 18:00:22.499526,,37.0,,,,,,,,
10-1223,Patong -> Bus 1 -> Bus 2,411,18,3600,2025-11-19 18:00:22.499526,,39.0,,,,,,,,
10-1223,Patong -> Bus 1 -> Bus 2,411,19,3800,2025-11-19 18:00:22.499526,,49.0,,,,,,,,
10-1223,Patong -> Bus 1 -> Bus 2,411,20,4000,2025-11-19 18:00:22.499526,,51.0,,,,,,,,
10-1223,Patong -> Bus 1 -> Bus 2,411,21,4200,2025-11-19 18:00:22.499526,,53.0,,,,,,,,
10-1223,Patong -> Bus 1 -> Bus 2,411,22,4400,2025-11-19 18:00:22.499526,,55.0,,,,,,,,
10-1223,Patong -> Bus 1 -> Bus 2,411,23,4600,2025-11-19 18:00:22.499526,,57.0,,,,,,,,
10-1223,Patong -> Bus 1 -> Bus 2,411,24,4800,2025-11-19 18:00:22.499526,,59.0,,,,,,,,
10-1223,Patong -> Bus 1 -> Bus 2,411,25,5000,2025-11-19 18:00:22.499526,,61.0,,,,,,,,
10-1223,Patong -> Bus 1 -> Bus 2,411,26,5200,2025-11-19 18:00:22.499526,,62.0,,,,,,,,
10-1223,Patong -> Bus 1 -> Bus 2,411,26,5301,2025-11-19 18:00:22.499526,,63.0,,,,,,,,
10-1264,Dragon Line,1,1,200,2025-11-20 10:05:27.128491,,3.0,,,,,,,,
10-1264,Dragon Line,1,2,400,2025-11-20 10:05:27.128491,,7.0,,,,,,,,
10-1264,Dragon Line,1,3,600,2025-11-20 10:05:27.128491,,11.0,,,,,,,,
10-1264,Dragon Line,1,4,800,2025-11-20 10:05:27.128491,,15.0,,,,,,,,
10-1264,Dragon Line,1,5,1000,2025-11-20 10:05:27.128491,,19.0,,,,,,,,
10-1264,Dragon Line,1,5,1011,2025-11-20 10:05:27.128491,,20.0,,,,,,,,
10-1212,Airport -> Rawai,261,2,400,2025-11-20 10:05:27.242384,,1.0,,,,,,,,
10-1212,Airport -> Rawai,261,3,600,2025-11-20 10:05:27.242384,,3.0,,,,,,,,
10-1212,Airport -> Rawai,261,4,800,2025-11-20 10:05:27.242384,,4.0,,,,,,,,
10-1212,Airport -> Rawai,261,5,1000,2025-11-20 10:05:27.242384,,5.0,,,,,,,,
10-1212,Airport -> Rawai,261,6,1200,2025-11-20 10:05:27.242384,,7.0,,,,,,,,
10-1212,Airport -> Rawai,261,7,1400,2025-11-20 10:05:27.242384,,8.0,,,,,,,,
10-1212,Airport -> Rawai,261,8,1600,2025-11-20 10:05:27.242384,,9.0,,,,,,,,
10-1212,Airport -> Rawai,261,9,1800,2025-11-20 10:05:27.242384,,10.0,,,,,,,,
10-1212,Airport -> Rawai,261,10,2000,2025-11-20 10:05:27.242384,,12.0,,,,,,,,
10-1212,Airport -> Rawai,261,11,2200,2025-11-20 10:05:27.242384,,13.0,,,,,,,,
10-1212,Airport -> Rawai,261,12,2400,2025-11-20 10:05:27.242384,,14.0,,,,,,,,
10-1212,Airport -> Rawai,261,13,2600,2025-11-20 10:05:27.242384,,17.0,,,,,,,,
10-1212,Airport -> Rawai,261,14,2800,2025-11-20 10:05:27.242384,,18.0,,,,,,,,
10-1212,Airport -> Rawai,261,15,3000,2025-11-20 10:05:27.242384,,21.0,,,,,,,,
10-1212,Airport -> Rawai,261,16,3200,2025-11-20 10:05:27.242384,,22.0,,,,,,,,
10-1212,Airport -> Rawai,261,17,3400,2025-11-20 10:05:27.242384,,24.0,,,,,,,,
10-1212,Airport -> Rawai,261,18,3600,2025-11-20 10:05:27.242384,,26.0,,,,,,,,
10-1212,Airport -> Rawai,261,19,3800,2025-11-20 10:05:27.242384,,29.0,,,,,,,,
10-1212,Airport -> Rawai,261,20,4000,2025-11-20 10:05:27.242384,,31.0,,,,,,,,
10-1212,Airport -> Rawai,261,21,4200,2025-11-20 10:05:27.242384,,33.0,,,,,,,,
10-1212,Airport -> Rawai,261,22,4400,2025-11-20 10:05:27.242384,,35.0,,,,,,,,
10-1212,Airport -> Rawai,261,23,4600,2025-11-20 10:05:27.242384,,36.0,,,,,,,,
10-1212,Airport -> Rawai,261,24,4800,2025-11-20 10:05:27.242384,,39.0,,,,,,,,
10-1212,Airport -> Rawai,261,25,5000,2025-11-20 10:05:27.242384,,40.0,,,,,,,,
10-1212,Airport -> Rawai,261,26,5200,2025-11-20 10:05:27.242384,,42.0,,,,,,,,
10-1212,Airport -> Rawai,261,27,5400,2025-11-20 10:05:27.242384,,44.0,,,,,,,,
10-1212,Airport -> Rawai,261,28,5600,2025-11-20 10:05:27.242384,,46.0,,,,,,,,
10-1212,Airport -> Rawai,261,29,5800,2025-11-20 10:05:27.242384,,49.0,,,,,,,,
10-1212,Airport -> Rawai,261,30,6000,2025-11-20 10:05:27.242384,,50.0,,,,,,,,
10-1212,Airport -> Rawai,261,31,6200,2025-11-20 10:05:27.242384,,52.0,,,,,,,,
10-1212,Airport -> Rawai,261,32,6400,2025-11-20 10:05:27.242384,,54.0,,,,,,,,
10-1212,Airport -> Rawai,261,33,6600,2025-11-20 10:05:27.242384,,57.0,,,,,,,,
10-1212,Airport -> Rawai,261,34,6800,2025-11-20 10:05:27.242384,,60.0,,,,,,,,
10-1212,Airport -> Rawai,261,35,7000,2025-11-20 10:05:27.242384,,64.0,,,,,,,,
10-1212,Airport -> Rawai,261,36,7200,2025-11-20 10:05:27.242384,,68.0,,,,,,,,
10-1212,Airport -> Rawai,261,37,7400,2025-11-20 10:05:27.242384,,71.0,,,,,,,,
10-1212,Airport -> Rawai,261,38,7600,2025-11-20 10:05:27.242384,,73.0,,,,,,,,
10-1212,Airport -> Rawai,261,39,7800,2025-11-20 10:05:27.242384,,74.0,,,,,,,,
10-1212,Airport -> Rawai,261,40,8000,2025-11-20 10:05:27.242384,,76.0,,,,,,,,
10-1212,Airport -> Rawai,261,41,8200,2025-11-20 10:05:27.242384,,77.0,,,,,,,,
10-1212,Airport -> Rawai,261,42,8400,2025-11-20 10:05:27.242384,,80.0,,,,,,,,
10-1212,Airport -> Rawai,261,43,8600,2025-11-20 10:05:27.242384,,82.0,,,,,,,,
10-1212,Airport -> Rawai,261,44,8800,2025-11-20 10:05:27.242384,,84.0,,,,,,,,
10-1212,Airport -> Rawai,261,45,9000,2025-11-20 10:05:27.242384,,87.0,,,,,,,,
10-1212,Airport -> Rawai,261,46,9200,2025-11-20 10:05:27.242384,,90.0,,,,,,,,
10-1212,Airport -> Rawai,261,47,9400,2025-11-20 10:05:27.242384,,92.0,,,,,,,,
10-1212,Airport -> Rawai,261,48,9600,2025-11-20 10:05:27.242384,,94.0,,,,,,,,
10-1212,Airport -> Rawai,261,49,9800,2025-11-20 10:05:27.242384,,96.0,,,,,,,,
10-1212,Airport -> Rawai,261,50,10000,2025-11-20 10:05:27.242384,,98.0,,,,,,,,
10-1212,Airport -> Rawai,261,51,10200,2025-11-20 10:05:27.242384,,100.0,,,,,,,,
10-1212,Airport -> Rawai,261,52,10400,2025-11-20 10:05:27.242384,,102.0,,,,,,,,
10-1212,Airport -> Rawai,261,53,10600,2025-11-20 10:05:27.242384,,104.0,,,,,,,,
10-1212,Airport -> Rawai,261,54,10800,2025-11-20 10:05:27.242384,,106.0,,,,,,,,
10-1212,Airport -> Rawai,261,54,10889,2025-11-20 10:05:27.242384,,107.0,,,,,,,,
10-1222,Bus 2 -> Bus 1 -> Patong,3795,19,3800,2025-11-20 10:05:27.239309,,0.0,,,,,,,,
10-1222,Bus 2 -> Bus 1 -> Patong,3795,20,4000,2025-11-20 10:05:27.239309,,1.0,,,,,,,,
10-1222,Bus 2 -> Bus 1 -> Patong,3795,21,4200,2025-11-20 10:05:27.239309,,4.0,,,,,,,,
10-1222,Bus 2 -> Bus 1 -> Patong,3795,22,4400,2025-11-20 10:05:27.239309,,7.0,,,,,,,,
10-1222,Bus 2 -> Bus 1 -> Patong,3795,23,4600,2025-11-20 10:05:27.239309,,10.0,,,,,,,,
10-1222,Bus 2 -> Bus 1 -> Patong,3795,24,4800,2025-11-20 10:05:27.239309,,14.0,,,,,,,,
10-1222,Bus 2 -> Bus 1 -> Patong,3795,25,5000,2025-11-20 10:05:27.239309,,17.0,,,,,,,,
10-1222,Bus 2 -> Bus 1 -> Patong,3795,26,5200,2025-11-20 10:05:27.239309,,20.0,,,,,,,,
10-1222,Bus 2 -> Bus 1 -> Patong,3795,26,5296,2025-11-20 10:05:27.239309,,21.0,,,,,,,,
10-1219,Patong -> Bus 1 -> Bus 2,4258,22,4400,2025-11-20 10:05:27.235812,,1.0,,,,,,,,
10-1219,Patong -> Bus 1 -> Bus 2,4258,23,4600,2025-11-20 10:05:27.235812,,3.0,,,,,,,,
10-1219,Patong -> Bus 1 -> Bus 2,4258,24,4800,2025-11-20 10:05:27.235812,,5.0,,,,,,,,
10-1219,Patong -> Bus 1 -> Bus 2,4258,25,5000,2025-11-20 10:05:27.235812,,7.0,,,,,,,,
10-1219,Patong -> Bus 1 -> Bus 2,4258,26,5200,2025-11-20 10:05:27.235812,,8.0,,,,,,,,
10-1219,Patong -> Bus 1 -> Bus 2,4258,26,5301,2025-11-20 10:05:27.235812,,9.0,,,,,,,,
10-1265,Dragon Line,271,2,400,2025-11-20 10:05:27.128491,,2.0,,,,,,,,
10-1265,Dragon Line,271,3,600,2025-11-20 10:05:27.128491,,6.0,,,,,,,,
10-1265,Dragon Line,271,4,800,2025-11-20 10:05:27.128491,,10.0,,,,,,,,
10-1265,Dragon Line,271,5,1000,2025-11-20 10:05:27.128491,,14.0,,,,,,,,
10-1265,Dragon Line,271,5,1011,2025-11-20 10:05:27.128491,,14.0,,,,,,,,
10-1150,Rawai -> Airport,10889,54,10889,2025-11-20 10:05:27.193417,,,,,,,,,,
10-1152,Rawai -> Airport,3058,16,3200,2025-11-20 10:05:27.193417,,1.0,,,,,,,,
10-1152,Rawai -> Airport,3058,17,3400,2025-11-20 10:05:27.193417,,2.0,,,,,,,,
10-1152,Rawai -> Airport,3058,18,3600,2025-11-20 10:05:27.193417,,4.0,,,,,,,,
10-1152,Rawai -> Airport,3058,19,3800,2025-11-20 10:05:27.193417,,7.0,,,,,,,,
10-1152,Rawai -> Airport,3058,20,4000,2025-11-20 10:05:27.193417,,10.0,,,,,,,,
10-1152,Rawai -> Airport,3058,21,4200,2025-11-20 10:05:27.193417,,13.0,,,,,,,,
10-1152,Rawai -> Airport,3058,22,4400,2025-11-20 10:05:27.193417,,15.0,,,,,,,,
10-1152,Rawai -> Airport,3058,23,4600,2025-11-20 10:05:27.193417,,17.0,,,,,,,,
10-1152,Rawai -> Airport,3058,24,4800,2025-11-20 10:05:27.193417,,18.0,,,,,,,,
10-1152,Rawai -> Airport,3058,25,5000,2025-11-20 10:05:27.193417,,21.0,,,,,,,,
10-1152,Rawai -> Airport,3058,26,5200,2025-11-20 10:05:27.193417,,23.0,,,,,,,,
10-1152,Rawai -> Airport,3058,27,5400,2025-11-20 10:05:27.193417,,25.0,,,,,,,,
10-1152,Rawai -> Airport,3058,28,5600,2025-11-20 10:05:27.193417,,27.0,,,,,,,,
10-1152,Rawai -> Airport,3058,29,5800,2025-11-20 10:05:27.193417,,29.0,,,,,,,,
10-1152,Rawai -> Airport,3058,30,6000,2025-11-20 10:05:27.193417,,31.0,,,,,,,,
10-1152,Rawai -> Airport,3058,31,6200,2025-11-20 10:05:27.193417,,32.0,,,,,,,,
10-1152,Rawai -> Airport,3058,32,6400,2025-11-20 10:05:27.193417,,34.0,,,,,,,,
10-1152,Rawai -> Airport,3058,33,6600,2025-11-20 10:05:27.193417,,36.0,,,,,,,,
10-1152,Rawai -> Airport,3058,34,6800,2025-11-20 10:05:27.193417,,38.0,,,,,,,,
10-1152,Rawai -> Airport,3058,35,7000,2025-11-20 10:05:27.193417,,42.0,,,,,,,,
10-1152,Rawai -> Airport,3058,36,7200,2025-11-20 10:05:27.193417,,46.0,,,,,,,,
10-1152,Rawai -> Airport,3058,37,7400,2025-11-20 10:05:27.193417,,49.0,,,,,,,,
10-1152,Rawai -> Airport,3058,38,7600,2025-11-20 10:05:27.193417,,51.0,,,,,,,,
10-1152,Rawai -> Airport,3058,39,7800,2025-11-20 10:05:27.193417,,53.0,,,,,,,,
10-1152,Rawai -> Airport,3058,40,8000,2025-11-20 10:05:27.193417,,54.0,,,,,,,,
10-1152,Rawai -> Airport,3058,41,8200,2025-11-20 10:05:27.193417,,57.0,,,,,,,,
10-1152,Rawai -> Airport,3058,42,8400,2025-11-20 10:05:27.193417,,58.0,,,,,,,,
10-1152,Rawai -> Airport,3058,43,8600,2025-11-20 10:05:27.193417,,61.0,,,,,,,,
10-1152,Rawai -> Airport,3058,44,8800,2025-11-20 10:05:27.193417,,62.0,,,,,,,,
10-1152,Rawai -> Airport,3058,45,9000,2025-11-20 10:05:27.193417,,63.0,,,,,,,,
10-1152,Rawai -> Airport,3058,46,9200,2025-11-20 10:05:27.193417,,65.0,,,,,,,,
10-1152,Rawai -> Airport,3058,47,9400,2025-11-20 10:05:27.193417,,66.0,,,,,,,,
10-1152,Rawai -> Airport,3058,48,9600,2025-11-20 10:05:27.193417,,67.0,,,,,,,,
10-1152,Rawai -> Airport,3058,49,9800,2025-11-20 10:05:27.193417,,68.0,,,,,,,,
10-1152,Rawai -> Airport,3058,50,10000,2025-11-20 10:05:27.193417,,70.0,,,,,,,,
10-1152,Rawai -> Airport,3058,51,10200,2025-11-20 10:05:27.193417,,71.0,,,,,,,,
10-1152,Rawai -> Airport,3058,52,10400,2025-11-20 10:05:27.193417,,72.0,,,,,,,,
10-1152,Rawai -> Airport,3058,53,10600,2025-11-20 10:05:27.193417,,74.0,,,,,,,,
10-1152,Rawai -> Airport,3058,54,10800,2025-11-20 10:05:27.193417,,76.0,,,,,,,,
10-1152,Rawai -> Airport,3058,54,10889,2025-11-20 10:05:27.193417,,77.0,,,,,,,,
10-1159,Rawai -> Airport,4476,23,4600,2025-11-20 10:05:27.193417,,1.0,,,,,,,,
10-1159,Rawai -> Airport,4476,24,4800,2025-11-20 10:05:27.193417,,2.0,,,,,,,,
10-1159,Rawai -> Airport,4476,25,5000,2025-11-20 10:05:27.193417,,4.0,,,,,,,,
10-1159,Rawai -> Airport,4476,26,5200,2025-11-20 10:05:27.193417,,6.0,,,,,,,,
10-1159,Rawai -> Airport,4476,27,5400,2025-11-20 10:05:27.193417,,9.0,,,,,,,,
10-1159,Rawai -> Airport,4476,28,5600,2025-11-20 10:05:27.193417,,11.0,,,,,,,,
10-1159,Rawai -> Airport,4476,29,5800,2025-11-20 10:05:27.193417,,12.0,,,,,,,,
10-1159,Rawai -> Airport,4476,30,6000,2025-11-20 10:05:27.193417,,14.0,,,,,,,,
10-1159,Rawai -> Airport,4476,31,6200,2025-11-20 10:05:27.193417,,16.0,,,,,,,,
10-1159,Rawai -> Airport,4476,32,6400,2025-11-20 10:05:27.193417,,18.0,,,,,,,,
10-1159,Rawai -> Airport,4476,33,6600,2025-11-20 10:05:27.193417,,20.0,,,,,,,,
10-1159,Rawai -> Airport,4476,34,6800,2025-11-20 10:05:27.193417,,22.0,,,,,,,,
10-1159,Rawai -> Airport,4476,35,7000,2025-11-20 10:05:27.193417,,26.0,,,,,,,,
10-1159,Rawai -> Airport,4476,36,7200,2025-11-20 10:05:27.193417,,30.0,,,,,,,,
10-1159,Rawai -> Airport,4476,37,7400,2025-11-20 10:05:27.193417,,33.0,,,,,,,,
10-1159,Rawai -> Airport,4476,38,7600,2025-11-20 10:05:27.193417,,35.0,,,,,,,,
10-1159,Rawai -> Airport,4476,39,7800,2025-11-20 10:05:27.193417,,37.0,,,,,,,,
10-1159,Rawai -> Airport,4476,40,8000,2025-11-20 10:05:27.193417,,38.0,,,,,,,,
10-1159,Rawai -> Airport,4476,41,8200,2025-11-20 10:05:27.193417,,41.0,,,,,,,,
10-1159,Rawai -> Airport,4476,42,8400,2025-11-20 10:05:27.193417,,42.0,,,,,,,,
10-1159,Rawai -> Airport,4476,43,8600,2025-11-20 10:05:27.193417,,45.0,,,,,,,,
10-1159,Rawai -> Airport,4476,44,8800,2025-11-20 10:05:27.193417,,46.0,,,,,,,,
10-1159,Rawai -> Airport,4476,45,9000,2025-11-20 10:05:27.193417,,47.0,,,,,,,,
10-1159,Rawai -> Airport,4476,46,9200,2025-11-20 10:05:27.193417,,49.0,,,,,,,,
10-1159,Rawai -> Airport,4476,47,9400,2025-11-20 10:05:27.193417,,50.0,,,,,,,,
10-1159,Rawai -> Airport,4476,48,9600,2025-11-20 10:05:27.193417,,51.0,,,,,,,,
10-1159,Rawai -> Airport,4476,49,9800,2025-11-20 10:05:27.193417,,52.0,,,,,,,,
10-1159,Rawai -> Airport,4476,50,10000,2025-11-20 10:05:27.193417,,54.0,,,,,,,,
10-1159,Rawai -> Airport,4476,51,10200,2025-11-20 10:05:27.193417,,55.0,,,,,,,,
10-1159,Rawai -> Airport,4476,52,10400,2025-11-20 10:05:27.193417,,56.0,,,,,,,,
10-1159,Rawai -> Airport,4476,53,10600,2025-11-20 10:05:27.193417,,58.0,,,,,,,,
10-1159,Rawai -> Airport,4476,54,10800,2025-11-20 10:05:27.193417,,60.0,,,,,,,,
10-1159,Rawai -> Airport,4476,54,10889,2025-11-20 10:05:27.193417,,61.0,,,,,,,,
10-1196,Rawai -> Airport,7015,36,7200,2025-11-20 10:05:27.193417,,3.0,,,,,,,,
10-1196,Rawai -> Airport,7015,37,7400,2025-11-20 10:05:27.193417,,6.0,,,,,,,,
10-1196,Rawai -> Airport,7015,38,7600,2025-11-20 10:05:27.193417,,9.0,,,,,,,,
10-1196,Rawai -> Airport,7015,39,7800,2025-11-20 10:05:27.193417,,10.0,,,,,,,,
10-1196,Rawai -> Airport,7015,40,8000,2025-11-20 10:05:27.193417,,12.0,,,,,,,,
10-1196,Rawai -> Airport,7015,41,8200,2025-11-20 10:05:27.193417,,14.0,,,,,,,,
10-1196,Rawai -> Airport,7015,42,8400,2025-11-20 10:05:27.193417,,16.0,,,,,,,,
10-1196,Rawai -> Airport,7015,43,8600,2025-11-20 10:05:27.193417,,18.0,,,,,,,,
10-1196,Rawai -> Airport,7015,44,8800,2025-11-20 10:05:27.193417,,20.0,,,,,,,,
10-1196,Rawai -> Airport,7015,45,9000,2025-11-20 10:05:27.193417,,21.0,,,,,,,,
10-1196,Rawai -> Airport,7015,46,9200,2025-11-20 10:05:27.193417,,22.0,,,,,,,,
10-1196,Rawai -> Airport,7015,47,9400,2025-11-20 10:05:27.193417,,23.0,,,,,,,,
10-1196,Rawai -> Airport,7015,48,9600,2025-11-20 10:05:27.193417,,25.0,,,,,,,,
10-1196,Rawai -> Airport,7015,49,9800,2025-11-20 10:05:27.193417,,26.0,,,,,,,,
10-1196,Rawai -> Airport,7015,50,10000,2025-11-20 10:05:27.193417,,27.0,,,,,,,,
10-1196,Rawai -> Airport,7015,51,10200,2025-11-20 10:05:27.193417,,29.0,,,,,,,,
10-1196,Rawai -> Airport,7015,52,10400,2025-11-20 10:05:27.193417,,30.0,,,,,,,,
10-1196,Rawai -> Airport,7015,53,10600,2025-11-20 10:05:27.193417,,32.0,,,,,,,,
10-1196,Rawai -> Airport,7015,54,10800,2025-11-20 10:05:27.193417,,34.0,,,,,,,,
10-1196,Rawai -> Airport,7015,54,10889,2025-11-20 10:05:27.193417,,35.0,,,,,,,,
10-1207,Rawai -> Airport,10836,54,10889,2025-11-20 10:05:27.193417,,0.0,,,,,,,,
