prediction_id,prediction_time,route,stop_name,stop_index,licence,bus_index,predicted_eta_min,predicted_arrival_time,assessed,actual_arrival_time,accuracy_min
1762180719_10-1210_Lotus_Cherngtalay,2025-11-03T21:38:39.842540,Airport -> Rawai,Lotus Cherngtalay,3837,10-1210,459,28,2025-11-03T22:06:39.842540,True,2025-11-03T22:12:53.093731,6.22
1762181021_10-1152_Indigo_Patong,2025-11-03T21:43:41.774482,Airport -> Rawai,Indigo Patong,6893,10-1152,5399,16,2025-11-03T21:59:41.774482,True,2025-11-03T21:56:47.122178,-2.91
1762181323_10-1152_Indigo_Patong,2025-11-03T21:48:43.646211,Airport -> Rawai,Indigo Patong,6893,10-1152,6020,10,2025-11-03T21:58:43.646211,True,2025-11-03T21:56:47.153732,-1.94
1762182229_10-1205_Woraburi_Karon,2025-11-03T22:03:49.523049,Airport -> Rawai,Woraburi Karon,8523,10-1205,6612,20,2025-11-03T22:23:49.523049,True,2025-11-03T22:33:01.904944,9.21
1762182531_10-1210_Intercontinental_Kamala,2025-11-03T22:08:51.468963,Airport -> Rawai,Intercontinental Kamala,4912,10-1210,3532,14,2025-11-03T22:22:51.468963,True,2025-11-03T22:22:57.510139,0.1
1762183740_10-1210_Diamond_Cliff_Resort_&_Spa,2025-11-03T22:29:00.076950,Airport -> Rawai,Diamond Cliff Resort & Spa,6630,10-1210,5428,12,2025-11-03T22:41:00.076950,True,2025-11-03T22:41:05.753330,0.09
1762184042_10-1152_OZO_Phuket,2025-11-03T22:34:02.307980,Airport -> Rawai,OZO Phuket,8979,10-1152,8785,2,2025-11-03T22:36:02.307980,True,2025-11-03T22:39:04.935825,3.04
1762184344_10-1210_OZO_Phuket,2025-11-03T22:39:04.578311,Airport -> Rawai,OZO Phuket,8979,10-1210,6538,26,2025-11-03T23:05:04.578311,True,2025-11-03T23:22:27.306998,17.38
1762184646_10-1210_Kata_Palm,2025-11-03T22:44:06.890665,Airport -> Rawai,Kata Palm,9111,10-1210,6894,23,2025-11-03T23:07:06.890665,True,2025-11-03T23:23:27.852233,16.35
1762185251_10-1207_Holiday_Inn_Resort_Patong,2025-11-03T22:54:11.600675,Airport -> Rawai,Holiday Inn Resort Patong,7169,10-1207,6307,10,2025-11-03T23:04:11.600675,True,2025-11-03T23:24:28.611874,20.28
1762185554_10-1207_Woraburi_Karon,2025-11-03T22:59:14.111895,Airport -> Rawai,Woraburi Karon,8523,10-1207,6579,20,2025-11-03T23:19:14.111895,True,2025-11-03T23:36:34.052310,17.33
1762185856_10-1210_OZO_Phuket,2025-11-03T23:04:16.753972,Airport -> Rawai,OZO Phuket,8979,10-1210,7733,12,2025-11-03T23:16:16.753972,True,2025-11-03T23:22:27.412220,6.18
1762186159_10-1149_Intercontinental_Kamala,2025-11-03T23:09:19.433454,Airport -> Rawai,Intercontinental Kamala,4912,10-1149,3451,15,2025-11-03T23:24:19.433454,True,2025-11-03T23:27:29.918806,3.17
1762186462_10-1210_Beyond_hotel_Kata,2025-11-03T23:14:22.386676,Airport -> Rawai,Beyond hotel Kata,9157,10-1210,8874,4,2025-11-03T23:18:22.386676,True,2025-11-03T23:24:28.687362,6.11
1762186765_10-1210_Beyond_hotel_Kata,2025-11-03T23:19:25.270111,Airport -> Rawai,Beyond hotel Kata,9157,10-1210,8936,3,2025-11-03T23:22:25.270111,True,2025-11-03T23:24:28.717014,2.06
1762187672_10-1159_Surin_Beach,2025-11-03T23:34:32.827345,Airport -> Rawai,Surin Beach,4456,10-1159,316,35,2025-11-04T00:09:32.827345,True,2025-11-04T00:06:52.371418,-2.67
1762187975_10-1207_Kata_Palm,2025-11-03T23:39:35.191690,Airport -> Rawai,Kata Palm,9111,10-1207,8896,3,2025-11-03T23:42:35.191690,True,2025-11-03T23:43:37.262625,1.03
1762188277_10-1159_Cherngtalay_School,2025-11-03T23:44:37.581464,Airport -> Rawai,Cherngtalay School,3541,10-1159,1165,18,2025-11-04T00:02:37.581464,True,2025-11-04T00:00:49.425866,-1.8
1762188579_10-1159_Surin_Beach,2025-11-03T23:49:39.861213,Airport -> Rawai,Surin Beach,4456,10-1159,2084,22,2025-11-04T00:11:39.861213,True,2025-11-04T00:06:52.391627,-4.79
1762189491_10-1149_Secret_cliff_resort_,2025-11-04T00:04:51.123928,Airport -> Rawai,Secret cliff resort ,7899,10-1149,7551,2,2025-11-04T00:06:51.123928,True,2025-11-04T00:08:53.348767,2.04
1762191002_10-1159_Secret_cliff_resort_,2025-11-04T00:30:02.678790,Airport -> Rawai,Secret cliff resort ,7899,10-1159,6975,9,2025-11-04T00:39:02.678790,True,2025-11-04T00:43:09.938525,4.12
1762223700_10-1210_Sai_Yuan,2025-11-04T09:35:00.187887,Airport -> Rawai,Sai Yuan,10247,10-1210,5053,55,2025-11-04T10:30:00.187887,True,2025-11-04T10:27:21.178769,-2.65
1762224002_10-1152_Lotus_Cherngtalay,2025-11-04T09:40:02.655490,Airport -> Rawai,Lotus Cherngtalay,3837,10-1152,3324,6,2025-11-04T09:46:02.655490,True,2025-11-04T09:58:09.083938,12.11
1762224304_10-1152_Lotus_Cherngtalay,2025-11-04T09:45:04.423105,Airport -> Rawai,Lotus Cherngtalay,3837,10-1152,3507,4,2025-11-04T09:49:04.423105,True,2025-11-04T09:58:09.107005,9.08
1762225511_10-1149_Laguna,2025-11-04T10:05:11.419770,Airport -> Rawai,Laguna,3576,10-1149,472,24,2025-11-04T10:29:11.419770,True,2025-11-04T10:43:29.190350,14.3
1762226115_10-1149_Intercontinental_Kamala,2025-11-04T10:15:15.652976,Airport -> Rawai,Intercontinental Kamala,4912,10-1149,2201,26,2025-11-04T10:41:15.652976,True,2025-11-04T10:59:37.103088,18.36
1762226417_10-1149_Cherngtalay_School,2025-11-04T10:20:17.817799,Airport -> Rawai,Cherngtalay School,3541,10-1149,2201,12,2025-11-04T10:32:17.817799,True,2025-11-04T10:43:29.254098,11.19
1762226720_10-1149_Big_C_Kamala,2025-11-04T10:25:20.147717,Airport -> Rawai,Big C Kamala,5396,10-1149,2947,24,2025-11-04T10:49:20.147717,True,2025-11-04T11:06:42.016815,17.36
1762227022_10-1149_Intercontinental_Kamala,2025-11-04T10:30:22.437778,Airport -> Rawai,Intercontinental Kamala,4912,10-1149,3322,16,2025-11-04T10:46:22.437778,True,2025-11-04T10:59:37.142825,13.25
1762227324_10-1149_Holiday_Inn_Resort_Patong,2025-11-04T10:35:24.885045,Airport -> Rawai,Holiday Inn Resort Patong,7169,10-1149,3437,39,2025-11-04T11:14:24.885045,True,2025-11-04T11:29:16.297244,14.86
1762227627_10-1149_Beyond_hotel_Kata,2025-11-04T10:40:27.543163,Airport -> Rawai,Beyond hotel Kata,9157,10-1149,3437,60,2025-11-04T11:40:27.543163,True,2025-11-04T11:47:08.455793,6.68
1762227930_10-1149_OZO_Phuket,2025-11-04T10:45:30.140896,Airport -> Rawai,OZO Phuket,8979,10-1149,3653,55,2025-11-04T11:40:30.140896,True,2025-11-04T11:44:35.456840,4.09
1762228534_10-1149_Diamond_Cliff_Resort_&_Spa,2025-11-04T10:55:34.987306,Airport -> Rawai,Diamond Cliff Resort & Spa,6630,10-1149,4461,21,2025-11-04T11:16:34.987306,True,2025-11-04T11:16:30.292753,-0.08
1762228837_10-1149_Secret_cliff_resort_,2025-11-04T11:00:37.531220,Airport -> Rawai,Secret cliff resort ,7899,10-1149,5071,30,2025-11-04T11:30:37.531220,True,2025-11-04T11:33:22.026987,2.74
1762229140_10-1149_Woraburi_Karon,2025-11-04T11:05:40.061236,Airport -> Rawai,Woraburi Karon,8523,10-1149,5349,33,2025-11-04T11:38:40.061236,True,2025-11-04T11:39:29.173723,0.82
1762229606_10-1149_Secret_cliff_resort_,2025-11-04T11:13:26.220748,Airport -> Rawai,Secret cliff resort ,7899,10-1149,6311,18,2025-11-04T11:31:26.220748,True,2025-11-04T11:33:22.098365,1.93
1762229789_10-1147_Diamond_Cliff_Resort_&_Spa,2025-11-04T11:16:29.825460,Airport -> Rawai,Diamond Cliff Resort & Spa,6630,10-1147,3678,29,2025-11-04T11:45:29.825460,True,2025-11-04T11:42:33.076114,-2.95
1762229973_10-1207_Cherngtalay_School,2025-11-04T11:19:33.418878,Airport -> Rawai,Cherngtalay School,3541,10-1207,1054,19,2025-11-04T11:38:33.418878,True,2025-11-04T11:45:36.598024,7.05
1762230340_10-1147_Phuket_Fantasea,2025-11-04T11:25:40.545637,Airport -> Rawai,Phuket Fantasea,5136,10-1147,4493,5,2025-11-04T11:30:40.545637,True,2025-11-04T11:30:17.994247,-0.38
1762230893_10-1149_Sai_Yuan,2025-11-04T11:34:53.595509,Airport -> Rawai,Sai Yuan,10247,10-1149,8157,22,2025-11-04T11:56:53.595509,True,2025-11-04T11:58:20.604564,1.45
1762231077_10-1149_Karon_Stadium,2025-11-04T11:37:57.068947,Airport -> Rawai,Karon Stadium,8823,10-1149,8380,4,2025-11-04T11:41:57.068947,True,2025-11-04T11:42:33.201311,0.6
1762231444_10-1207_Laguna,2025-11-04T11:44:04.592570,Airport -> Rawai,Laguna,3576,10-1207,3370,2,2025-11-04T11:46:04.592570,True,2025-11-04T11:46:37.738589,0.55
1762231994_10-1207_Surin_Beach,2025-11-04T11:53:14.327034,Airport -> Rawai,Surin Beach,4456,10-1207,4034,3,2025-11-04T11:56:14.327034,True,2025-11-04T11:57:19.308727,1.08
1762489885_10-1152_Lotus_Cherngtalay,2025-11-07T11:31:25.690770,Airport -> Rawai,Lotus Cherngtalay,3837,10-1152,2994,9,2025-11-07T11:40:25.690770,True,2025-11-07T11:46:08.152863,5.71
1762490068_10-1147_Kalim_School,2025-11-07T11:34:28.025412,Rawai -> Airport,Kalim School,4320,10-1147,3350,12,2025-11-07T11:46:28.025412,True,2025-11-07T12:06:59.050413,20.52
1762490250_10-1210_Peach_Blossom,2025-11-07T11:37:30.516564,Rawai -> Airport,Peach Blossom,1963,10-1210,1778,2,2025-11-07T11:39:30.516564,True,2025-11-07T11:44:06.516039,4.6
1762490433_10-1212_Kalim_Bus_Stop,2025-11-07T11:40:33.047047,Airport -> Rawai,Kalim Bus Stop,6450,10-1212,3686,26,2025-11-07T12:06:33.047047,True,2025-11-07T15:07:59.923560,181.45
1762490615_10-1152_Big_C_Kamala,2025-11-07T11:43:35.737189,Airport -> Rawai,Big C Kamala,5396,10-1152,3682,16,2025-11-07T11:59:35.737189,True,2025-11-07T12:16:08.991699,16.55
1762490798_10-1150_Kamala_Muslim_Cemetery,2025-11-07T11:46:38.491790,Rawai -> Airport,Kamala Muslim Cemetery,5863,10-1150,5761,0,2025-11-07T11:46:38.491790,False,,
1762490981_10-1152_Phuket_Fantasea,2025-11-07T11:49:41.222213,Airport -> Rawai,Phuket Fantasea,5136,10-1152,4082,9,2025-11-07T11:58:41.222213,True,2025-11-07T12:04:57.114530,6.26
1762491163_10-1152_Kamala_Muslim_Cemetery,2025-11-07T11:52:43.978016,Airport -> Rawai,Kamala Muslim Cemetery,5026,10-1152,4305,6,2025-11-07T11:58:43.978016,True,2025-11-07T12:04:26.332372,5.71
1762492079_10-1147_Phuket_Fantasea,2025-11-07T12:07:59.972454,Rawai -> Airport,Phuket Fantasea,5751,10-1147,4558,11,2025-11-07T12:18:59.972454,True,2025-11-07T12:18:11.481524,-0.81
1762492263_10-1147_Big_C_Kamala,2025-11-07T12:11:03.121151,Rawai -> Airport,Big C Kamala,5519,10-1147,4908,6,2025-11-07T12:17:03.121151,True,2025-11-07T12:16:09.116475,-0.9
1762492446_10-1196_Woraburi_Karon,2025-11-07T12:14:06.443600,Rawai -> Airport,Woraburi Karon,2369,10-1196,0,26,2025-11-07T12:40:06.443600,True,2025-11-07T13:20:21.184091,40.25
1762492813_10-1147_Laguna,2025-11-07T12:20:13.194395,Rawai -> Airport,Laguna,7313,10-1147,6051,12,2025-11-07T12:32:13.194395,True,2025-11-07T12:39:03.818954,6.84
1762492996_10-1147_Baan_Khian,2025-11-07T12:23:16.385893,Rawai -> Airport,Baan Khian,8300,10-1147,6406,19,2025-11-07T12:42:16.385893,True,2025-11-07T12:47:12.412692,4.93
1762493179_10-1209_Kata_Palm,2025-11-07T12:26:19.670191,Rawai -> Airport,Kata Palm,1780,10-1209,1131,6,2025-11-07T12:32:19.670191,True,2025-11-07T12:35:30.020330,3.17
1762493546_10-1210_Big_C_Kamala,2025-11-07T12:32:26.184566,Rawai -> Airport,Big C Kamala,5519,10-1210,4911,6,2025-11-07T12:38:26.184566,True,2025-11-07T12:37:01.587704,-1.41
1762493729_10-1205_Kalim_School,2025-11-07T12:35:29.584681,Airport -> Rawai,Kalim School,6540,10-1205,3346,32,2025-11-07T13:07:29.584681,True,2025-11-07T13:08:07.426224,0.63
1762493912_10-1209_Kalim_Bus_Stop,2025-11-07T12:38:32.935831,Rawai -> Airport,Kalim Bus Stop,4437,10-1209,1899,28,2025-11-07T13:06:32.935831,True,2025-11-07T13:09:08.777958,2.6
1762494096_10-1209_Karon_Stadium,2025-11-07T12:41:36.129780,Rawai -> Airport,Karon Stadium,2064,10-1209,1971,1,2025-11-07T12:42:36.129780,True,2025-11-07T12:42:07.110513,-0.48
1762494279_10-1152_Andaman_Cannacia_Resort,2025-11-07T12:44:39.365789,Airport -> Rawai,Andaman Cannacia Resort,9327,10-1152,7353,20,2025-11-07T13:04:39.365789,True,2025-11-07T13:07:06.274842,2.45
1762494462_10-1209_Four_Point_Patong,2025-11-07T12:47:42.775828,Rawai -> Airport,Four Point Patong,4204,10-1209,2538,18,2025-11-07T13:05:42.775828,True,2025-11-07T13:06:05.056200,0.37
1762494646_10-1209_Kalim_School,2025-11-07T12:50:46.101373,Rawai -> Airport,Kalim School,4320,10-1209,2873,16,2025-11-07T13:06:46.101373,True,2025-11-07T13:08:07.473008,1.36
1762494829_10-1205_Holiday_Inn_Resort_Patong,2025-11-07T12:53:49.614645,Airport -> Rawai,Holiday Inn Resort Patong,7169,10-1205,4722,25,2025-11-07T13:18:49.614645,True,2025-11-07T13:27:59.834351,9.17
1762495013_10-1209_Kalim_School,2025-11-07T12:56:53.098619,Rawai -> Airport,Kalim School,4320,10-1209,3622,10,2025-11-07T13:06:53.098619,True,2025-11-07T13:08:07.520949,1.24
1762495196_10-1205_Secret_cliff_resort_,2025-11-07T12:59:56.791973,Airport -> Rawai,Secret cliff resort ,7899,10-1205,5396,26,2025-11-07T13:25:56.791973,True,2025-11-07T13:34:06.603769,8.16
1762495748_10-1210_Baan_Khian,2025-11-07T13:09:08.357591,Rawai -> Airport,Baan Khian,8300,10-1210,8125,1,2025-11-07T13:10:08.357591,True,2025-11-07T13:10:09.898007,0.03
1762495931_10-1207_Phuket_Fantasea,2025-11-07T13:12:11.631347,Airport -> Rawai,Phuket Fantasea,5136,10-1207,3531,16,2025-11-07T13:28:11.631347,True,2025-11-07T13:34:06.653891,5.92
1762496115_10-1196_Secret_cliff_resort_,2025-11-07T13:15:15.037387,Rawai -> Airport,Secret cliff resort ,2997,10-1196,1959,11,2025-11-07T13:26:15.037387,True,2025-11-07T13:27:29.356301,1.24
1762496482_10-1207_Beyond_hotel_Kata,2025-11-07T13:21:22.097145,Airport -> Rawai,Beyond hotel Kata,9157,10-1207,3896,54,2025-11-07T14:15:22.097145,True,2025-11-07T14:37:22.684311,22.01
1762496665_10-1207_Big_C_Kamala,2025-11-07T13:24:25.409951,Airport -> Rawai,Big C Kamala,5396,10-1207,4285,10,2025-11-07T13:34:25.409951,True,2025-11-07T13:37:10.193355,2.75
1762496848_10-1207_Patong_PEA,2025-11-07T13:27:28.889332,Airport -> Rawai,Patong PEA,7083,10-1207,4626,25,2025-11-07T13:52:28.889332,True,2025-11-07T14:14:25.149393,21.94
1762497215_10-1152_Kata_Palm,2025-11-07T13:33:35.663464,Rawai -> Airport,Kata Palm,1780,10-1152,0,19,2025-11-07T13:52:35.663464,True,2025-11-07T14:13:24.069156,20.81
1762497399_10-1151_Surin_Beach,2025-11-07T13:36:39.254799,Airport -> Rawai,Surin Beach,4456,10-1151,310,35,2025-11-07T14:11:39.254799,True,2025-11-07T14:29:12.174738,17.55
1762497766_10-1196_Four_Point_Patong,2025-11-07T13:42:46.521657,Rawai -> Airport,Four Point Patong,4204,10-1196,3629,9,2025-11-07T13:51:46.521657,True,2025-11-07T14:05:14.001211,13.46
1762497950_10-1209_Laguna,2025-11-07T13:45:50.161028,Rawai -> Airport,Laguna,7313,10-1209,7230,1,2025-11-07T13:46:50.161028,True,2025-11-07T13:46:21.257148,-0.48
1762498133_10-1151_Thalang_Public_Health_Office,2025-11-07T13:48:53.741113,Airport -> Rawai,Thalang Public Health Office,2368,10-1151,1946,2,2025-11-07T13:50:53.741113,True,2025-11-07T13:53:29.853906,2.6
1762498317_10-1196_Bangla_Patong_,2025-11-07T13:51:57.579395,Rawai -> Airport,Bangla Patong ,3858,10-1196,3852,0,2025-11-07T13:51:57.579395,True,2025-11-07T13:51:58.149373,0.01
1762498501_10-1196_Big_C_Kamala,2025-11-07T13:55:01.233403,Rawai -> Airport,Big C Kamala,5519,10-1196,3852,18,2025-11-07T14:13:01.233403,True,2025-11-07T14:17:28.737034,4.46
1762498684_10-1152_Beyond_hotel_Kata,2025-11-07T13:58:04.919040,Rawai -> Airport,Beyond hotel Kata,1728,10-1152,415,12,2025-11-07T14:10:04.919040,True,2025-11-07T14:12:22.740936,2.3
1762498868_10-1148_Secret_cliff_resort_,2025-11-07T14:01:08.589832,Rawai -> Airport,Secret cliff resort ,2997,10-1148,2791,1,2025-11-07T14:02:08.589832,True,2025-11-07T14:03:11.473978,1.05
1762499052_10-1212_Baan_Khian,2025-11-07T14:04:12.288278,Airport -> Rawai,Baan Khian,2586,10-1212,189,18,2025-11-07T14:22:12.288278,True,2025-11-07T14:28:10.875974,5.98
1762499236_10-1196_Kalim_School,2025-11-07T14:07:16.045072,Rawai -> Airport,Kalim School,4320,10-1196,4308,0,2025-11-07T14:07:16.045072,True,2025-11-07T14:08:17.805803,1.03
1762499419_10-1151_Woraburi_Karon,2025-11-07T14:10:19.840852,Airport -> Rawai,Woraburi Karon,8523,10-1151,3368,53,2025-11-07T15:03:19.840852,True,2025-11-07T15:36:06.505793,32.78
1762499787_10-1152_Patong_Bus_Stop,2025-11-07T14:16:27.162619,Rawai -> Airport,Patong Bus Stop,3674,10-1152,1908,18,2025-11-07T14:34:27.162619,True,2025-11-07T14:34:18.061806,-0.15
1762500337_10-1207_Kata_Palm,2025-11-07T14:25:37.631301,Airport -> Rawai,Kata Palm,9111,10-1207,8432,8,2025-11-07T14:33:37.631301,True,2025-11-07T14:36:21.713364,2.73
1762500521_10-1151_Patong_PEA,2025-11-07T14:28:41.217775,Airport -> Rawai,Patong PEA,7083,10-1151,4405,27,2025-11-07T14:55:41.217775,True,2025-11-07T15:23:19.432638,27.64
1762500704_10-1151_Indigo_Patong,2025-11-07T14:31:44.831340,Airport -> Rawai,Indigo Patong,6893,10-1151,4739,22,2025-11-07T14:53:44.831340,True,2025-11-07T15:23:19.448494,29.58
1762501256_10-1196_Baan_Khian,2025-11-07T14:40:56.398059,Rawai -> Airport,Baan Khian,8300,10-1196,7070,13,2025-11-07T14:53:56.398059,True,2025-11-07T15:10:03.005753,16.11
1762501439_10-1196_Baan_Khian,2025-11-07T14:43:59.968901,Rawai -> Airport,Baan Khian,8300,10-1196,7078,12,2025-11-07T14:55:59.968901,True,2025-11-07T15:10:03.032708,14.05
1762501623_10-1196_Thalang_Public_Health_Office,2025-11-07T14:47:03.427593,Rawai -> Airport,Thalang Public Health Office,8532,10-1196,7086,15,2025-11-07T15:02:03.427593,True,2025-11-07T15:18:13.149631,16.16
1762502358_10-1212_Kata_Palm,2025-11-07T14:59:18.611616,Airport -> Rawai,Kata Palm,9111,10-1212,5296,41,2025-11-07T15:40:18.611616,True,2025-11-07T15:59:04.831277,18.77
1762502726_10-1212_Diamond_Cliff_Resort_&_Spa,2025-11-07T15:05:26.624282,Airport -> Rawai,Diamond Cliff Resort & Spa,6630,10-1212,6093,6,2025-11-07T15:11:26.624282,True,2025-11-07T15:09:01.740915,-2.41
1762502910_10-1205_Patong_Bus_Stop,2025-11-07T15:08:30.549092,Rawai -> Airport,Patong Bus Stop,3674,10-1205,1779,19,2025-11-07T15:27:30.549092,True,2025-11-07T15:33:02.433217,5.53
1762503094_10-1210_Baan_Khian,2025-11-07T15:11:34.469127,Airport -> Rawai,Baan Khian,2586,10-1210,910,12,2025-11-07T15:23:34.469127,True,2025-11-07T15:30:59.583894,7.42
1762503278_10-1212_Holiday_Inn_Resort_Patong,2025-11-07T15:14:38.206289,Airport -> Rawai,Holiday Inn Resort Patong,7169,10-1212,6757,4,2025-11-07T15:18:38.206289,True,2025-11-07T15:36:06.571158,17.47
1762503462_10-1205_Four_Point_Patong,2025-11-07T15:17:42.028691,Rawai -> Airport,Four Point Patong,4204,10-1205,2284,21,2025-11-07T15:38:42.028691,True,2025-11-07T15:57:02.228348,18.34
1762503645_10-1210_Cherngtalay_School,2025-11-07T15:20:45.923497,Airport -> Rawai,Cherngtalay School,3541,10-1210,2313,11,2025-11-07T15:31:45.923497,True,2025-11-07T15:40:11.644578,8.43
1762503829_10-1210_Kalim_School,2025-11-07T15:23:49.848887,Airport -> Rawai,Kalim School,6540,10-1210,2473,40,2025-11-07T16:03:49.848887,True,2025-11-07T16:23:03.935033,19.23
1762504013_10-1210_Patong_PEA,2025-11-07T15:26:53.605019,Airport -> Rawai,Patong PEA,7083,10-1210,2499,47,2025-11-07T16:13:53.605019,True,2025-11-07T16:44:32.167995,30.64
1762504197_10-1148_Laguna,2025-11-07T15:29:57.822175,Rawai -> Airport,Laguna,7313,10-1148,7079,2,2025-11-07T15:31:57.822175,True,2025-11-07T15:42:14.210627,10.27
1762504566_10-1212_Secret_cliff_resort_,2025-11-07T15:36:06.066763,Airport -> Rawai,Secret cliff resort ,7899,10-1212,7303,5,2025-11-07T15:41:06.066763,True,2025-11-07T15:41:12.858076,0.11
1762504749_10-1210_Big_C_Kamala,2025-11-07T15:39:09.971261,Airport -> Rawai,Big C Kamala,5396,10-1210,3528,19,2025-11-07T15:58:09.971261,True,2025-11-07T16:05:12.161888,7.04
1762504933_10-1212_Karon_Stadium,2025-11-07T15:42:13.705340,Airport -> Rawai,Karon Stadium,8823,10-1212,8088,7,2025-11-07T15:49:13.705340,True,2025-11-07T15:52:26.627316,3.22
1762505117_10-1148_Baan_Khian,2025-11-07T15:45:17.281913,Rawai -> Airport,Baan Khian,8300,10-1148,7879,3,2025-11-07T15:48:17.281913,True,2025-11-07T15:49:23.014430,1.1
1762505301_10-1204_Kata_Palm,2025-11-07T15:48:21.239136,Rawai -> Airport,Kata Palm,1780,10-1204,1710,0,2025-11-07T15:48:21.239136,True,2025-11-07T15:49:23.034079,1.03
1762505484_10-1210_Kamala_Muslim_Cemetery,2025-11-07T15:51:24.951202,Airport -> Rawai,Kamala Muslim Cemetery,5026,10-1210,4113,8,2025-11-07T15:59:24.951202,True,2025-11-07T16:00:05.978208,0.68
1762505668_10-1205_Four_Point_Patong,2025-11-07T15:54:28.647288,Rawai -> Airport,Four Point Patong,4204,10-1205,3889,4,2025-11-07T15:58:28.647288,True,2025-11-07T15:57:02.333920,-1.44
1762506036_10-1210_Beyond_hotel_Kata,2025-11-07T16:00:36.260027,Airport -> Rawai,Beyond hotel Kata,9157,10-1210,5016,44,2025-11-07T16:44:36.260027,True,2025-11-07T17:09:10.117974,24.56
1762506219_10-1210_Big_C_Kamala,2025-11-07T16:03:39.910945,Airport -> Rawai,Big C Kamala,5396,10-1210,5240,1,2025-11-07T16:04:39.910945,True,2025-11-07T16:05:12.226048,0.54
1762506403_10-1210_Woraburi_Karon,2025-11-07T16:06:43.710645,Airport -> Rawai,Woraburi Karon,8523,10-1210,5538,31,2025-11-07T16:37:43.710645,True,2025-11-07T16:58:22.498126,20.65
1762506587_10-1147_Phuket_Fantasea,2025-11-07T16:09:47.294979,Airport -> Rawai,Phuket Fantasea,5136,10-1147,3548,15,2025-11-07T16:24:47.294979,True,2025-11-07T16:28:10.296648,3.38
1762506954_10-1205_Phuket_Fantasea,2025-11-07T16:15:54.734525,Rawai -> Airport,Phuket Fantasea,5751,10-1205,5572,1,2025-11-07T16:16:54.734525,True,2025-11-07T16:18:28.250653,1.56
1762507322_10-1209_Laguna,2025-11-07T16:22:02.375969,Airport -> Rawai,Laguna,3576,10-1209,2379,11,2025-11-07T16:33:02.375969,True,2025-11-07T16:50:10.713859,17.14
1762507505_10-1205_Cherngtalay_School,2025-11-07T16:25:05.981199,Rawai -> Airport,Cherngtalay School,7346,10-1205,6560,8,2025-11-07T16:33:05.981199,True,2025-11-07T17:03:59.843817,30.9
1762507689_10-1151_Karon_Circle,2025-11-07T16:28:09.770138,Rawai -> Airport,Karon Circle,2454,10-1151,469,21,2025-11-07T16:49:09.770138,True,2025-11-07T16:58:22.542331,9.21
1762508057_10-1147_Indigo_Patong,2025-11-07T16:34:17.591691,Airport -> Rawai,Indigo Patong,6893,10-1147,5492,15,2025-11-07T16:49:17.591691,True,2025-11-07T17:15:06.800106,25.82
1762508241_10-1151_Bangla_Patong_,2025-11-07T16:37:21.694049,Rawai -> Airport,Bangla Patong ,3858,10-1151,1357,27,2025-11-07T17:04:21.694049,True,2025-11-07T17:29:31.882022,25.17
1762508425_10-1151_Karon_Stadium,2025-11-07T16:40:25.727912,Rawai -> Airport,Karon Stadium,2064,10-1151,1770,4,2025-11-07T16:44:25.727912,True,2025-11-07T16:53:15.358043,8.83
1762508610_10-1205_Laguna,2025-11-07T16:43:30.207340,Rawai -> Airport,Laguna,7313,10-1205,7004,3,2025-11-07T16:46:30.207340,True,2025-11-07T17:03:29.293956,16.98
1762508794_10-1151_Woraburi_Karon,2025-11-07T16:46:34.900885,Rawai -> Airport,Woraburi Karon,2369,10-1151,1776,7,2025-11-07T16:53:34.900885,True,2025-11-07T16:56:20.031663,2.75
1762508979_10-1209_Kalim_Bus_Stop,2025-11-07T16:49:39.474301,Airport -> Rawai,Kalim Bus Stop,6450,10-1209,3543,29,2025-11-07T17:18:39.474301,True,2025-11-07T17:27:59.871338,9.34
1762509164_10-1210_Karon_Stadium,2025-11-07T16:52:44.034125,Airport -> Rawai,Karon Stadium,8823,10-1210,7983,8,2025-11-07T17:00:44.034125,True,2025-11-07T17:01:26.677268,0.71
1762509716_10-1209_Surin_Beach,2025-11-07T17:01:56.946131,Airport -> Rawai,Surin Beach,4456,10-1209,3977,4,2025-11-07T17:05:56.946131,True,2025-11-07T17:07:03.951217,1.12
1762509900_10-1209_Patong_PEA,2025-11-07T17:05:00.834528,Airport -> Rawai,Patong PEA,7083,10-1209,4357,28,2025-11-07T17:33:00.834528,True,2025-11-07T18:23:13.544769,50.21
1762510084_10-1209_Woraburi_Karon,2025-11-07T17:08:04.815024,Airport -> Rawai,Woraburi Karon,8523,10-1209,4702,39,2025-11-07T17:47:04.815024,True,2025-11-08T10:11:50.448585,984.76
1762510267_10-1205_Thalang_Public_Health_Office,2025-11-07T17:11:07.861892,Rawai -> Airport,Thalang Public Health Office,8532,10-1205,7944,5,2025-11-07T17:16:07.861892,True,2025-11-07T17:36:11.532592,20.06
1762510452_10-1210_Sai_Yuan,2025-11-07T17:14:12.568023,Airport -> Rawai,Sai Yuan,10247,10-1210,9343,8,2025-11-07T17:22:12.568023,True,2025-11-07T17:22:11.696513,-0.01
1762510636_10-1151_Phuket_Fantasea,2025-11-07T17:17:16.138661,Rawai -> Airport,Phuket Fantasea,5751,10-1151,3622,23,2025-11-07T17:40:16.138661,True,2025-11-07T18:13:18.060641,33.03
1762510822_10-1151_Kalim_School,2025-11-07T17:20:22.155329,Rawai -> Airport,Kalim School,4320,10-1151,3679,9,2025-11-07T17:29:22.155329,True,2025-11-07T17:53:25.296274,24.05
1762511007_10-1147_Karon_Stadium,2025-11-07T17:23:27.756429,Airport -> Rawai,Karon Stadium,8823,10-1147,7980,8,2025-11-07T17:31:27.756429,True,2025-11-07T17:33:07.422425,1.66
1762511382_10-1196_Baan_Khian,2025-11-07T17:29:42.285687,Airport -> Rawai,Baan Khian,2586,10-1196,2473,1,2025-11-07T17:30:42.285687,True,2025-11-07T17:34:08.796277,3.44
1762511566_10-1155_Big_C_Kamala,2025-11-07T17:32:46.784822,Airport -> Rawai,Big C Kamala,5396,10-1155,3999,13,2025-11-07T17:45:46.784822,True,2025-11-07T17:50:09.468992,4.38
1762511750_10-1209_Holiday_Inn_Resort_Patong,2025-11-07T17:35:50.989893,Airport -> Rawai,Holiday Inn Resort Patong,7169,10-1209,6483,8,2025-11-07T17:43:50.989893,True,2025-11-07T18:23:13.587759,39.38
1762512127_10-1209_Patong_PEA,2025-11-07T17:42:07.267066,Airport -> Rawai,Patong PEA,7083,10-1209,6560,6,2025-11-07T17:48:07.267066,True,2025-11-07T18:23:13.629659,35.11
1762512685_10-1147_Kata_Palm,2025-11-07T17:51:25.641913,Rawai -> Airport,Kata Palm,1780,10-1147,819,9,2025-11-07T18:00:25.641913,True,2025-11-07T22:31:31.394280,271.1
1762512869_10-1196_Lotus_Cherngtalay,2025-11-07T17:54:29.039055,Airport -> Rawai,Lotus Cherngtalay,3837,10-1196,3568,3,2025-11-07T17:57:29.039055,True,2025-11-07T18:02:05.766843,4.61
1762513054_10-1212_Kalim_Bus_Stop,2025-11-07T17:57:34.561383,Rawai -> Airport,Kalim Bus Stop,4437,10-1212,3756,8,2025-11-07T18:05:34.561383,True,2025-11-07T18:28:09.650017,22.58
1762513240_10-1209_Holiday_Inn_Resort_Patong,2025-11-07T18:00:40.531527,Airport -> Rawai,Holiday Inn Resort Patong,7169,10-1209,6696,5,2025-11-07T18:05:40.531527,True,2025-11-07T18:23:13.714821,17.55
1762513428_10-1210_Woraburi_Karon,2025-11-07T18:03:48.249335,Rawai -> Airport,Woraburi Karon,2369,10-1210,537,19,2025-11-07T18:22:48.249335,True,2025-11-07T18:28:09.677398,5.36
1762513997_10-1210_Secret_cliff_resort_,2025-11-07T18:13:17.475447,Rawai -> Airport,Secret cliff resort ,2997,10-1210,1560,16,2025-11-07T18:29:17.475447,True,2025-11-08T09:31:41.094881,902.39
1762514889_10-1209_Kata_Palm,2025-11-07T18:28:09.013273,Airport -> Rawai,Kata Palm,9111,10-1209,8334,9,2025-11-07T18:37:09.013273,True,2025-11-08T10:11:50.517230,934.69
1762532527_10-1155_Phuket_Fantasea,2025-11-07T23:22:07.314391,Airport -> Rawai,Phuket Fantasea,5136,10-1155,1,45,2025-11-08T00:07:07.314391,True,2025-11-08T00:11:10.961812,4.06
1762533154_10-1210_Sai_Yuan,2025-11-07T23:32:34.634897,Airport -> Rawai,Sai Yuan,10247,10-1210,7538,27,2025-11-07T23:59:34.634897,True,2025-11-08T15:06:21.448362,906.78
1762535470_10-1147_Andaman_Cannacia_Resort,2025-11-08T00:11:10.448282,Airport -> Rawai,Andaman Cannacia Resort,9327,10-1147,7756,17,2025-11-08T00:28:10.448282,True,2025-11-08T00:33:44.387842,5.57
1762564938_10-1207_Patong_Bus_Stop,2025-11-08T08:22:18.881572,Rawai -> Airport,Patong Bus Stop,3674,10-1207,2612,9,2025-11-08T08:31:18.881572,True,2025-11-08T08:56:59.976395,25.68
1762566036_10-1204_Kalim_Bus_Stop,2025-11-08T08:40:36.441013,Airport -> Rawai,Kalim Bus Stop,6450,10-1204,2440,39,2025-11-08T09:19:36.441013,True,2025-11-08T09:55:10.024173,35.56
1762570509_10-1205_Kalim_Bus_Stop,2025-11-08T09:55:09.353995,Airport -> Rawai,Kalim Bus Stop,6450,10-1205,4682,17,2025-11-08T10:12:09.353995,True,2025-11-08T10:11:50.701124,-0.31
1762571510_10-1155_OZO_Kata,2025-11-08T10:11:50.011434,Rawai -> Airport,OZO Kata,1937,10-1155,1867,1,2025-11-08T10:12:50.011434,True,2025-11-08T10:30:44.190303,17.9
1762572643_10-1149_Four_Point_Patong,2025-11-08T10:30:43.485019,Rawai -> Airport,Four Point Patong,4204,10-1149,3924,4,2025-11-08T10:34:43.485019,True,2025-11-08T10:46:58.186970,12.25
1762573617_10-1148_Kalim_Bus_Stop,2025-11-08T10:46:57.583630,Airport -> Rawai,Kalim Bus Stop,6450,10-1148,3696,26,2025-11-08T11:12:57.583630,True,2025-11-08T12:01:08.506903,48.18
1762573984_10-1209_Kalim_Bus_Stop,2025-11-08T10:53:04.463573,Rawai -> Airport,Kalim Bus Stop,4437,10-1209,2384,22,2025-11-08T11:15:04.463573,True,2025-11-08T12:01:55.086150,46.84
1762574689_10-1148_Karon_Stadium,2025-11-08T11:04:49.095432,Airport -> Rawai,Karon Stadium,8823,10-1148,5207,38,2025-11-08T11:42:49.095432,True,2025-11-08T12:01:08.544177,18.32
1762576335_10-1212_Surin_Beach,2025-11-08T11:32:15.972594,Airport -> Rawai,Surin Beach,4456,10-1212,2653,17,2025-11-08T11:49:15.972594,True,2025-11-08T12:01:08.566364,11.88
1762580669_10-1210_Lotus_Cherngtalay,2025-11-08T12:44:29.637756,Airport -> Rawai,Lotus Cherngtalay,3837,10-1210,83,32,2025-11-08T13:16:29.637756,True,2025-11-08T13:52:19.935440,35.84
1762581673_10-1205_Big_C_Kamala,2025-11-08T13:01:13.967179,Rawai -> Airport,Big C Kamala,5519,10-1205,3986,15,2025-11-08T13:16:13.967179,True,2025-11-08T13:18:44.076858,2.5
1762582723_10-1159_Secret_cliff_resort_,2025-11-08T13:18:43.369125,Airport -> Rawai,Secret cliff resort ,7899,10-1159,5098,30,2025-11-08T13:48:43.369125,True,2025-11-08T14:13:30.666729,24.79
1762583899_10-1210_Kalim_School,2025-11-08T13:38:19.952675,Airport -> Rawai,Kalim School,6540,10-1210,3179,33,2025-11-08T14:11:19.952675,True,2025-11-08T14:46:29.597233,35.16
1762584739_10-1210_Surin_Beach,2025-11-08T13:52:19.304823,Airport -> Rawai,Surin Beach,4456,10-1210,4253,1,2025-11-08T13:53:19.304823,True,2025-11-08T13:57:36.928560,4.29
1762585056_10-1210_Intercontinental_Kamala,2025-11-08T13:57:36.233260,Airport -> Rawai,Intercontinental Kamala,4912,10-1210,4621,2,2025-11-08T13:59:36.233260,True,2025-11-08T14:13:30.707903,13.91
1762586010_10-1148_Surin_Beach,2025-11-08T14:13:30.038368,Rawai -> Airport,Surin Beach,6442,10-1148,5698,6,2025-11-08T14:19:30.038368,True,2025-11-08T14:46:29.614767,26.99
1762589088_10-1209_Surin_Beach,2025-11-08T15:04:48.859855,Airport -> Rawai,Surin Beach,4456,10-1209,2513,19,2025-11-08T15:23:48.859855,True,2025-11-08T15:25:19.579934,1.51
1762589642_10-1209_Surin_Beach,2025-11-08T15:14:02.256981,Airport -> Rawai,Surin Beach,4456,10-1209,3504,10,2025-11-08T15:24:02.256981,True,2025-11-08T15:25:19.632831,1.29
1762589826_10-1196_Kalim_School,2025-11-08T15:17:06.820871,Rawai -> Airport,Kalim School,4320,10-1196,3857,6,2025-11-08T15:23:06.820871,True,2025-11-08T15:32:30.500197,9.39
1762590011_10-1149_Woraburi_Karon,2025-11-08T15:20:11.401855,Airport -> Rawai,Woraburi Karon,8523,10-1149,7496,8,2025-11-08T15:28:11.401855,True,2025-11-08T15:28:24.324696,0.22
1762590195_10-1148_Thalang_Public_Health_Office,2025-11-08T15:23:15.947894,Airport -> Rawai,Thalang Public Health Office,2368,10-1148,302,14,2025-11-08T15:37:15.947894,True,2025-11-08T17:23:18.110242,106.04
1762590380_10-1209_Kamala_Muslim_Cemetery,2025-11-08T15:26:20.676101,Airport -> Rawai,Kamala Muslim Cemetery,5026,10-1209,4497,4,2025-11-08T15:30:20.676101,True,2025-11-08T15:31:28.882207,1.14
1762590565_10-1196_Four_Point_Patong,2025-11-08T15:29:25.352062,Rawai -> Airport,Four Point Patong,4204,10-1196,4202,0,2025-11-08T15:29:25.352062,True,2025-11-08T15:29:26.077472,0.01
1762590749_10-1159_Karon_Stadium,2025-11-08T15:32:29.839889,Rawai -> Airport,Karon Stadium,2064,10-1159,778,13,2025-11-08T15:45:29.839889,True,2025-11-08T15:49:26.001132,3.94
1762590934_10-1159_Patong_Bus_Stop,2025-11-08T15:35:34.278312,Rawai -> Airport,Patong Bus Stop,3674,10-1159,1067,27,2025-11-08T16:02:34.278312,True,2025-11-08T16:15:39.875850,13.09
1762591118_10-1159_Beyond_hotel_Kata,2025-11-08T15:38:38.883413,Rawai -> Airport,Beyond hotel Kata,1728,10-1159,1313,4,2025-11-08T15:42:38.883413,True,2025-11-08T15:43:47.379806,1.14
1762591303_10-1159_Peach_Blossom,2025-11-08T15:41:43.566814,Rawai -> Airport,Peach Blossom,1963,10-1159,1639,4,2025-11-08T15:45:43.566814,True,2025-11-08T15:47:22.775443,1.65
1762591673_10-1159_Four_Point_Patong,2025-11-08T15:47:53.033559,Rawai -> Airport,Four Point Patong,4204,10-1159,1960,25,2025-11-08T16:12:53.033559,True,2025-11-08T16:40:23.247054,27.5
1762592042_10-1204_Beyond_hotel_Kata,2025-11-08T15:54:02.426732,Airport -> Rawai,Beyond hotel Kata,9157,10-1204,4958,45,2025-11-08T16:39:02.426732,True,2025-11-08T16:55:21.879673,16.32
1762592227_10-1204_Woraburi_Karon,2025-11-08T15:57:07.227928,Airport -> Rawai,Woraburi Karon,8523,10-1204,5245,34,2025-11-08T16:31:07.227928,True,2025-11-08T16:43:29.038224,12.36
1762592412_10-1204_Diamond_Cliff_Resort_&_Spa,2025-11-08T16:00:12.118138,Airport -> Rawai,Diamond Cliff Resort & Spa,6630,10-1204,5484,11,2025-11-08T16:11:12.118138,True,2025-11-08T16:10:30.869171,-0.69
1762592968_10-1159_Big_C_Kamala,2025-11-08T16:09:28.274980,Rawai -> Airport,Big C Kamala,5519,10-1159,3547,22,2025-11-08T16:31:28.274980,True,2025-11-08T16:54:20.004538,22.86
1762593339_10-1151_Phuket_Airport,2025-11-08T16:15:39.117170,Airport -> Rawai,Phuket Airport,3,10-1151,0,0,2025-11-08T16:15:39.117170,True,2025-11-08T16:15:40.016971,0.01
1762593524_10-1151_Phuket_Airport,2025-11-08T16:18:44.360368,Airport -> Rawai,Phuket Airport,3,10-1151,0,0,2025-11-08T16:18:44.360368,True,2025-11-08T16:18:45.143104,0.01
1762593894_10-1149_Beyond_hotel_Kata,2025-11-08T16:24:54.137354,Rawai -> Airport,Beyond hotel Kata,1728,10-1149,77,17,2025-11-08T16:41:54.137354,True,2025-11-08T16:47:37.126546,5.72
1762594450_10-1204_Beyond_hotel_Kata,2025-11-08T16:34:10.845056,Airport -> Rawai,Beyond hotel Kata,9157,10-1204,7434,17,2025-11-08T16:51:10.845056,True,2025-11-08T16:55:21.953879,4.19
1762594636_10-1159_Phuket_Fantasea,2025-11-08T16:37:16.665310,Rawai -> Airport,Phuket Fantasea,5751,10-1159,3845,20,2025-11-08T16:57:16.665310,True,2025-11-08T16:58:27.903779,1.19
1762594822_10-1149_Karon_Stadium,2025-11-08T16:40:22.502119,Rawai -> Airport,Karon Stadium,2064,10-1149,1346,8,2025-11-08T16:48:22.502119,True,2025-11-08T16:58:27.928552,10.09
1762595008_10-1151_Intercontinental_Kamala,2025-11-08T16:43:28.285938,Airport -> Rawai,Intercontinental Kamala,4912,10-1151,1299,32,2025-11-08T17:15:28.285938,True,2025-11-09T07:54:15.095342,878.78
1762595194_10-1149_Secret_cliff_resort_,2025-11-08T16:46:34.281587,Rawai -> Airport,Secret cliff resort ,2997,10-1149,1717,14,2025-11-08T17:00:34.281587,True,2025-11-08T17:13:26.342181,12.87
1762595380_10-1151_Karon_Stadium,2025-11-08T16:49:40.390530,Airport -> Rawai,Karon Stadium,8823,10-1151,2305,66,2025-11-08T17:55:40.390530,True,2025-11-09T10:44:54.028074,1009.23
1762595566_10-1159_Phuket_Fantasea,2025-11-08T16:52:46.323610,Rawai -> Airport,Phuket Fantasea,5751,10-1159,5397,3,2025-11-08T16:55:46.323610,True,2025-11-08T16:58:28.002624,2.69
1762595752_10-1151_Woraburi_Karon,2025-11-08T16:55:52.344617,Airport -> Rawai,Woraburi Karon,8523,10-1151,2445,62,2025-11-08T17:57:52.344617,True,2025-11-09T10:44:54.052448,1007.03
1762595938_10-1155_Karon_Stadium,2025-11-08T16:58:58.303094,Rawai -> Airport,Karon Stadium,2064,10-1155,321,18,2025-11-08T17:16:58.303094,True,2025-11-08T17:21:45.205440,4.78
1762596123_10-1149_Secret_cliff_resort_,2025-11-08T17:02:03.976602,Rawai -> Airport,Secret cliff resort ,2997,10-1149,2415,5,2025-11-08T17:07:03.976602,True,2025-11-08T17:13:26.418875,6.37
1762596309_10-1151_OZO_Phuket,2025-11-08T17:05:09.730452,Airport -> Rawai,OZO Phuket,8979,10-1151,2516,66,2025-11-08T18:11:09.730452,True,2025-11-09T10:44:54.069752,993.74
1762596495_10-1210_Phuket_Fantasea,2025-11-08T17:08:15.449143,Rawai -> Airport,Phuket Fantasea,5751,10-1210,3989,17,2025-11-08T17:25:15.449143,True,2025-11-08T17:32:37.378664,7.37
1762596681_10-1151_Surin_Beach,2025-11-08T17:11:21.556192,Airport -> Rawai,Surin Beach,4456,10-1151,3134,13,2025-11-08T17:24:21.556192,True,2025-11-09T07:54:15.163562,869.89
1762596867_10-1204_Andaman_Cannacia_Resort,2025-11-08T17:14:27.720940,Rawai -> Airport,Andaman Cannacia Resort,1565,10-1204,0,16,2025-11-08T17:30:27.720940,True,2025-11-08T18:13:40.711514,43.22
1762597054_10-1151_Beyond_hotel_Kata,2025-11-08T17:17:34.783482,Airport -> Rawai,Beyond hotel Kata,9157,10-1151,3560,59,2025-11-08T18:16:34.783482,True,2025-11-09T10:44:54.093572,988.32
1762597614_10-1151_Indigo_Patong,2025-11-08T17:26:54.823404,Airport -> Rawai,Indigo Patong,6893,10-1151,3669,33,2025-11-08T17:59:54.823404,True,2025-11-09T10:44:54.130354,1004.99
1762597987_10-1151_Kalim_Bus_Stop,2025-11-08T17:33:07.777789,Airport -> Rawai,Kalim Bus Stop,6450,10-1151,3669,27,2025-11-08T18:00:07.777789,True,2025-11-09T07:54:15.250354,834.12
1762598173_10-1209_Woraburi_Karon,2025-11-08T17:36:13.975662,Rawai -> Airport,Woraburi Karon,2369,10-1209,740,17,2025-11-08T17:53:13.975662,True,2025-11-08T17:58:34.567286,5.34
1762598360_10-1210_Laguna,2025-11-08T17:39:20.375757,Rawai -> Airport,Laguna,7313,10-1210,6437,9,2025-11-08T17:48:20.375757,True,2025-11-08T18:13:40.844174,25.34
1762598547_10-1209_Karon_Circle,2025-11-08T17:42:27.823468,Rawai -> Airport,Karon Circle,2454,10-1209,1489,11,2025-11-08T17:53:27.823468,True,2025-11-08T17:59:36.961226,6.15
1762598734_10-1209_Beyond_hotel_Kata,2025-11-08T17:45:34.503379,Rawai -> Airport,Beyond hotel Kata,1728,10-1209,1659,0,2025-11-08T17:45:34.503379,True,2025-11-08T17:47:40.055696,2.09
1762598921_10-1149_Big_C_Kamala,2025-11-08T17:48:41.447802,Rawai -> Airport,Big C Kamala,5519,10-1149,3837,18,2025-11-08T18:06:41.447802,True,2025-11-08T18:18:21.680895,11.67
1762599108_10-1210_Laguna,2025-11-08T17:51:48.369921,Rawai -> Airport,Laguna,7313,10-1210,6993,3,2025-11-08T17:54:48.369921,True,2025-11-08T18:13:40.893069,18.88
1762599295_10-1209_Karon_Circle,2025-11-08T17:54:55.179572,Rawai -> Airport,Karon Circle,2454,10-1209,2099,3,2025-11-08T17:57:55.179572,True,2025-11-08T17:59:37.031545,1.7
1762599669_10-1148_Intercontinental_Kamala,2025-11-08T18:01:09.709657,Airport -> Rawai,Intercontinental Kamala,4912,10-1148,3676,12,2025-11-08T18:13:09.709657,True,2025-11-08T18:13:40.936962,0.52
1762599857_10-1148_Karon_Circle,2025-11-08T18:04:17.232330,Airport -> Rawai,Karon Circle,8431,10-1148,3854,46,2025-11-08T18:50:17.232330,True,2025-11-08T19:11:24.310720,21.12
1762600044_10-1204_Woraburi_Karon,2025-11-08T18:07:24.689072,Rawai -> Airport,Woraburi Karon,2369,10-1204,1008,15,2025-11-08T18:22:24.689072,True,2025-11-08T18:28:45.926931,6.35
1762600232_10-1204_Secret_cliff_resort_,2025-11-08T18:10:32.164831,Rawai -> Airport,Secret cliff resort ,2997,10-1204,1336,18,2025-11-08T18:28:32.164831,True,2025-11-08T18:39:41.947489,11.16
1762600419_10-1212_Laguna,2025-11-08T18:13:39.758720,Airport -> Rawai,Laguna,3576,10-1212,1015,20,2025-11-08T18:33:39.758720,True,2025-11-08T18:54:46.359603,21.11
1762600607_10-1204_Secret_cliff_resort_,2025-11-08T18:16:47.142413,Rawai -> Airport,Secret cliff resort ,2997,10-1204,1773,14,2025-11-08T18:30:47.142413,True,2025-11-08T18:39:41.990251,8.91
1762600794_10-1212_Cherngtalay_School,2025-11-08T18:19:54.408571,Airport -> Rawai,Cherngtalay School,3541,10-1212,1335,17,2025-11-08T18:36:54.408571,True,2025-11-08T18:54:46.383971,17.87
1762600981_10-1148_Diamond_Cliff_Resort_&_Spa,2025-11-08T18:23:01.541183,Airport -> Rawai,Diamond Cliff Resort & Spa,6630,10-1148,5649,10,2025-11-08T18:33:01.541183,True,2025-11-08T18:31:22.396604,-1.65
1762601168_10-1148_Karon_Stadium,2025-11-08T18:26:08.756406,Airport -> Rawai,Karon Stadium,8823,10-1148,6034,29,2025-11-08T18:55:08.756406,True,2025-11-08T19:16:36.595631,21.46
1762601356_10-1210_Thalang_Public_Health_Office,2025-11-08T18:29:16.345861,Rawai -> Airport,Thalang Public Health Office,8532,10-1210,8269,2,2025-11-08T18:31:16.345861,True,2025-11-08T18:49:34.519496,18.3
1762601543_10-1148_Patong_PEA,2025-11-08T18:32:23.901164,Airport -> Rawai,Patong PEA,7083,10-1148,6711,4,2025-11-08T18:36:23.901164,True,2025-11-08T18:56:50.969082,20.45
1762602292_10-1210_Thalang_Public_Health_Office,2025-11-08T18:44:52.677247,Rawai -> Airport,Thalang Public Health Office,8532,10-1210,8316,2,2025-11-08T18:46:52.677247,True,2025-11-08T18:49:34.580572,2.7
1762602479_10-1196_Kalim_School,2025-11-08T18:47:59.860982,Airport -> Rawai,Kalim School,6540,10-1196,5638,8,2025-11-08T18:55:59.860982,True,2025-11-08T18:57:22.394014,1.38
1762602667_10-1196_Indigo_Patong,2025-11-08T18:51:07.107273,Airport -> Rawai,Indigo Patong,6893,10-1196,6041,10,2025-11-08T19:01:07.107273,True,2025-11-08T19:23:22.423243,22.26
1762602854_10-1196_Kata_Palm,2025-11-08T18:54:14.208372,Airport -> Rawai,Kata Palm,9111,10-1196,6387,30,2025-11-08T19:24:14.208372,True,2025-11-08T19:50:24.012947,26.16
1762603041_10-1148_Sai_Yuan,2025-11-08T18:57:21.336356,Airport -> Rawai,Sai Yuan,10247,10-1148,7283,30,2025-11-08T19:27:21.336356,True,2025-11-08T19:37:24.817292,10.06
1762603228_10-1148_Karon_Circle,2025-11-08T19:00:28.266844,Airport -> Rawai,Karon Circle,8431,10-1148,7345,9,2025-11-08T19:09:28.266844,True,2025-11-08T19:11:24.425478,1.94
1762603602_10-1205_OZO_Kata,2025-11-08T19:06:42.642127,Rawai -> Airport,OZO Kata,1937,10-1205,1276,7,2025-11-08T19:13:42.642127,True,2025-11-08T19:15:33.952978,1.86
1762603789_10-1148_Kata_Palm,2025-11-08T19:09:49.847466,Airport -> Rawai,Kata Palm,9111,10-1148,8315,9,2025-11-08T19:18:49.847466,True,2025-11-08T19:24:24.842337,5.58
1762603977_10-1148_Karon_Stadium,2025-11-08T19:12:57.002650,Airport -> Rawai,Karon Stadium,8823,10-1148,8426,4,2025-11-08T19:16:57.002650,True,2025-11-08T19:16:36.713435,-0.34
1762604164_10-1148_Sai_Yuan,2025-11-08T19:16:04.259391,Airport -> Rawai,Sai Yuan,10247,10-1148,8718,16,2025-11-08T19:32:04.259391,True,2025-11-08T19:37:24.844549,5.34
1762604538_10-1212_Diamond_Cliff_Resort_&_Spa,2025-11-08T19:22:18.964744,Airport -> Rawai,Diamond Cliff Resort & Spa,6630,10-1212,6476,2,2025-11-08T19:24:18.964744,True,2025-11-08T19:26:29.800223,2.18
1762604726_10-1196_Woraburi_Karon,2025-11-08T19:25:26.335086,Airport -> Rawai,Woraburi Karon,8523,10-1196,7319,11,2025-11-08T19:36:26.335086,True,2025-11-08T19:42:36.014073,6.16
1762604913_10-1159_Thalang_Public_Health_Office,2025-11-08T19:28:33.491396,Airport -> Rawai,Thalang Public Health Office,2368,10-1159,2365,0,2025-11-08T19:28:33.491396,True,2025-11-08T19:28:34.630212,0.02
1762605100_10-1209_Baan_Khian,2025-11-08T19:31:40.724033,Rawai -> Airport,Baan Khian,8300,10-1209,7082,12,2025-11-08T19:43:40.724033,True,2025-11-08T19:45:43.697972,2.05
1762605661_10-1205_Phuket_Fantasea,2025-11-08T19:41:01.672125,Rawai -> Airport,Phuket Fantasea,5751,10-1205,3671,23,2025-11-08T20:04:01.672125,True,2025-11-08T20:43:26.070576,39.41
1762605848_10-1204_Lotus_Cherngtalay,2025-11-08T19:44:08.961377,Rawai -> Airport,Lotus Cherngtalay,7024,10-1204,7006,0,2025-11-08T19:44:08.961377,True,2025-11-08T19:44:41.545200,0.54
1762606223_10-1151_Karon_Stadium,2025-11-08T19:50:23.001954,Airport -> Rawai,Karon Stadium,8823,10-1151,3669,52,2025-11-08T20:42:23.001954,True,2025-11-09T10:44:54.226098,842.52
1762606409_10-1151_Kalim_School,2025-11-08T19:53:29.703179,Airport -> Rawai,Kalim School,6540,10-1151,3669,28,2025-11-08T20:21:29.703179,True,2025-11-09T07:54:15.339923,692.76
1762606596_10-1205_Big_C_Kamala,2025-11-08T19:56:36.567603,Rawai -> Airport,Big C Kamala,5519,10-1205,3857,17,2025-11-08T20:13:36.567603,True,2025-11-08T20:40:18.567038,26.7
1762607157_10-1151_Surin_Beach,2025-11-08T20:05:57.119740,Airport -> Rawai,Surin Beach,4456,10-1151,3669,7,2025-11-08T20:12:57.119740,True,2025-11-09T07:54:15.355526,701.3
1762607344_10-1151_Diamond_Cliff_Resort_&_Spa,2025-11-08T20:09:04.065664,Airport -> Rawai,Diamond Cliff Resort & Spa,6630,10-1151,3669,29,2025-11-08T20:38:04.065664,True,2025-11-09T07:54:15.376019,676.19
1762607905_10-1205_Bangla_Patong_,2025-11-08T20:18:25.499011,Rawai -> Airport,Bangla Patong ,3858,10-1205,3857,0,2025-11-08T20:18:25.499011,True,2025-11-08T20:18:26.649310,0.02
1762608655_10-1151_Phuket_Fantasea,2025-11-08T20:30:55.347365,Airport -> Rawai,Phuket Fantasea,5136,10-1151,3669,14,2025-11-08T20:44:55.347365,True,2025-11-09T07:54:15.434745,669.33
1762609030_10-1205_Phuket_Fantasea,2025-11-08T20:37:10.134563,Rawai -> Airport,Phuket Fantasea,5751,10-1205,5061,6,2025-11-08T20:43:10.134563,True,2025-11-08T20:43:26.277357,0.27
1762609217_10-1149_Phuket_Fantasea,2025-11-08T20:40:17.489293,Airport -> Rawai,Phuket Fantasea,5136,10-1149,4293,7,2025-11-08T20:47:17.489293,True,2025-11-08T20:51:47.644457,4.5
1762609405_10-1155_Thalang_Public_Health_Office,2025-11-08T20:43:25.102040,Airport -> Rawai,Thalang Public Health Office,2368,10-1155,1236,7,2025-11-08T20:50:25.102040,True,2025-11-08T20:50:43.273303,0.3
1762609592_10-1205_Baan_Khian,2025-11-08T20:46:32.585230,Rawai -> Airport,Baan Khian,8300,10-1205,6109,21,2025-11-08T21:07:32.585230,True,2025-11-08T21:07:43.687865,0.19
1762609994_10-1149_Woraburi_Karon,2025-11-08T20:53:14.508125,Airport -> Rawai,Woraburi Karon,8523,10-1149,5369,33,2025-11-08T21:26:14.508125,True,2025-11-08T21:49:31.420045,23.28
1762610282_10-1151_Phuket_Fantasea,2025-11-08T20:58:02.949378,Airport -> Rawai,Phuket Fantasea,5136,10-1151,3669,14,2025-11-08T21:12:02.949378,True,2025-11-09T07:54:15.471706,642.21
1762610798_10-1155_Surin_Beach,2025-11-08T21:06:38.991219,Airport -> Rawai,Surin Beach,4456,10-1155,4009,3,2025-11-08T21:09:38.991219,True,2025-11-08T21:10:51.614127,1.21
1762610987_10-1155_Diamond_Cliff_Resort_&_Spa,2025-11-08T21:09:47.815559,Airport -> Rawai,Diamond Cliff Resort & Spa,6630,10-1155,4399,22,2025-11-08T21:31:47.815559,True,2025-11-08T21:28:36.962897,-3.18
1762611739_10-1151_Lotus_Cherngtalay,2025-11-08T21:22:19.406541,Airport -> Rawai,Lotus Cherngtalay,3837,10-1151,3669,2,2025-11-08T21:24:19.406541,True,2025-11-09T07:54:15.529554,629.94
1762611927_10-1151_Kamala_Muslim_Cemetery,2025-11-08T21:25:27.730316,Airport -> Rawai,Kamala Muslim Cemetery,5026,10-1151,3669,13,2025-11-08T21:38:27.730316,True,2025-11-09T07:54:15.545471,615.8
1762612679_10-1204_Kalim_Bus_Stop,2025-11-08T21:37:59.282041,Airport -> Rawai,Kalim Bus Stop,6450,10-1204,4269,20,2025-11-08T21:57:59.282041,True,2025-11-08T21:57:24.592911,-0.58
1762612867_10-1204_Diamond_Cliff_Resort_&_Spa,2025-11-08T21:41:07.767581,Airport -> Rawai,Diamond Cliff Resort & Spa,6630,10-1204,4616,20,2025-11-08T22:01:07.767581,True,2025-11-08T21:58:27.146185,-2.68
1762613056_10-1204_Holiday_Inn_Resort_Patong,2025-11-08T21:44:16.384214,Airport -> Rawai,Holiday Inn Resort Patong,7169,10-1204,5056,22,2025-11-08T22:06:16.384214,True,2025-11-08T22:33:31.647178,27.25
1762613244_10-1209_Thalang_Public_Health_Office,2025-11-08T21:47:24.774273,Airport -> Rawai,Thalang Public Health Office,2368,10-1209,1642,4,2025-11-08T21:51:24.774273,True,2025-11-08T21:53:44.855048,2.33
1762613613_10-1204_Holiday_Inn_Resort_Patong,2025-11-08T21:53:33.569337,Airport -> Rawai,Holiday Inn Resort Patong,7169,10-1204,6024,13,2025-11-08T22:06:33.569337,True,2025-11-08T22:33:31.693213,26.97
1762614367_10-1151_Big_C_Kamala,2025-11-08T22:06:07.726284,Airport -> Rawai,Big C Kamala,5396,10-1151,3669,17,2025-11-08T22:23:07.726284,True,2025-11-09T07:54:15.582457,571.13
1762614555_10-1209_Patong_PEA,2025-11-08T22:09:15.627609,Airport -> Rawai,Patong PEA,7083,10-1209,3952,31,2025-11-08T22:40:15.627609,True,2025-11-08T23:03:34.711154,23.32
1762614932_10-1205_Laguna,2025-11-08T22:15:32.076389,Airport -> Rawai,Laguna,3576,10-1205,1987,14,2025-11-08T22:29:32.076389,True,2025-11-08T22:26:42.215703,-2.83
1762615309_10-1209_Big_C_Kamala,2025-11-08T22:21:49.017599,Airport -> Rawai,Big C Kamala,5396,10-1209,5227,1,2025-11-08T22:22:49.017599,True,2025-11-08T22:24:36.755720,1.8
1762615497_10-1209_Woraburi_Karon,2025-11-08T22:24:57.050066,Airport -> Rawai,Woraburi Karon,8523,10-1209,5418,32,2025-11-08T22:56:57.050066,True,2025-11-08T23:13:42.253894,16.75
1762616054_10-1209_Holiday_Inn_Resort_Patong,2025-11-08T22:34:14.223636,Airport -> Rawai,Holiday Inn Resort Patong,7169,10-1209,6491,8,2025-11-08T22:42:14.223636,True,2025-11-08T23:03:34.776079,21.34
1762616430_10-1155_Karon_Circle,2025-11-08T22:40:30.764106,Rawai -> Airport,Karon Circle,2454,10-1155,252,23,2025-11-08T23:03:30.764106,True,2025-11-09T06:27:18.358403,443.79
1762616993_10-1205_Karon_Stadium,2025-11-08T22:49:53.891983,Airport -> Rawai,Karon Stadium,8823,10-1205,6044,29,2025-11-08T23:18:53.891983,True,2025-11-08T23:38:42.052145,19.8
1762618112_10-1151_Lotus_Cherngtalay,2025-11-08T23:08:32.300456,Airport -> Rawai,Lotus Cherngtalay,3837,10-1151,3669,2,2025-11-08T23:10:32.300456,True,2025-11-09T07:54:15.652556,523.72
1762619613_10-1205_Sai_Yuan,2025-11-08T23:33:33.291784,Airport -> Rawai,Sai Yuan,10247,10-1205,8323,21,2025-11-08T23:54:33.291784,True,2025-11-08T23:51:27.530341,-3.1
1762619804_10-1205_Karon_Stadium,2025-11-08T23:36:44.584839,Airport -> Rawai,Karon Stadium,8823,10-1205,8556,2,2025-11-08T23:38:44.584839,True,2025-11-08T23:38:42.187640,-0.04
1762620187_10-1151_Karon_Circle,2025-11-08T23:43:07.456872,Airport -> Rawai,Karon Circle,8431,10-1151,3669,48,2025-11-09T00:31:07.456872,True,2025-11-09T10:44:54.411017,613.78
1762620378_10-1151_Kata_Palm,2025-11-08T23:46:18.717164,Airport -> Rawai,Kata Palm,9111,10-1151,3669,57,2025-11-09T00:43:18.717164,True,2025-11-09T10:44:54.428928,601.6
1762620761_10-1151_Kalim_School,2025-11-08T23:52:41.464149,Airport -> Rawai,Kalim School,6540,10-1151,3669,28,2025-11-09T00:20:41.464149,True,2025-11-09T07:54:15.706633,453.57
1762621336_10-1151_Lotus_Cherngtalay,2025-11-09T00:02:16.146132,Airport -> Rawai,Lotus Cherngtalay,3837,10-1151,3669,2,2025-11-09T00:04:16.146132,True,2025-11-09T07:54:15.764568,469.99
1762621527_10-1205_Beyond_hotel_Kata,2025-11-09T00:05:27.892822,Rawai -> Airport,Beyond hotel Kata,1728,10-1205,252,14,2025-11-09T00:19:27.892822,True,2025-11-09T10:12:32.957247,593.08
1762621719_10-1151_Intercontinental_Kamala,2025-11-09T00:08:39.665800,Airport -> Rawai,Intercontinental Kamala,4912,10-1151,3669,12,2025-11-09T00:20:39.665800,True,2025-11-09T07:54:15.802013,453.6
1762622444_10-1151_Big_C_Kamala,2025-11-09T00:20:44.778366,Airport -> Rawai,Big C Kamala,5396,10-1151,3669,17,2025-11-09T00:37:44.778366,True,2025-11-09T07:54:15.840067,436.52
1762622626_10-1151_Intercontinental_Kamala,2025-11-09T00:23:46.889789,Airport -> Rawai,Intercontinental Kamala,4912,10-1151,3669,12,2025-11-09T00:35:46.889789,True,2025-11-09T07:54:15.862183,438.48
1762622809_10-1151_Andaman_Cannacia_Resort,2025-11-09T00:26:49.030742,Airport -> Rawai,Andaman Cannacia Resort,9327,10-1151,3669,60,2025-11-09T01:26:49.030742,True,2025-11-09T10:44:54.503201,558.09
1762623171_10-1151_Holiday_Inn_Resort_Patong,2025-11-09T00:32:51.650639,Airport -> Rawai,Holiday Inn Resort Patong,7169,10-1151,3669,36,2025-11-09T01:08:51.650639,True,2025-11-09T10:44:54.526233,576.05
1762623354_10-1151_Kalim_School,2025-11-09T00:35:54.094332,Airport -> Rawai,Kalim School,6540,10-1151,3669,28,2025-11-09T01:03:54.094332,True,2025-11-09T07:54:15.909803,410.36
1762623534_10-1151_Diamond_Cliff_Resort_&_Spa,2025-11-09T00:38:54.785616,Airport -> Rawai,Diamond Cliff Resort & Spa,6630,10-1151,3669,29,2025-11-09T01:07:54.785616,True,2025-11-09T07:54:15.930415,406.35
1762623900_10-1151_Sai_Yuan,2025-11-09T00:45:00.337931,Airport -> Rawai,Sai Yuan,10247,10-1151,3669,68,2025-11-09T01:53:00.337931,True,2025-11-09T10:44:54.552029,531.9
1762624081_10-1151_Woraburi_Karon,2025-11-09T00:48:01.143486,Airport -> Rawai,Woraburi Karon,8523,10-1151,3669,49,2025-11-09T01:37:01.143486,True,2025-11-09T10:44:54.569487,547.89
1762624264_10-1151_Karon_Stadium,2025-11-09T00:51:04.191349,Airport -> Rawai,Karon Stadium,8823,10-1151,3669,52,2025-11-09T01:43:04.191349,True,2025-11-09T10:44:54.595218,541.84
1762624447_10-1151_Indigo_Patong,2025-11-09T00:54:07.442833,Airport -> Rawai,Indigo Patong,6893,10-1151,3669,33,2025-11-09T01:27:07.442833,True,2025-11-09T10:44:54.614501,557.79
1762624628_10-1151_Karon_Stadium,2025-11-09T00:57:08.651861,Airport -> Rawai,Karon Stadium,8823,10-1151,3669,52,2025-11-09T01:49:08.651861,True,2025-11-09T10:44:54.639421,535.77
1762625360_10-1151_Andaman_Cannacia_Resort,2025-11-09T01:09:20.535175,Airport -> Rawai,Andaman Cannacia Resort,9327,10-1151,3669,60,2025-11-09T02:09:20.535175,True,2025-11-09T10:44:54.661598,515.57
1762625909_10-1151_Lotus_Cherngtalay,2025-11-09T01:18:29.354901,Airport -> Rawai,Lotus Cherngtalay,3837,10-1151,3669,2,2025-11-09T01:20:29.354901,True,2025-11-09T07:54:16.069261,393.78
1762626642_10-1151_Lotus_Cherngtalay,2025-11-09T01:30:42.902074,Airport -> Rawai,Lotus Cherngtalay,3837,10-1151,3669,2,2025-11-09T01:32:42.902074,True,2025-11-09T07:54:16.084910,381.55
1762627925_10-1151_Holiday_Inn_Resort_Patong,2025-11-09T01:52:05.463390,Airport -> Rawai,Holiday Inn Resort Patong,7169,10-1151,3669,36,2025-11-09T02:28:05.463390,True,2025-11-09T10:44:54.720300,496.82
1762628109_10-1151_Karon_Stadium,2025-11-09T01:55:09.859692,Airport -> Rawai,Karon Stadium,8823,10-1151,3669,52,2025-11-09T02:47:09.859692,True,2025-11-09T10:44:54.744572,477.75
1762628294_10-1151_Diamond_Cliff_Resort_&_Spa,2025-11-09T01:58:14.708905,Airport -> Rawai,Diamond Cliff Resort & Spa,6630,10-1151,3669,29,2025-11-09T02:27:14.708905,True,2025-11-09T07:54:16.153668,327.02
1762628477_10-1151_Surin_Beach,2025-11-09T02:01:17.336268,Airport -> Rawai,Surin Beach,4456,10-1151,3669,7,2025-11-09T02:08:17.336268,True,2025-11-09T07:54:16.174510,345.98
1762629216_10-1151_Indigo_Patong,2025-11-09T02:13:36.884374,Airport -> Rawai,Indigo Patong,6893,10-1151,3669,33,2025-11-09T02:46:36.884374,True,2025-11-09T10:44:54.781888,478.3
1762629585_10-1151_Karon_Stadium,2025-11-09T02:19:45.368553,Airport -> Rawai,Karon Stadium,8823,10-1151,3669,52,2025-11-09T03:11:45.368553,True,2025-11-09T10:44:54.799747,453.16
1762630325_10-1151_Sai_Yuan,2025-11-09T02:32:05.172375,Airport -> Rawai,Sai Yuan,10247,10-1151,3669,68,2025-11-09T03:40:05.172375,True,2025-11-09T10:44:54.822760,424.83
1762630511_10-1151_Sai_Yuan,2025-11-09T02:35:11.117698,Airport -> Rawai,Sai Yuan,10247,10-1151,3669,68,2025-11-09T03:43:11.117698,True,2025-11-09T10:44:54.840377,421.73
1762630694_10-1151_Intercontinental_Kamala,2025-11-09T02:38:14.710624,Airport -> Rawai,Intercontinental Kamala,4912,10-1151,3669,12,2025-11-09T02:50:14.710624,True,2025-11-09T07:54:16.277094,304.03
1762631250_10-1151_Kalim_School,2025-11-09T02:47:30.927804,Airport -> Rawai,Kalim School,6540,10-1151,3669,28,2025-11-09T03:15:30.927804,True,2025-11-09T07:54:16.314362,278.76
1762631437_10-1151_Surin_Beach,2025-11-09T02:50:37.342636,Airport -> Rawai,Surin Beach,4456,10-1151,3669,7,2025-11-09T02:57:37.342636,True,2025-11-09T07:54:16.336481,296.65
1762633297_10-1151_Patong_PEA,2025-11-09T03:21:37.099529,Airport -> Rawai,Patong PEA,7083,10-1151,3669,35,2025-11-09T03:56:37.099529,True,2025-11-09T10:44:54.918801,408.3
1762633668_10-1151_Kalim_Bus_Stop,2025-11-09T03:27:48.028000,Airport -> Rawai,Kalim Bus Stop,6450,10-1151,3669,27,2025-11-09T03:54:48.028000,True,2025-11-09T07:54:16.409461,239.47
1762633855_10-1151_Diamond_Cliff_Resort_&_Spa,2025-11-09T03:30:55.692989,Airport -> Rawai,Diamond Cliff Resort & Spa,6630,10-1151,3669,29,2025-11-09T03:59:55.692989,True,2025-11-09T07:54:16.432219,234.35
1762634228_10-1151_Surin_Beach,2025-11-09T03:37:08.058239,Airport -> Rawai,Surin Beach,4456,10-1151,3669,7,2025-11-09T03:44:08.058239,True,2025-11-09T07:54:16.447914,250.14
1762634600_10-1151_Diamond_Cliff_Resort_&_Spa,2025-11-09T03:43:20.740997,Airport -> Rawai,Diamond Cliff Resort & Spa,6630,10-1151,3669,29,2025-11-09T04:12:20.740997,True,2025-11-09T07:54:16.489429,221.93
1762634788_10-1151_Intercontinental_Kamala,2025-11-09T03:46:28.948552,Airport -> Rawai,Intercontinental Kamala,4912,10-1151,3669,12,2025-11-09T03:58:28.948552,True,2025-11-09T07:54:16.505680,235.79
1762635348_10-1151_Sai_Yuan,2025-11-09T03:55:48.341455,Airport -> Rawai,Sai Yuan,10247,10-1151,3669,68,2025-11-09T05:03:48.341455,True,2025-11-09T10:44:54.956471,341.11
1762635530_10-1151_Karon_Circle,2025-11-09T03:58:50.865970,Airport -> Rawai,Karon Circle,8431,10-1151,3669,48,2025-11-09T04:46:50.865970,True,2025-11-09T10:44:54.973793,358.07
1762635711_10-1151_Karon_Circle,2025-11-09T04:01:51.314839,Airport -> Rawai,Karon Circle,8431,10-1151,3669,48,2025-11-09T04:49:51.314839,True,2025-11-09T10:44:54.996606,355.06
1762635894_10-1151_Secret_cliff_resort_,2025-11-09T04:04:54.204613,Airport -> Rawai,Secret cliff resort ,7899,10-1151,3669,43,2025-11-09T04:47:54.204613,True,2025-11-09T10:44:55.021271,357.01
1762636077_10-1151_Patong_PEA,2025-11-09T04:07:57.091863,Airport -> Rawai,Patong PEA,7083,10-1151,3669,35,2025-11-09T04:42:57.091863,True,2025-11-09T10:44:55.038462,361.97
1762636440_10-1151_Karon_Stadium,2025-11-09T04:14:00.525081,Airport -> Rawai,Karon Stadium,8823,10-1151,3669,52,2025-11-09T05:06:00.525081,True,2025-11-09T10:44:55.062042,338.91
1762636622_10-1151_Patong_PEA,2025-11-09T04:17:02.754474,Airport -> Rawai,Patong PEA,7083,10-1151,3669,35,2025-11-09T04:52:02.754474,True,2025-11-09T10:44:55.080212,352.87
1762637167_10-1151_Lotus_Cherngtalay,2025-11-09T04:26:07.950498,Airport -> Rawai,Lotus Cherngtalay,3837,10-1151,3669,2,2025-11-09T04:28:07.950498,True,2025-11-09T07:54:16.671807,206.15
1762637348_10-1151_Beyond_hotel_Kata,2025-11-09T04:29:08.429560,Airport -> Rawai,Beyond hotel Kata,9157,10-1151,3669,57,2025-11-09T05:26:08.429560,True,2025-11-09T10:44:55.124772,318.78
1762637714_10-1151_Indigo_Patong,2025-11-09T04:35:14.453385,Airport -> Rawai,Indigo Patong,6893,10-1151,3669,33,2025-11-09T05:08:14.453385,True,2025-11-09T10:44:55.175237,336.68
1762638811_10-1151_Andaman_Cannacia_Resort,2025-11-09T04:53:31.028245,Airport -> Rawai,Andaman Cannacia Resort,9327,10-1151,3669,60,2025-11-09T05:53:31.028245,True,2025-11-09T10:44:55.193231,291.4
1762639119_10-1151_Woraburi_Karon,2025-11-09T04:58:39.163895,Airport -> Rawai,Woraburi Karon,8523,10-1151,3669,49,2025-11-09T05:47:39.163895,True,2025-11-09T10:44:55.217753,297.27
1762639461_10-1151_Andaman_Cannacia_Resort,2025-11-09T05:04:21.878819,Airport -> Rawai,Andaman Cannacia Resort,9327,10-1151,3669,60,2025-11-09T06:04:21.878819,True,2025-11-09T10:44:55.234744,280.56
1762640894_10-1196_Big_C_Kamala,2025-11-09T05:28:14.402262,Rawai -> Airport,Big C Kamala,5519,10-1196,3858,17,2025-11-09T05:45:14.402262,True,2025-11-09T08:44:01.750385,178.79
1762641237_10-1151_Kalim_School,2025-11-09T05:33:57.253926,Airport -> Rawai,Kalim School,6540,10-1151,3669,28,2025-11-09T06:01:57.253926,True,2025-11-09T07:54:16.832057,112.33
1762641605_10-1204_Bangla_Patong_,2025-11-09T05:40:05.747136,Rawai -> Airport,Bangla Patong ,3858,10-1204,2697,11,2025-11-09T05:51:05.747136,True,2025-11-09T05:58:36.505643,7.51
1762642163_10-1151_Kata_Palm,2025-11-09T05:49:23.177396,Airport -> Rawai,Kata Palm,9111,10-1151,3669,57,2025-11-09T06:46:23.177396,True,2025-11-09T10:44:55.273274,238.53
1762642347_10-1151_Indigo_Patong,2025-11-09T05:52:27.423096,Airport -> Rawai,Indigo Patong,6893,10-1151,3669,33,2025-11-09T06:25:27.423096,True,2025-11-09T10:44:55.312669,259.46
1762642714_10-1151_Big_C_Kamala,2025-11-09T05:58:34.168053,Airport -> Rawai,Big C Kamala,5396,10-1151,3669,17,2025-11-09T06:15:34.168053,True,2025-11-09T07:54:16.906616,98.71
1762643083_10-1204_Big_C_Kamala,2025-11-09T06:04:43.779415,Rawai -> Airport,Big C Kamala,5519,10-1204,4032,15,2025-11-09T06:19:43.779415,True,2025-11-09T06:17:02.237036,-2.69
1762643267_10-1155_Secret_cliff_resort_,2025-11-09T06:07:47.266952,Rawai -> Airport,Secret cliff resort ,2997,10-1155,1780,13,2025-11-09T06:20:47.266952,True,2025-11-09T06:32:11.828485,11.41
1762643819_10-1151_Kalim_School,2025-11-09T06:16:59.818451,Airport -> Rawai,Kalim School,6540,10-1151,3669,28,2025-11-09T06:44:59.818451,True,2025-11-09T07:54:16.958482,69.29
1762644004_10-1151_Indigo_Patong,2025-11-09T06:20:04.965126,Airport -> Rawai,Indigo Patong,6893,10-1151,3669,33,2025-11-09T06:53:04.965126,True,2025-11-09T10:44:55.388515,231.84
1762644189_10-1196_Four_Point_Patong,2025-11-09T06:23:09.794782,Rawai -> Airport,Four Point Patong,4204,10-1196,3858,5,2025-11-09T06:28:09.794782,True,2025-11-09T08:44:01.868646,135.87
1762644372_10-1204_Lotus_Cherngtalay,2025-11-09T06:26:12.260146,Rawai -> Airport,Lotus Cherngtalay,7024,10-1204,6482,5,2025-11-09T06:31:12.260146,True,2025-11-09T06:31:07.040290,-0.09
1762644557_10-1204_Thalang_Public_Health_Office,2025-11-09T06:29:17.242418,Rawai -> Airport,Thalang Public Health Office,8532,10-1204,6867,17,2025-11-09T06:46:17.242418,True,2025-11-09T06:45:12.363840,-1.08
1762644742_10-1151_OZO_Phuket,2025-11-09T06:32:22.193934,Airport -> Rawai,OZO Phuket,8979,10-1151,3669,55,2025-11-09T07:27:22.193934,True,2025-11-09T10:44:55.412623,197.55
1762645109_10-1151_Kamala_Muslim_Cemetery,2025-11-09T06:38:29.673762,Airport -> Rawai,Kamala Muslim Cemetery,5026,10-1151,3669,13,2025-11-09T06:51:29.673762,True,2025-11-09T07:54:17.046965,62.79
1762645294_10-1151_Kata_Palm,2025-11-09T06:41:34.721396,Airport -> Rawai,Kata Palm,9111,10-1151,3669,57,2025-11-09T07:38:34.721396,True,2025-11-09T10:44:55.450020,186.35
1762645477_10-1151_Kamala_Muslim_Cemetery,2025-11-09T06:44:37.425803,Airport -> Rawai,Kamala Muslim Cemetery,5026,10-1151,3669,13,2025-11-09T06:57:37.425803,True,2025-11-09T07:54:17.081934,56.66
1762645662_10-1151_Karon_Stadium,2025-11-09T06:47:42.609589,Airport -> Rawai,Karon Stadium,8823,10-1151,3669,52,2025-11-09T07:39:42.609589,True,2025-11-09T10:44:55.468887,185.21
1762647175_10-1151_Karon_Circle,2025-11-09T07:12:55.019218,Airport -> Rawai,Karon Circle,8431,10-1151,3669,48,2025-11-09T08:00:55.019218,True,2025-11-09T10:44:55.527045,164.01
1762648155_10-1151_Kalim_School,2025-11-09T07:29:15.546238,Airport -> Rawai,Kalim School,6540,10-1151,3669,28,2025-11-09T07:57:15.546238,True,2025-11-09T07:54:17.174448,-2.97
1762649621_10-1151_Secret_cliff_resort_,2025-11-09T07:53:41.655327,Airport -> Rawai,Secret cliff resort ,7899,10-1151,3669,43,2025-11-09T08:36:41.655327,True,2025-11-09T10:44:55.550743,128.23
1762652639_10-1204_Karon_Circle,2025-11-09T08:43:59.969745,Airport -> Rawai,Karon Circle,8431,10-1204,2490,60,2025-11-09T09:43:59.969745,True,2025-11-09T09:54:53.369649,10.89
1762653231_10-1204_Lotus_Cherngtalay,2025-11-09T08:53:51.724744,Airport -> Rawai,Lotus Cherngtalay,3837,10-1204,3512,4,2025-11-09T08:57:51.724744,True,2025-11-09T09:09:23.873850,11.54
1762654161_10-1149_Surin_Beach,2025-11-09T09:09:21.869646,Airport -> Rawai,Surin Beach,4456,10-1149,627,32,2025-11-09T09:41:21.869646,True,2025-11-09T09:54:53.384883,13.53
1762655138_10-1149_Kamala_Muslim_Cemetery,2025-11-09T09:25:38.551935,Airport -> Rawai,Kamala Muslim Cemetery,5026,10-1149,2481,25,2025-11-09T09:50:38.551935,True,2025-11-09T09:54:53.405185,4.25
1762656891_10-1149_Kalim_Bus_Stop,2025-11-09T09:54:51.139036,Airport -> Rawai,Kalim Bus Stop,6450,10-1149,5438,9,2025-11-09T10:03:51.139036,True,2025-11-09T10:29:10.627125,25.32
1762658948_10-1205_Patong_Bus_Stop,2025-11-09T10:29:08.411182,Rawai -> Airport,Patong Bus Stop,3674,10-1205,3619,0,2025-11-09T10:29:08.411182,True,2025-11-09T10:44:55.602503,15.79
1762659893_10-1207_Cherngtalay_School,2025-11-09T10:44:53.209174,Rawai -> Airport,Cherngtalay School,7346,10-1207,6373,10,2025-11-09T10:54:53.209174,True,2025-11-09T10:56:22.631882,1.49
1762660438_10-1205_Kalim_Bus_Stop,2025-11-09T10:53:58.780745,Rawai -> Airport,Kalim Bus Stop,4437,10-1205,3979,5,2025-11-09T10:58:58.780745,True,2025-11-09T11:12:17.513225,13.31
1762661536_10-1151_Karon_Circle,2025-11-09T11:12:16.006336,Rawai -> Airport,Karon Circle,2454,10-1151,1893,6,2025-11-09T11:18:16.006336,True,2025-11-09T11:28:58.116333,10.7
1762663738_10-1204_Karon_Circle,2025-11-09T11:48:58.302269,Rawai -> Airport,Karon Circle,2454,10-1204,1957,6,2025-11-09T11:54:58.302269,True,2025-11-09T11:56:54.029103,1.93
1762664212_10-1209_Secret_cliff_resort_,2025-11-09T11:56:52.553199,Airport -> Rawai,Secret cliff resort ,7899,10-1209,7569,2,2025-11-09T11:58:52.553199,True,2025-11-09T12:13:01.146213,14.14
1762669496_10-1212_Cherngtalay_School,2025-11-09T13:24:56.726622,Airport -> Rawai,Cherngtalay School,3541,10-1212,2734,7,2025-11-09T13:31:56.726622,True,2025-11-09T13:43:04.132325,11.12
1762670582_10-1209_Woraburi_Karon,2025-11-09T13:43:02.586702,Rawai -> Airport,Woraburi Karon,2369,10-1209,1641,9,2025-11-09T13:52:02.586702,True,2025-11-09T13:58:03.761705,6.02
1762670860_10-1207_Phuket_Fantasea,2025-11-09T13:47:40.963172,Airport -> Rawai,Phuket Fantasea,5136,10-1207,1939,30,2025-11-09T14:17:40.963172,True,2025-11-09T14:17:55.941864,0.25
1762671482_10-1212_Indigo_Patong,2025-11-09T13:58:02.291124,Airport -> Rawai,Indigo Patong,6893,10-1212,6501,5,2025-11-09T14:03:02.291124,True,2025-11-09T14:14:11.171540,11.15
1762672449_10-1207_Phuket_Fantasea,2025-11-09T14:14:09.697404,Airport -> Rawai,Phuket Fantasea,5136,10-1207,4953,1,2025-11-09T14:15:09.697404,True,2025-11-09T14:17:55.959174,2.77
1762672674_10-1205_Kamala_Muslim_Cemetery,2025-11-09T14:17:54.517433,Airport -> Rawai,Kamala Muslim Cemetery,5026,10-1205,1121,34,2025-11-09T14:51:54.517433,True,2025-11-09T14:57:56.615843,6.03
1762758290_10-1148_OZO_Phuket,2025-11-10T14:04:50.504143,Airport -> Rawai,OZO Phuket,8979,10-1148,8349,7,2025-11-10T14:11:50.504143,True,2025-11-10T14:15:32.646362,3.7
1762758740_10-1148_Andaman_Cannacia_Resort,2025-11-10T14:12:20.188631,Airport -> Rawai,Andaman Cannacia Resort,9327,10-1148,8906,5,2025-11-10T14:17:20.188631,True,2025-11-10T14:21:12.842008,3.88
1762758922_10-1152_Woraburi_Karon,2025-11-10T14:15:22.139027,Rawai -> Airport,Woraburi Karon,2369,10-1152,2038,3,2025-11-10T14:18:22.139027,True,2025-11-10T14:20:11.824512,1.83
1762759108_10-1207_Cherngtalay_School,2025-11-10T14:18:28.273350,Airport -> Rawai,Cherngtalay School,3541,10-1207,1949,14,2025-11-10T14:32:28.273350,True,2025-11-10T14:35:30.041764,3.03
1762759479_10-1159_Kalim_School,2025-11-10T14:24:39.633368,Airport -> Rawai,Kalim School,6540,10-1159,5350,11,2025-11-10T14:35:39.633368,True,2025-11-10T14:34:59.292388,-0.67
1762759665_10-1148_Beyond_hotel_Kata,2025-11-10T14:27:45.691733,Rawai -> Airport,Beyond hotel Kata,1728,10-1148,838,8,2025-11-10T14:35:45.691733,True,2025-11-10T15:41:07.258693,65.36
1762759849_10-1151_OZO_Phuket,2025-11-10T14:30:49.712427,Airport -> Rawai,OZO Phuket,8979,10-1151,7285,17,2025-11-10T14:47:49.712427,True,2025-11-10T14:48:24.713550,0.58
1762760038_10-1219_Kathu_Fresh_Market,2025-11-10T14:33:58.365442,Bus 2 -> Bus 1 -> Patong,Kathu Fresh Market,3266,10-1219,2678,5,2025-11-10T14:38:58.365442,True,2025-11-10T14:40:10.112712,1.2
1762760224_10-1264_Phuket_Thaihua_Museum,2025-11-10T14:37:04.994775,Dragon Line,Phuket Thaihua Museum,760,10-1264,160,6,2025-11-10T14:43:04.994775,True,2025-11-10T14:55:11.660186,12.11
1762760595_10-1150_Cafe_De_Mar,2025-11-10T14:43:15.517288,Rawai -> Airport,Cafe De Mar,5945,10-1150,5761,1,2025-11-10T14:44:15.517288,False,,
1762760966_10-1152_Four_Point_Patong,2025-11-10T14:49:26.606292,Rawai -> Airport,Four Point Patong,4204,10-1152,3848,5,2025-11-10T14:54:26.606292,True,2025-11-10T15:02:22.222083,7.93
1762761150_10-1264_Phuket_Thaihua_Museum,2025-11-10T14:52:30.359919,Dragon Line,Phuket Thaihua Museum,760,10-1264,684,0,2025-11-10T14:52:30.359919,True,2025-11-10T14:55:11.710700,2.69
1762761332_10-1204_Patong_Bus_Stop,2025-11-10T14:55:32.159107,Rawai -> Airport,Patong Bus Stop,3674,10-1204,3574,1,2025-11-10T14:56:32.159107,False,,
1762761701_10-1264_Old_Town_Intersection,2025-11-10T15:01:41.259800,Dragon Line,Old Town Intersection,134,10-1264,2,1,2025-11-10T15:02:41.259800,True,2025-11-10T15:25:17.551856,22.6
1762762067_10-1152_Phuket_Fantasea,2025-11-10T15:07:47.669982,Rawai -> Airport,Phuket Fantasea,5751,10-1152,4842,9,2025-11-10T15:16:47.669982,True,2025-11-10T15:17:38.818646,0.85
1762762251_10-1204_Patong_Bus_Stop,2025-11-10T15:10:51.081177,Rawai -> Airport,Patong Bus Stop,3674,10-1204,3574,1,2025-11-10T15:11:51.081177,False,,
1762762434_10-1264_Royal_Phuket_City_Hotel,2025-11-10T15:13:54.447696,Dragon Line,Royal Phuket City Hotel,243,10-1264,3,2,2025-11-10T15:15:54.447696,True,2025-11-10T15:25:17.584681,9.39
1762762617_10-1210_Baan_Khian,2025-11-10T15:16:57.813798,Rawai -> Airport,Baan Khian,8300,10-1210,7124,12,2025-11-10T15:28:57.813798,True,2025-11-10T15:37:33.093283,8.59
1762763168_10-1205_Patong_PEA,2025-11-10T15:26:08.538224,Airport -> Rawai,Patong PEA,7083,10-1205,4776,24,2025-11-10T15:50:08.538224,True,2025-11-10T15:59:30.898064,9.37
1762763352_10-1148_Kata_Palm,2025-11-10T15:29:12.085650,Rawai -> Airport,Kata Palm,1780,10-1148,647,11,2025-11-10T15:40:12.085650,True,2025-11-10T15:42:08.950857,1.95
1762763535_10-1207_Secret_cliff_resort_,2025-11-10T15:32:15.963622,Airport -> Rawai,Secret cliff resort ,7899,10-1207,7274,6,2025-11-10T15:38:15.963622,True,2025-11-10T15:39:35.757983,1.33
1762763720_10-1264_Surin_Circle_Clock_Tower,2025-11-10T15:35:20.127709,Dragon Line,Surin Circle Clock Tower,523,10-1264,238,2,2025-11-10T15:37:20.127709,True,2025-11-10T15:48:16.373010,10.94
1762763904_10-1219_Sanamchai,2025-11-10T15:38:24.103756,Patong -> Bus 1 -> Bus 2,Sanamchai,3411,10-1219,818,30,2025-11-10T16:08:24.103756,True,2025-11-10T16:20:28.055747,12.07
1762764087_10-1155_Kalim_School,2025-11-10T15:41:27.839297,Rawai -> Airport,Kalim School,4320,10-1155,3846,6,2025-11-10T15:47:27.839297,True,2025-11-10T16:00:01.971423,12.57
1762764455_10-1150_Kamala_Muslim_Cemetery,2025-11-10T15:47:35.209841,Rawai -> Airport,Kamala Muslim Cemetery,5863,10-1150,5761,0,2025-11-10T15:47:35.209841,False,,
1762764639_10-1221_Andamanda_Phuket_Waterpark,2025-11-10T15:50:39.039958,Bus 2 -> Bus 1 -> Patong,Andamanda Phuket Waterpark,2935,10-1221,2200,9,2025-11-10T15:59:39.039958,True,2025-11-10T16:06:09.675335,6.51
1762764823_10-1221_PTT_Station_Kathu,2025-11-10T15:53:43.203079,Bus 2 -> Bus 1 -> Patong,PTT Station Kathu,3459,10-1221,2350,11,2025-11-10T16:04:43.203079,True,2025-11-10T16:14:19.506094,9.61
1762765007_10-1204_Patong_Bus_Stop,2025-11-10T15:56:47.204265,Rawai -> Airport,Patong Bus Stop,3674,10-1204,3574,1,2025-11-10T15:57:47.204265,False,,
1762765375_10-1209_Lotus_Cherngtalay,2025-11-10T16:02:55.231986,Airport -> Rawai,Lotus Cherngtalay,3837,10-1209,2495,14,2025-11-10T16:16:55.231986,True,2025-11-10T16:20:28.476037,3.55
1762765926_10-1265_Mc_Donald's,2025-11-10T16:12:06.724352,Dragon Line,Mc Donald's,435,10-1265,294,1,2025-11-10T16:13:06.724352,True,2025-11-10T16:13:18.451803,0.2
1762766110_10-1209_Diamond_Cliff_Resort_&_Spa,2025-11-10T16:15:10.465038,Airport -> Rawai,Diamond Cliff Resort & Spa,6630,10-1209,3607,30,2025-11-10T16:45:10.465038,True,2025-11-10T16:47:22.716652,2.2
1762766481_10-1148_Four_Point_Patong,2025-11-10T16:21:21.036507,Rawai -> Airport,Four Point Patong,4204,10-1148,3848,5,2025-11-10T16:26:21.036507,True,2025-11-10T16:34:42.806030,8.36
1762766850_10-1264_Municipal_Parking,2025-11-10T16:27:30.275992,Dragon Line,Municipal Parking,593,10-1264,1,5,2025-11-10T16:32:30.275992,True,2025-11-10T16:34:42.831836,2.21
1762767039_10-1147_Laguna,2025-11-10T16:30:39.585345,Airport -> Rawai,Laguna,3576,10-1147,2497,10,2025-11-10T16:40:39.585345,True,2025-11-10T16:46:19.011463,5.66
1762767229_10-1209_Sai_Yuan,2025-11-10T16:33:49.601122,Airport -> Rawai,Sai Yuan,10247,10-1209,5303,52,2025-11-10T17:25:49.601122,True,2025-11-10T17:45:09.251168,19.33
1762767609_10-1209_Andaman_Cannacia_Resort,2025-11-10T16:40:09.607121,Airport -> Rawai,Andaman Cannacia Resort,9327,10-1209,5984,37,2025-11-10T17:17:09.607121,True,2025-11-10T17:37:28.955425,20.32
1762767799_10-1264_Municipal_Parking,2025-11-10T16:43:19.779431,Dragon Line,Municipal Parking,593,10-1264,238,3,2025-11-10T16:46:19.779431,True,2025-11-10T16:55:17.075283,8.95
1762767989_10-1148_Big_C_Kamala,2025-11-10T16:46:29.778896,Rawai -> Airport,Big C Kamala,5519,10-1148,5154,3,2025-11-10T16:49:29.778896,True,2025-11-10T16:50:33.324624,1.06
1762768180_10-1265_Queen_Sirikit_Park,2025-11-10T16:49:40.108765,Dragon Line,Queen Sirikit Park,56,10-1265,0,0,2025-11-10T16:49:40.108765,True,2025-11-10T17:10:31.390649,20.85
1762768369_10-1265_Government_Savings_Bank,2025-11-10T16:52:49.886345,Dragon Line,Government Savings Bank,159,10-1265,0,1,2025-11-10T16:53:49.886345,True,2025-11-10T17:10:31.419729,16.69
1762768559_10-1219_Phuket_Wittayalai_School,2025-11-10T16:55:59.097254,Bus 2 -> Bus 1 -> Patong,Phuket Wittayalai School,2111,10-1219,2037,1,2025-11-10T16:56:59.097254,True,2025-11-10T16:58:26.782905,1.46
1762768938_10-1265_Mc_Donald's,2025-11-10T17:02:18.189706,Dragon Line,Mc Donald's,435,10-1265,0,4,2025-11-10T17:06:18.189706,True,2025-11-10T17:10:31.446021,4.22
1762769504_10-1219_Chillva_Market,2025-11-10T17:11:44.744789,Bus 2 -> Bus 1 -> Patong,Chillva Market,2715,10-1219,2521,2,2025-11-10T17:13:44.744789,True,2025-11-10T17:20:37.023854,6.87
1762769693_10-1196_Thalang_Public_Health_Office,2025-11-10T17:14:53.892998,Airport -> Rawai,Thalang Public Health Office,2368,10-1196,0,17,2025-11-10T17:31:53.892998,True,2025-11-10T17:53:19.555405,21.43
1762769877_10-1265_Pearl_Hotel_Phuket,2025-11-10T17:17:57.741295,Dragon Line,Pearl Hotel Phuket,333,10-1265,238,0,2025-11-10T17:17:57.741295,True,2025-11-10T17:24:11.902410,6.24
1762770251_10-1209_Kata_Palm,2025-11-10T17:24:11.404131,Airport -> Rawai,Kata Palm,9111,10-1209,8897,3,2025-11-10T17:27:11.404131,True,2025-11-10T17:28:16.837228,1.09
1762770435_10-1221_Phuket_Provincial_Cooperative_Office,2025-11-10T17:27:15.134221,Patong -> Bus 1 -> Bus 2,Phuket Provincial Cooperative Office,4180,10-1221,1536,35,2025-11-10T18:02:15.134221,False,,
1762770618_10-1221_Andamanda_Phuket_Waterpark,2025-11-10T17:30:18.899276,Patong -> Bus 1 -> Bus 2,Andamanda Phuket Waterpark,2377,10-1221,1578,6,2025-11-10T17:36:18.899276,True,2025-11-10T17:40:33.088262,4.24
1762770802_10-1221_Baan_Natkamon,2025-11-10T17:33:22.894870,Patong -> Bus 1 -> Bus 2,Baan Natkamon,4358,10-1221,1716,36,2025-11-10T18:09:22.894870,False,,
1762770987_10-1219_PTT_Station_Kathu,2025-11-10T17:36:27.138626,Bus 2 -> Bus 1 -> Patong,PTT Station Kathu,3459,10-1219,3291,1,2025-11-10T17:37:27.138626,True,2025-11-10T17:41:34.314928,4.12
1762771171_10-1209_Sai_Yuan,2025-11-10T17:39:31.318011,Airport -> Rawai,Sai Yuan,10247,10-1209,9634,5,2025-11-10T17:44:31.318011,True,2025-11-10T17:45:09.333952,0.63
1762771355_10-1221_Chillva_Market,2025-11-10T17:42:35.341475,Patong -> Bus 1 -> Bus 2,Chillva Market,2580,10-1221,2443,1,2025-11-10T17:43:35.341475,True,2025-11-10T17:44:08.016729,0.54
1762771723_10-1147_Beyond_hotel_Kata,2025-11-10T17:48:43.378313,Airport -> Rawai,Beyond hotel Kata,9157,10-1147,8267,10,2025-11-10T17:58:43.378313,False,,
1762771907_10-1149_Kalim_School,2025-11-10T17:51:47.341471,Airport -> Rawai,Kalim School,6540,10-1149,5043,15,2025-11-10T18:06:47.341471,False,,
