licence,route,start_bus_index,target_km,target_index,prediction_timestamp,arrival_time,eta_min_T0,eta_min_T15,eta_min_T30,eta_min_T45,eta_min_T60,eta_min_T75,eta_min_T90
10-1148,Airport -> Rawai,2712,14,2800,2025-11-19 16:05:50.008788,2025-11-19 16:06:20.951292,0.0,,,,,,
10-1148,Airport -> Rawai,2712,15,3000,2025-11-19 16:05:50.008788,2025-11-19 16:10:23.010628,2.0,,,,,,
10-1148,Airport -> Rawai,2712,16,3200,2025-11-19 16:05:50.008788,2025-11-19 16:11:23.573562,4.0,,,,,,
10-1148,Airport -> Rawai,2712,17,3400,2025-11-19 16:05:50.008788,2025-11-19 16:13:24.583834,5.0,,,,,,
10-1148,Airport -> Rawai,2712,18,3600,2025-11-19 16:05:50.008788,2025-11-19 16:18:27.140480,8.0,,,,,,
10-1148,Airport -> Rawai,2712,19,3800,2025-11-19 16:05:50.008788,2025-11-19 16:23:00.105179,11.0,1.0,,,,,
10-1148,Airport -> Rawai,2712,20,4000,2025-11-19 16:05:50.008788,2025-11-19 16:25:01.151944,13.0,3.0,,,,,
10-1148,Airport -> Rawai,2712,21,4200,2025-11-19 16:05:50.008788,2025-11-19 16:27:02.289348,15.0,5.0,,,,,
10-1148,Airport -> Rawai,2712,22,4400,2025-11-19 16:05:50.008788,2025-11-19 16:29:03.513856,17.0,7.0,,,,,
10-1148,Airport -> Rawai,2712,23,4600,2025-11-19 16:05:50.008788,2025-11-19 16:32:05.047749,18.0,8.0,,,,,
10-1148,Airport -> Rawai,2712,24,4800,2025-11-19 16:05:50.008788,2025-11-19 16:34:06.093734,20.0,10.0,,,,,
10-1148,Airport -> Rawai,2712,25,5000,2025-11-19 16:05:50.008788,2025-11-19 16:36:07.108063,22.0,12.0,,,,,
10-1148,Airport -> Rawai,2712,26,5200,2025-11-19 16:05:50.008788,2025-11-19 16:38:08.724050,24.0,14.0,1.0,,,,
10-1148,Airport -> Rawai,2712,27,5400,2025-11-19 16:05:50.008788,2025-11-19 16:42:10.823384,26.0,16.0,3.0,,,,
10-1148,Airport -> Rawai,2712,28,5600,2025-11-19 16:05:50.008788,2025-11-19 16:44:11.837359,28.0,18.0,5.0,,,,
10-1148,Airport -> Rawai,2712,29,5800,2025-11-19 16:05:50.008788,2025-11-19 16:46:12.823242,30.0,20.0,7.0,,,,
10-1148,Airport -> Rawai,2712,30,6000,2025-11-19 16:05:50.008788,2025-11-19 16:48:13.753190,32.0,22.0,9.0,,,,
10-1148,Airport -> Rawai,2712,31,6200,2025-11-19 16:05:50.008788,2025-11-19 16:49:14.414691,34.0,24.0,11.0,,,,
10-1148,Airport -> Rawai,2712,32,6400,2025-11-19 16:05:50.008788,2025-11-19 17:13:57.260503,36.0,26.0,13.0,,0.0,,
10-1148,Airport -> Rawai,2712,33,6600,2025-11-19 16:05:50.008788,,38.0,29.0,16.0,,2.0,2.0,1.0
10-1148,Airport -> Rawai,2712,34,6800,2025-11-19 16:05:50.008788,,42.0,32.0,19.0,,6.0,5.0,4.0
10-1148,Airport -> Rawai,2712,35,7000,2025-11-19 16:05:50.008788,,46.0,36.0,23.0,,10.0,9.0,8.0
10-1148,Airport -> Rawai,2712,36,7200,2025-11-19 16:05:50.008788,,50.0,1.0,27.0,29.0,14.0,13.0,12.0
10-1148,Airport -> Rawai,2712,37,7400,2025-11-19 16:05:50.008788,,53.0,5.0,30.0,32.0,17.0,17.0,16.0
10-1148,Airport -> Rawai,2712,38,7600,2025-11-19 16:05:50.008788,,55.0,7.0,32.0,34.0,19.0,18.0,18.0
10-1148,Airport -> Rawai,2712,39,7800,2025-11-19 16:05:50.008788,,56.0,9.0,33.0,36.0,20.0,20.0,19.0
10-1148,Airport -> Rawai,2712,40,8000,2025-11-19 16:05:50.008788,,58.0,10.0,35.0,37.0,22.0,21.0,21.0
10-1148,Airport -> Rawai,2712,41,8200,2025-11-19 16:05:50.008788,,59.0,12.0,36.0,40.0,23.0,23.0,22.0
10-1148,Airport -> Rawai,2712,42,8400,2025-11-19 16:05:50.008788,,61.0,14.0,39.0,41.0,25.0,25.0,24.0
10-1148,Airport -> Rawai,2712,43,8600,2025-11-19 16:05:50.008788,,64.0,17.0,41.0,44.0,28.0,27.0,27.0
10-1148,Airport -> Rawai,2712,44,8800,2025-11-19 16:05:50.008788,,66.0,18.0,43.0,45.0,30.0,29.0,28.0
10-1148,Airport -> Rawai,2712,45,9000,2025-11-19 16:05:50.008788,,69.0,19.0,46.0,46.0,33.0,32.0,31.0
10-1148,Airport -> Rawai,2712,46,9200,2025-11-19 16:05:50.008788,,71.0,20.0,49.0,48.0,36.0,35.0,34.0
10-1148,Airport -> Rawai,2712,47,9400,2025-11-19 16:05:50.008788,,74.0,22.0,51.0,49.0,38.0,38.0,37.0
10-1148,Airport -> Rawai,2712,48,9600,2025-11-19 16:05:50.008788,,76.0,23.0,53.0,50.0,40.0,39.0,39.0
10-1148,Airport -> Rawai,2712,49,9800,2025-11-19 16:05:50.008788,,78.0,24.0,55.0,51.0,42.0,41.0,41.0
10-1148,Airport -> Rawai,2712,50,10000,2025-11-19 16:05:50.008788,,80.0,25.0,57.0,52.0,44.0,43.0,43.0
10-1148,Airport -> Rawai,2712,51,10200,2025-11-19 16:05:50.008788,,81.0,27.0,58.0,54.0,45.0,45.0,44.0
10-1148,Airport -> Rawai,2712,52,10400,2025-11-19 16:05:50.008788,,83.0,28.0,61.0,55.0,47.0,47.0,46.0
10-1148,Airport -> Rawai,2712,53,10600,2025-11-19 16:05:50.008788,,86.0,30.0,63.0,57.0,50.0,49.0,48.0
10-1148,Airport -> Rawai,2712,54,10800,2025-11-19 16:05:50.008788,,88.0,32.0,65.0,59.0,52.0,51.0,50.0
10-1148,Airport -> Rawai,2712,54,10889,2025-11-19 16:05:50.008788,,89.0,33.0,66.0,60.0,53.0,53.0,52.0
10-1265,Dragon Line,143,1,200,2025-11-19 16:05:49.972134,2025-11-19 16:07:51.101423,1.0,,,,,,
10-1265,Dragon Line,143,2,400,2025-11-19 16:05:49.972134,2025-11-19 16:16:24.929174,5.0,,,,,,
10-1265,Dragon Line,143,3,600,2025-11-19 16:05:49.972134,2025-11-19 16:19:56.481113,9.0,,,,,,
10-1265,Dragon Line,143,4,800,2025-11-19 16:05:49.972134,2025-11-19 16:31:01.523655,13.0,3.0,,,,,
10-1265,Dragon Line,143,5,1000,2025-11-19 16:05:49.972134,2025-11-19 17:42:03.832343,17.0,7.0,1.0,18.0,11.0,5.0,1.0
10-1265,Dragon Line,143,5,1011,2025-11-19 16:05:49.972134,,17.0,7.0,1.0,18.0,12.0,5.0,2.0
10-1221,Patong -> Bus 1 -> Bus 2,3007,16,3200,2025-11-19 16:05:50.049187,2025-11-19 16:11:22.972600,2.0,,,,,,14.0
10-1221,Patong -> Bus 1 -> Bus 2,3007,17,3400,2025-11-19 16:05:50.049187,2025-11-19 16:14:54.882224,4.0,,,,,,16.0
10-1221,Patong -> Bus 1 -> Bus 2,3007,18,3600,2025-11-19 16:05:50.049187,2025-11-19 16:16:55.811918,7.0,,,,,,18.0
10-1221,Patong -> Bus 1 -> Bus 2,3007,19,3800,2025-11-19 16:05:50.049187,2025-11-19 16:16:55.811918,16.0,,,,,,20.0
10-1221,Patong -> Bus 1 -> Bus 2,3007,20,4000,2025-11-19 16:05:50.049187,,18.0,3.0,,,,,22.0
10-1221,Patong -> Bus 1 -> Bus 2,3007,21,4200,2025-11-19 16:05:50.049187,,20.0,5.0,,,,,25.0
10-1221,Patong -> Bus 1 -> Bus 2,3007,22,4400,2025-11-19 16:05:50.049187,,22.0,7.0,,,,,28.0
10-1221,Patong -> Bus 1 -> Bus 2,3007,23,4600,2025-11-19 16:05:50.049187,,24.0,9.0,,,,,31.0
10-1221,Patong -> Bus 1 -> Bus 2,3007,24,4800,2025-11-19 16:05:50.049187,,26.0,11.0,,,,,35.0
10-1221,Patong -> Bus 1 -> Bus 2,3007,25,5000,2025-11-19 16:05:50.049187,,28.0,13.0,,,,,38.0
10-1221,Patong -> Bus 1 -> Bus 2,3007,26,5200,2025-11-19 16:05:50.049187,,29.0,14.0,,,,,41.0
10-1221,Patong -> Bus 1 -> Bus 2,3007,26,5301,2025-11-19 16:05:50.049187,,30.0,15.0,,,,,
10-1223,Bus 2 -> Bus 1 -> Patong,1609,9,1800,2025-11-19 16:05:50.045104,2025-11-19 16:12:53.777136,6.0,,,,,,
10-1223,Bus 2 -> Bus 1 -> Patong,1609,10,2000,2025-11-19 16:05:50.045104,2025-11-19 16:31:02.893044,9.0,0.0,,,,,
10-1223,Bus 2 -> Bus 1 -> Patong,1609,11,2200,2025-11-19 16:05:50.045104,2025-11-19 16:51:13.204286,12.0,3.0,2.0,,,,
10-1223,Bus 2 -> Bus 1 -> Patong,1609,12,2400,2025-11-19 16:05:50.045104,2025-11-19 16:58:17.013048,15.0,6.0,5.0,2.0,,,
10-1223,Bus 2 -> Bus 1 -> Patong,1609,13,2600,2025-11-19 16:05:50.045104,2025-11-19 17:03:19.616446,18.0,9.0,8.0,5.0,,,
10-1223,Bus 2 -> Bus 1 -> Patong,1609,14,2800,2025-11-19 16:05:50.045104,2025-11-19 17:11:54.012375,20.0,11.0,10.0,7.0,1.0,,
10-1223,Bus 2 -> Bus 1 -> Patong,1609,15,3000,2025-11-19 16:05:50.045104,2025-11-19 17:16:26.514222,22.0,13.0,12.0,9.0,3.0,,
10-1223,Bus 2 -> Bus 1 -> Patong,1609,16,3200,2025-11-19 16:05:50.045104,2025-11-19 17:19:28.163996,24.0,15.0,14.0,11.0,5.0,,
10-1223,Bus 2 -> Bus 1 -> Patong,1609,17,3400,2025-11-19 16:05:50.045104,2025-11-19 17:23:00.256090,26.0,17.0,16.0,13.0,7.0,1.0,
10-1223,Bus 2 -> Bus 1 -> Patong,1609,18,3600,2025-11-19 16:05:50.045104,2025-11-19 17:26:02.005251,27.0,18.0,17.0,14.0,8.0,2.0,
10-1223,Bus 2 -> Bus 1 -> Patong,1609,19,3800,2025-11-19 16:05:50.045104,2025-11-19 17:28:03.015595,30.0,21.0,20.0,17.0,11.0,5.0,
10-1223,Bus 2 -> Bus 1 -> Patong,1609,20,4000,2025-11-19 16:05:50.045104,2025-11-19 17:35:06.782421,31.0,22.0,21.0,18.0,12.0,6.0,
10-1223,Bus 2 -> Bus 1 -> Patong,1609,21,4200,2025-11-19 16:05:50.045104,2025-11-19 17:39:08.911230,34.0,25.0,24.0,21.0,15.0,9.0,1.0
10-1223,Bus 2 -> Bus 1 -> Patong,1609,22,4400,2025-11-19 16:05:50.045104,2025-11-19 17:44:11.399671,37.0,28.0,27.0,24.0,18.0,12.0,4.0
10-1223,Bus 2 -> Bus 1 -> Patong,1609,23,4600,2025-11-19 16:05:50.045104,2025-11-19 17:52:15.988978,40.0,31.0,30.0,27.0,21.0,15.0,8.0
10-1223,Bus 2 -> Bus 1 -> Patong,1609,24,4800,2025-11-19 16:05:50.045104,2025-11-19 17:58:18.889931,44.0,35.0,34.0,31.0,25.0,19.0,12.0
10-1223,Bus 2 -> Bus 1 -> Patong,1609,25,5000,2025-11-19 16:05:50.045104,2025-11-19 18:02:51.090107,47.0,38.0,37.0,34.0,28.0,22.0,15.0
10-1223,Bus 2 -> Bus 1 -> Patong,1609,26,5200,2025-11-19 16:05:50.045104,,50.0,41.0,40.0,37.0,31.0,25.0,18.0
10-1223,Bus 2 -> Bus 1 -> Patong,1609,26,5296,2025-11-19 16:05:50.045104,,51.0,43.0,42.0,38.0,33.0,27.0,19.0
10-1149,Rawai -> Airport,7305,37,7400,2025-11-19 16:05:50.046861,2025-11-19 16:06:21.055937,1.0,,,,,,
10-1149,Rawai -> Airport,7305,38,7600,2025-11-19 16:05:50.046861,2025-11-19 16:08:22.007391,4.0,,,,,,
10-1149,Rawai -> Airport,7305,39,7800,2025-11-19 16:05:50.046861,2025-11-19 16:08:52.232735,5.0,,,,,,
10-1149,Rawai -> Airport,7305,40,8000,2025-11-19 16:05:50.046861,2025-11-19 16:14:55.391755,7.0,,,,,,
10-1149,Rawai -> Airport,7305,41,8200,2025-11-19 16:05:50.046861,2025-11-19 16:14:55.391755,9.0,,,,,,
10-1149,Rawai -> Airport,7305,42,8400,2025-11-19 16:05:50.046861,2025-11-19 16:41:10.310295,10.0,0.0,0.0,,,,
10-1149,Rawai -> Airport,7305,43,8600,2025-11-19 16:05:50.046861,2025-11-19 16:45:12.377604,13.0,3.0,3.0,,,,
10-1149,Rawai -> Airport,7305,44,8800,2025-11-19 16:05:50.046861,2025-11-19 16:45:12.377604,14.0,4.0,4.0,,,,
10-1149,Rawai -> Airport,7305,45,9000,2025-11-19 16:05:50.046861,2025-11-19 16:45:12.377604,15.0,6.0,5.0,,,,
10-1149,Rawai -> Airport,7305,46,9200,2025-11-19 16:05:50.046861,2025-11-19 16:46:12.866505,17.0,7.0,6.0,,,,
10-1149,Rawai -> Airport,7305,47,9400,2025-11-19 16:05:50.046861,2025-11-19 16:48:13.891033,18.0,8.0,8.0,,,,
10-1149,Rawai -> Airport,7305,48,9600,2025-11-19 16:05:50.046861,2025-11-19 16:49:14.454222,19.0,9.0,9.0,,,,
10-1149,Rawai -> Airport,7305,49,9800,2025-11-19 16:05:50.046861,2025-11-19 16:51:15.526380,20.0,11.0,10.0,,,,
10-1149,Rawai -> Airport,7305,50,10000,2025-11-19 16:05:50.046861,2025-11-19 16:53:17.050579,22.0,12.0,11.0,1.0,,,
10-1149,Rawai -> Airport,7305,51,10200,2025-11-19 16:05:50.046861,2025-11-19 16:55:18.042785,23.0,13.0,13.0,2.0,,,
10-1149,Rawai -> Airport,7305,52,10400,2025-11-19 16:05:50.046861,2025-11-19 16:56:18.567359,24.0,15.0,14.0,3.0,,,
10-1149,Rawai -> Airport,7305,53,10600,2025-11-19 16:05:50.046861,2025-11-19 16:58:19.632374,26.0,16.0,16.0,5.0,,,
10-1149,Rawai -> Airport,7305,54,10800,2025-11-19 16:05:50.046861,2025-11-19 17:01:21.167594,28.0,19.0,18.0,7.0,,,
10-1149,Rawai -> Airport,7305,54,10889,2025-11-19 16:05:50.046861,2025-11-19 17:03:22.183755,29.0,20.0,19.0,8.0,,,
10-1264,Bus 2 -> Bus 1 -> Patong,1893,10,2000,2025-11-19 16:05:50.045104,,1.0,25.0,29.0,24.0,,,
10-1264,Bus 2 -> Bus 1 -> Patong,1893,11,2200,2025-11-19 16:05:50.045104,,4.0,29.0,32.0,27.0,,,
10-1264,Bus 2 -> Bus 1 -> Patong,1893,12,2400,2025-11-19 16:05:50.045104,,7.0,32.0,35.0,30.0,,,
10-1264,Bus 2 -> Bus 1 -> Patong,1893,13,2600,2025-11-19 16:05:50.045104,,10.0,34.0,38.0,32.0,,,
10-1264,Bus 2 -> Bus 1 -> Patong,1893,14,2800,2025-11-19 16:05:50.045104,,12.0,37.0,40.0,35.0,,,
10-1264,Bus 2 -> Bus 1 -> Patong,1893,15,3000,2025-11-19 16:05:50.045104,,14.0,39.0,42.0,37.0,,,
10-1264,Bus 2 -> Bus 1 -> Patong,1893,16,3200,2025-11-19 16:05:50.045104,,16.0,40.0,44.0,39.0,,,
10-1264,Bus 2 -> Bus 1 -> Patong,1893,17,3400,2025-11-19 16:05:50.045104,,18.0,42.0,46.0,41.0,,,
10-1264,Bus 2 -> Bus 1 -> Patong,1893,18,3600,2025-11-19 16:05:50.045104,,19.0,44.0,47.0,42.0,,,
10-1264,Bus 2 -> Bus 1 -> Patong,1893,19,3800,2025-11-19 16:05:50.045104,,22.0,46.0,50.0,45.0,,,
10-1264,Bus 2 -> Bus 1 -> Patong,1893,20,4000,2025-11-19 16:05:50.045104,,23.0,48.0,51.0,46.0,,,
10-1264,Bus 2 -> Bus 1 -> Patong,1893,21,4200,2025-11-19 16:05:50.045104,2025-11-19 16:07:21.048551,0.0,51.0,54.0,49.0,,,
10-1264,Bus 2 -> Bus 1 -> Patong,1893,22,4400,2025-11-19 16:05:50.045104,2025-11-19 16:11:22.972600,2.0,53.0,57.0,52.0,,,
10-1264,Bus 2 -> Bus 1 -> Patong,1893,23,4600,2025-11-19 16:05:50.045104,2025-11-19 16:12:23.510594,4.0,57.0,60.0,55.0,,,
10-1264,Bus 2 -> Bus 1 -> Patong,1893,24,4800,2025-11-19 16:05:50.045104,2025-11-19 16:14:24.578924,6.0,61.0,64.0,59.0,,,
10-1264,Bus 2 -> Bus 1 -> Patong,1893,25,5000,2025-11-19 16:05:50.045104,2025-11-19 16:24:59.877940,8.0,64.0,67.0,62.0,,,
10-1264,Bus 2 -> Bus 1 -> Patong,1893,26,5200,2025-11-19 16:05:50.045104,2025-11-19 16:28:31.737690,9.0,67.0,70.0,65.0,,,
10-1264,Bus 2 -> Bus 1 -> Patong,1893,26,5296,2025-11-19 16:05:50.045104,,44.0,68.0,71.0,66.0,,,
10-1150,Rawai -> Airport,10889,54,10889,2025-11-19 16:05:50.046861,,0.0,0.0,0.0,0.0,0.0,0.0,0.0
10-1159,Rawai -> Airport,7962,40,8000,2025-11-19 16:05:50.046861,2025-11-19 16:06:21.055937,0.0,,,78.0,,,77.0
10-1159,Rawai -> Airport,7962,41,8200,2025-11-19 16:05:50.046861,2025-11-19 16:07:21.577011,2.0,,,80.0,,,78.0
10-1159,Rawai -> Airport,7962,42,8400,2025-11-19 16:05:50.046861,2025-11-19 16:32:05.080138,3.0,0.0,,82.0,,,80.0
10-1159,Rawai -> Airport,7962,43,8600,2025-11-19 16:05:50.046861,2025-11-19 16:33:05.594961,6.0,3.0,,84.0,,,83.0
10-1159,Rawai -> Airport,7962,44,8800,2025-11-19 16:05:50.046861,2025-11-19 16:34:06.136953,8.0,4.0,,86.0,,,85.0
10-1159,Rawai -> Airport,7962,45,9000,2025-11-19 16:05:50.046861,2025-11-19 16:36:07.136945,9.0,5.0,,89.0,,,88.0
10-1159,Rawai -> Airport,7962,46,9200,2025-11-19 16:05:50.046861,2025-11-19 16:37:08.280313,10.0,7.0,0.0,92.0,,,90.0
10-1159,Rawai -> Airport,7962,47,9400,2025-11-19 16:05:50.046861,2025-11-19 16:38:08.767151,11.0,8.0,1.0,95.0,,,93.0
10-1159,Rawai -> Airport,7962,48,9600,2025-11-19 16:05:50.046861,2025-11-19 16:40:09.842258,13.0,9.0,2.0,96.0,,,95.0
10-1159,Rawai -> Airport,7962,49,9800,2025-11-19 16:05:50.046861,2025-11-19 16:41:10.310295,14.0,10.0,3.0,98.0,,,97.0
10-1159,Rawai -> Airport,7962,50,10000,2025-11-19 16:05:50.046861,2025-11-19 16:42:10.859567,15.0,12.0,5.0,100.0,,,99.0
10-1159,Rawai -> Airport,7962,51,10200,2025-11-19 16:05:50.046861,2025-11-19 16:44:11.862552,16.0,13.0,6.0,102.0,,,100.0
10-1159,Rawai -> Airport,7962,52,10400,2025-11-19 16:05:50.046861,2025-11-19 16:46:12.866505,18.0,14.0,7.0,104.0,,,102.0
10-1159,Rawai -> Airport,7962,53,10600,2025-11-19 16:05:50.046861,2025-11-19 16:48:13.891033,19.0,16.0,9.0,106.0,,,105.0
10-1159,Rawai -> Airport,7962,54,10800,2025-11-19 16:05:50.046861,2025-11-19 16:50:14.968239,22.0,18.0,11.0,108.0,,,106.0
10-1159,Rawai -> Airport,7962,54,10889,2025-11-19 16:05:50.046861,2025-11-19 16:52:16.594028,23.0,19.0,12.0,109.0,,,108.0
10-1153,Airport -> Rawai,111,1,200,2025-11-19 16:05:50.008788,2025-11-19 16:08:52.186207,1.0,,,,,,
10-1153,Airport -> Rawai,111,2,400,2025-11-19 16:05:50.008788,2025-11-19 16:12:24.159678,3.0,,,,,,
10-1153,Airport -> Rawai,111,3,600,2025-11-19 16:05:50.008788,2025-11-19 16:13:54.834780,5.0,,,,,,
10-1153,Airport -> Rawai,111,4,800,2025-11-19 16:05:50.008788,2025-11-19 16:14:55.392330,6.0,,,,,,
10-1153,Airport -> Rawai,111,5,1000,2025-11-19 16:05:50.008788,2025-11-19 16:16:56.287215,7.0,,,,,,
10-1153,Airport -> Rawai,111,6,1200,2025-11-19 16:05:50.008788,2025-11-19 16:18:27.140480,8.0,,,,,,
10-1153,Airport -> Rawai,111,7,1400,2025-11-19 16:05:50.008788,2025-11-19 16:19:58.131444,10.0,,,,,,
10-1153,Airport -> Rawai,111,8,1600,2025-11-19 16:05:50.008788,2025-11-19 16:20:58.664709,11.0,,,,,,
10-1153,Airport -> Rawai,111,9,1800,2025-11-19 16:05:50.008788,2025-11-19 16:23:00.105179,12.0,0.0,,,,,
10-1153,Airport -> Rawai,111,10,2000,2025-11-19 16:05:50.008788,2025-11-19 16:26:01.681616,14.0,2.0,,,,,
10-1153,Airport -> Rawai,111,11,2200,2025-11-19 16:05:50.008788,2025-11-19 16:28:02.930404,15.0,3.0,,,,,
10-1153,Airport -> Rawai,111,12,2400,2025-11-19 16:05:50.008788,2025-11-19 16:31:04.559792,16.0,4.0,,,,,
10-1153,Airport -> Rawai,111,13,2600,2025-11-19 16:05:50.008788,2025-11-19 16:48:13.753190,19.0,7.0,2.0,,,,
10-1153,Airport -> Rawai,111,14,2800,2025-11-19 16:05:50.008788,2025-11-19 16:49:14.414691,20.0,8.0,3.0,,,,
10-1153,Airport -> Rawai,111,15,3000,2025-11-19 16:05:50.008788,2025-11-19 16:52:16.358436,22.0,11.0,5.0,,,,
10-1153,Airport -> Rawai,111,16,3200,2025-11-19 16:05:50.008788,2025-11-19 16:54:17.407741,24.0,12.0,7.0,1.0,,,
10-1153,Airport -> Rawai,111,17,3400,2025-11-19 16:05:50.008788,2025-11-19 16:56:18.322545,25.0,14.0,8.0,2.0,,,
10-1153,Airport -> Rawai,111,18,3600,2025-11-19 16:05:50.008788,2025-11-19 16:57:18.786989,28.0,16.0,11.0,5.0,,,
10-1153,Airport -> Rawai,111,19,3800,2025-11-19 16:05:50.008788,2025-11-19 17:02:21.304580,31.0,19.0,14.0,8.0,,,
10-1153,Airport -> Rawai,111,20,4000,2025-11-19 16:05:50.008788,2025-11-19 17:05:22.670002,33.0,21.0,16.0,10.0,,,
10-1153,Airport -> Rawai,111,21,4200,2025-11-19 16:05:50.008788,2025-11-19 17:08:24.398153,35.0,23.0,18.0,12.0,1.0,,
10-1153,Airport -> Rawai,111,22,4400,2025-11-19 16:05:50.008788,2025-11-19 17:08:54.635167,37.0,25.0,19.0,13.0,2.0,,
10-1153,Airport -> Rawai,111,23,4600,2025-11-19 16:05:50.008788,2025-11-19 17:12:56.672582,38.0,26.0,21.0,15.0,4.0,,
10-1153,Airport -> Rawai,111,24,4800,2025-11-19 16:05:50.008788,2025-11-19 17:15:58.152601,40.0,29.0,23.0,17.0,6.0,,
10-1153,Airport -> Rawai,111,25,5000,2025-11-19 16:05:50.008788,2025-11-19 17:17:59.043399,42.0,30.0,25.0,19.0,8.0,,
10-1153,Airport -> Rawai,111,26,5200,2025-11-19 16:05:50.008788,2025-11-19 17:21:00.632177,44.0,32.0,27.0,21.0,10.0,,
10-1153,Airport -> Rawai,111,27,5400,2025-11-19 16:05:50.008788,2025-11-19 17:23:01.857568,46.0,34.0,29.0,23.0,12.0,1.0,
10-1153,Airport -> Rawai,111,28,5600,2025-11-19 16:05:50.008788,2025-11-19 17:25:02.811198,48.0,36.0,31.0,25.0,14.0,3.0,
10-1153,Airport -> Rawai,111,29,5800,2025-11-19 16:05:50.008788,2025-11-19 17:28:04.132322,50.0,39.0,33.0,27.0,16.0,5.0,
10-1153,Airport -> Rawai,111,30,6000,2025-11-19 16:05:50.008788,2025-11-19 17:29:04.574039,52.0,40.0,35.0,29.0,18.0,7.0,
10-1153,Airport -> Rawai,111,31,6200,2025-11-19 16:05:50.008788,2025-11-19 17:32:06.124777,54.0,42.0,37.0,31.0,20.0,9.0,
10-1153,Airport -> Rawai,111,32,6400,2025-11-19 16:05:50.008788,,56.0,44.0,38.0,32.0,21.0,10.0,1.0
10-1153,Airport -> Rawai,111,33,6600,2025-11-19 16:05:50.008788,,58.0,47.0,41.0,35.0,24.0,13.0,4.0
10-1153,Airport -> Rawai,111,34,6800,2025-11-19 16:05:50.008788,,62.0,50.0,45.0,39.0,27.0,17.0,7.0
10-1153,Airport -> Rawai,111,35,7000,2025-11-19 16:05:50.008788,,66.0,54.0,49.0,43.0,31.0,21.0,11.0
10-1153,Airport -> Rawai,111,36,7200,2025-11-19 16:05:50.008788,,70.0,58.0,53.0,47.0,35.0,25.0,15.0
10-1153,Airport -> Rawai,111,37,7400,2025-11-19 16:05:50.008788,,73.0,61.0,56.0,50.0,39.0,28.0,19.0
10-1153,Airport -> Rawai,111,38,7600,2025-11-19 16:05:50.008788,,75.0,63.0,58.0,52.0,41.0,30.0,20.0
10-1153,Airport -> Rawai,111,39,7800,2025-11-19 16:05:50.008788,,76.0,64.0,59.0,53.0,42.0,31.0,22.0
10-1153,Airport -> Rawai,111,40,8000,2025-11-19 16:05:50.008788,,78.0,66.0,61.0,55.0,44.0,33.0,23.0
10-1153,Airport -> Rawai,111,41,8200,2025-11-19 16:05:50.008788,,79.0,67.0,62.0,56.0,45.0,34.0,25.0
10-1153,Airport -> Rawai,111,42,8400,2025-11-19 16:05:50.008788,,81.0,70.0,64.0,58.0,47.0,36.0,27.0
10-1153,Airport -> Rawai,111,43,8600,2025-11-19 16:05:50.008788,,84.0,72.0,67.0,61.0,50.0,39.0,29.0
10-1153,Airport -> Rawai,111,44,8800,2025-11-19 16:05:50.008788,,86.0,74.0,69.0,63.0,51.0,41.0,31.0
10-1153,Airport -> Rawai,111,45,9000,2025-11-19 16:05:50.008788,,89.0,77.0,71.0,65.0,54.0,43.0,34.0
10-1153,Airport -> Rawai,111,46,9200,2025-11-19 16:05:50.008788,,92.0,80.0,74.0,68.0,57.0,46.0,37.0
10-1153,Airport -> Rawai,111,47,9400,2025-11-19 16:05:50.008788,,94.0,82.0,77.0,71.0,60.0,49.0,40.0
10-1153,Airport -> Rawai,111,48,9600,2025-11-19 16:05:50.008788,,96.0,84.0,79.0,73.0,62.0,51.0,41.0
10-1153,Airport -> Rawai,111,49,9800,2025-11-19 16:05:50.008788,,98.0,86.0,81.0,75.0,64.0,53.0,43.0
10-1153,Airport -> Rawai,111,50,10000,2025-11-19 16:05:50.008788,,100.0,88.0,83.0,77.0,66.0,55.0,45.0
10-1153,Airport -> Rawai,111,51,10200,2025-11-19 16:05:50.008788,,101.0,90.0,84.0,78.0,67.0,56.0,47.0
10-1153,Airport -> Rawai,111,52,10400,2025-11-19 16:05:50.008788,,103.0,92.0,86.0,80.0,69.0,58.0,49.0
10-1153,Airport -> Rawai,111,53,10600,2025-11-19 16:05:50.008788,,106.0,94.0,88.0,82.0,71.0,60.0,51.0
10-1153,Airport -> Rawai,111,54,10800,2025-11-19 16:05:50.008788,,108.0,96.0,90.0,84.0,73.0,62.0,53.0
10-1153,Airport -> Rawai,111,54,10889,2025-11-19 16:05:50.008788,,109.0,97.0,92.0,86.0,75.0,64.0,55.0
10-1196,Rawai -> Airport,6966,35,7000,2025-11-19 16:05:50.046861,2025-11-19 16:11:53.821907,0.0,,,,,,
10-1196,Rawai -> Airport,6966,36,7200,2025-11-19 16:05:50.046861,2025-11-19 16:25:01.158215,4.0,1.0,,,,,
10-1196,Rawai -> Airport,6966,37,7400,2025-11-19 16:05:50.046861,2025-11-19 16:30:04.065300,7.0,4.0,,,,,
10-1196,Rawai -> Airport,6966,38,7600,2025-11-19 16:05:50.046861,2025-11-19 16:32:05.080138,10.0,6.0,,,,,
10-1196,Rawai -> Airport,6966,39,7800,2025-11-19 16:05:50.046861,2025-11-19 16:34:06.136953,11.0,8.0,,,,,
10-1196,Rawai -> Airport,6966,40,8000,2025-11-19 16:05:50.046861,2025-11-19 16:37:08.280313,13.0,9.0,0.0,,,,
10-1196,Rawai -> Airport,6966,41,8200,2025-11-19 16:05:50.046861,2025-11-19 16:38:08.767151,15.0,12.0,2.0,,,,
10-1196,Rawai -> Airport,6966,42,8400,2025-11-19 16:05:50.046861,2025-11-19 16:50:14.968239,17.0,13.0,3.0,,,,
10-1196,Rawai -> Airport,6966,43,8600,2025-11-19 16:05:50.046861,2025-11-19 16:51:15.526380,19.0,16.0,6.0,,,,
10-1196,Rawai -> Airport,6966,44,8800,2025-11-19 16:05:50.046861,2025-11-19 16:52:16.594028,21.0,17.0,7.0,0.0,,,
10-1196,Rawai -> Airport,6966,45,9000,2025-11-19 16:05:50.046861,2025-11-19 16:54:17.550633,22.0,18.0,8.0,2.0,,,
10-1196,Rawai -> Airport,6966,46,9200,2025-11-19 16:05:50.046861,2025-11-19 16:55:18.042785,23.0,20.0,10.0,3.0,,,
10-1196,Rawai -> Airport,6966,47,9400,2025-11-19 16:05:50.046861,2025-11-19 16:56:18.567359,24.0,21.0,11.0,4.0,,,
10-1196,Rawai -> Airport,6966,48,9600,2025-11-19 16:05:50.046861,2025-11-19 16:58:19.632374,26.0,22.0,12.0,5.0,,,
10-1196,Rawai -> Airport,6966,49,9800,2025-11-19 16:05:50.046861,2025-11-19 16:58:49.883917,27.0,23.0,14.0,7.0,,,
10-1196,Rawai -> Airport,6966,50,10000,2025-11-19 16:05:50.046861,2025-11-19 17:01:21.167594,28.0,25.0,15.0,8.0,,,
10-1196,Rawai -> Airport,6966,51,10200,2025-11-19 16:05:50.046861,2025-11-19 17:02:21.642793,30.0,26.0,16.0,9.0,,,
10-1196,Rawai -> Airport,6966,52,10400,2025-11-19 16:05:50.046861,2025-11-19 17:04:22.672071,31.0,27.0,17.0,11.0,,,
10-1196,Rawai -> Airport,6966,53,10600,2025-11-19 16:05:50.046861,2025-11-19 17:06:23.827108,33.0,29.0,19.0,12.0,0.0,,
10-1196,Rawai -> Airport,6966,54,10800,2025-11-19 16:05:50.046861,2025-11-19 17:08:55.098282,35.0,31.0,21.0,14.0,2.0,,
10-1196,Rawai -> Airport,6966,54,10889,2025-11-19 16:05:50.046861,2025-11-19 17:10:56.198729,36.0,32.0,22.0,16.0,3.0,,
10-1205,Rawai -> Airport,4432,23,4600,2025-11-19 16:05:50.046861,2025-11-19 16:07:21.577011,1.0,,,,,,
10-1205,Rawai -> Airport,4432,24,4800,2025-11-19 16:05:50.046861,2025-11-19 16:08:22.007391,3.0,,,,,,
10-1205,Rawai -> Airport,4432,25,5000,2025-11-19 16:05:50.046861,2025-11-19 16:10:23.034173,5.0,,,,,,
10-1205,Rawai -> Airport,4432,26,5200,2025-11-19 16:05:50.046861,2025-11-19 16:11:23.581783,7.0,,,,,,
10-1205,Rawai -> Airport,4432,27,5400,2025-11-19 16:05:50.046861,2025-11-19 16:13:24.616716,9.0,,,,,,
10-1205,Rawai -> Airport,4432,28,5600,2025-11-19 16:05:50.046861,2025-11-19 16:14:55.391755,11.0,,,,,,
10-1205,Rawai -> Airport,4432,29,5800,2025-11-19 16:05:50.046861,2025-11-19 16:17:26.625084,13.0,,,,,,
10-1205,Rawai -> Airport,4432,30,6000,2025-11-19 16:05:50.046861,2025-11-19 16:17:56.873543,15.0,,,,,,
10-1205,Rawai -> Airport,4432,31,6200,2025-11-19 16:05:50.046861,2025-11-19 16:19:58.131817,17.0,,,,,,
10-1205,Rawai -> Airport,4432,32,6400,2025-11-19 16:05:50.046861,2025-11-19 16:21:59.627584,18.0,0.0,,,,,
10-1205,Rawai -> Airport,4432,33,6600,2025-11-19 16:05:50.046861,2025-11-19 16:25:01.158215,20.0,2.0,,,,,
10-1205,Rawai -> Airport,4432,34,6800,2025-11-19 16:05:50.046861,2025-11-19 16:27:02.297124,22.0,4.0,,,,,
10-1205,Rawai -> Airport,4432,35,7000,2025-11-19 16:05:50.046861,2025-11-19 16:50:14.968239,26.0,8.0,1.0,,,,
10-1205,Rawai -> Airport,4432,36,7200,2025-11-19 16:05:50.046861,2025-11-19 17:04:22.672071,30.0,12.0,5.0,3.0,,,
10-1205,Rawai -> Airport,4432,37,7400,2025-11-19 16:05:50.046861,2025-11-19 17:07:54.515068,33.0,15.0,8.0,6.0,1.0,,
10-1205,Rawai -> Airport,4432,38,7600,2025-11-19 16:05:50.046861,2025-11-19 17:10:25.770896,36.0,18.0,10.0,9.0,4.0,,
10-1205,Rawai -> Airport,4432,39,7800,2025-11-19 16:05:50.046861,2025-11-19 17:10:56.198729,37.0,19.0,12.0,10.0,5.0,,
10-1205,Rawai -> Airport,4432,40,8000,2025-11-19 16:05:50.046861,2025-11-19 17:19:30.075372,39.0,21.0,13.0,12.0,7.0,,
10-1205,Rawai -> Airport,4432,41,8200,2025-11-19 16:05:50.046861,2025-11-19 17:21:00.818846,41.0,23.0,16.0,14.0,9.0,,
10-1205,Rawai -> Airport,4432,42,8400,2025-11-19 16:05:50.046861,2025-11-19 17:53:18.327107,42.0,24.0,17.0,16.0,10.0,0.0,0.0
10-1205,Rawai -> Airport,4432,43,8600,2025-11-19 16:05:50.046861,2025-11-19 17:54:18.832670,45.0,27.0,20.0,18.0,13.0,3.0,3.0
10-1205,Rawai -> Airport,4432,44,8800,2025-11-19 16:05:50.046861,2025-11-19 17:55:19.322674,46.0,28.0,21.0,20.0,14.0,4.0,4.0
10-1205,Rawai -> Airport,4432,45,9000,2025-11-19 16:05:50.046861,2025-11-19 17:56:19.842390,47.0,30.0,22.0,21.0,15.0,6.0,5.0
10-1205,Rawai -> Airport,4432,46,9200,2025-11-19 16:05:50.046861,2025-11-19 17:57:20.421273,49.0,31.0,24.0,22.0,17.0,7.0,7.0
10-1205,Rawai -> Airport,4432,47,9400,2025-11-19 16:05:50.046861,2025-11-19 17:59:21.386414,50.0,32.0,25.0,23.0,18.0,8.0,8.0
10-1205,Rawai -> Airport,4432,48,9600,2025-11-19 16:05:50.046861,2025-11-19 17:59:21.386414,51.0,33.0,26.0,25.0,19.0,9.0,9.0
10-1205,Rawai -> Airport,4432,49,9800,2025-11-19 16:05:50.046861,2025-11-19 17:59:51.638399,53.0,35.0,27.0,26.0,20.0,11.0,10.0
10-1205,Rawai -> Airport,4432,50,10000,2025-11-19 16:05:50.046861,2025-11-19 18:02:22.913776,54.0,36.0,29.0,27.0,22.0,12.0,12.0
10-1205,Rawai -> Airport,4432,51,10200,2025-11-19 16:05:50.046861,2025-11-19 18:02:53.156820,55.0,37.0,30.0,29.0,23.0,13.0,13.0
10-1205,Rawai -> Airport,4432,52,10400,2025-11-19 16:05:50.046861,,57.0,39.0,31.0,30.0,24.0,15.0,14.0
10-1205,Rawai -> Airport,4432,53,10600,2025-11-19 16:05:50.046861,,58.0,40.0,33.0,32.0,26.0,16.0,16.0
10-1205,Rawai -> Airport,4432,54,10800,2025-11-19 16:05:50.046861,,60.0,42.0,35.0,34.0,28.0,19.0,18.0
10-1205,Rawai -> Airport,4432,54,10889,2025-11-19 16:05:50.046861,,62.0,44.0,36.0,35.0,29.0,20.0,19.0
10-1212,Rawai -> Airport,3433,18,3600,2025-11-19 16:05:50.046861,2025-11-19 16:07:21.577011,1.0,,,,,,
10-1212,Rawai -> Airport,3433,19,3800,2025-11-19 16:05:50.046861,2025-11-19 16:19:27.674630,4.0,,,,,,
10-1212,Rawai -> Airport,3433,20,4000,2025-11-19 16:05:50.046861,2025-11-19 16:33:05.594961,8.0,2.0,,,,,
10-1212,Rawai -> Airport,3433,21,4200,2025-11-19 16:05:50.046861,2025-11-19 16:34:06.136953,11.0,5.0,,,,,
10-1212,Rawai -> Airport,3433,22,4400,2025-11-19 16:05:50.046861,2025-11-19 16:39:09.358498,12.0,7.0,0.0,,,,
10-1212,Rawai -> Airport,3433,23,4600,2025-11-19 16:05:50.046861,2025-11-19 16:42:10.859567,14.0,8.0,2.0,,,,
10-1212,Rawai -> Airport,3433,24,4800,2025-11-19 16:05:50.046861,2025-11-19 16:44:11.862552,16.0,10.0,4.0,,,,
10-1212,Rawai -> Airport,3433,25,5000,2025-11-19 16:05:50.046861,2025-11-19 16:46:12.866505,18.0,12.0,6.0,,,,
10-1212,Rawai -> Airport,3433,26,5200,2025-11-19 16:05:50.046861,2025-11-19 16:48:13.891033,20.0,14.0,8.0,,,,
10-1212,Rawai -> Airport,3433,27,5400,2025-11-19 16:05:50.046861,2025-11-19 16:49:14.454222,22.0,16.0,10.0,,,,
10-1212,Rawai -> Airport,3433,28,5600,2025-11-19 16:05:50.046861,2025-11-19 16:53:17.050579,24.0,18.0,12.0,0.0,,,
10-1212,Rawai -> Airport,3433,29,5800,2025-11-19 16:05:50.046861,2025-11-19 16:55:18.042785,26.0,20.0,14.0,2.0,,,
10-1212,Rawai -> Airport,3433,30,6000,2025-11-19 16:05:50.046861,2025-11-19 16:56:18.567359,28.0,22.0,16.0,4.0,,,
10-1212,Rawai -> Airport,3433,31,6200,2025-11-19 16:05:50.046861,2025-11-19 16:58:19.632374,30.0,24.0,18.0,6.0,,,
10-1212,Rawai -> Airport,3433,32,6400,2025-11-19 16:05:50.046861,2025-11-19 17:00:20.627449,31.0,25.0,19.0,7.0,,,
10-1212,Rawai -> Airport,3433,33,6600,2025-11-19 16:05:50.046861,2025-11-19 17:03:22.183755,33.0,27.0,21.0,9.0,,,
10-1212,Rawai -> Airport,3433,34,6800,2025-11-19 16:05:50.046861,2025-11-19 17:15:58.475013,35.0,29.0,23.0,11.0,1.0,,
10-1212,Rawai -> Airport,3433,35,7000,2025-11-19 16:05:50.046861,,39.0,33.0,27.0,15.0,5.0,2.0,1.0
10-1212,Rawai -> Airport,3433,36,7200,2025-11-19 16:05:50.046861,,43.0,37.0,31.0,19.0,9.0,6.0,5.0
10-1212,Rawai -> Airport,3433,37,7400,2025-11-19 16:05:50.046861,,46.0,40.0,34.0,22.0,12.0,9.0,8.0
10-1212,Rawai -> Airport,3433,38,7600,2025-11-19 16:05:50.046861,,49.0,43.0,37.0,25.0,14.0,11.0,11.0
10-1212,Rawai -> Airport,3433,39,7800,2025-11-19 16:05:50.046861,,50.0,44.0,38.0,26.0,16.0,13.0,12.0
10-1212,Rawai -> Airport,3433,40,8000,2025-11-19 16:05:50.046861,,52.0,46.0,40.0,28.0,17.0,14.0,14.0
10-1212,Rawai -> Airport,3433,41,8200,2025-11-19 16:05:50.046861,,54.0,48.0,42.0,30.0,20.0,17.0,16.0
10-1212,Rawai -> Airport,3433,42,8400,2025-11-19 16:05:50.046861,,55.0,50.0,44.0,31.0,21.0,18.0,17.0
10-1212,Rawai -> Airport,3433,43,8600,2025-11-19 16:05:50.046861,,58.0,52.0,46.0,34.0,24.0,21.0,20.0
10-1212,Rawai -> Airport,3433,44,8800,2025-11-19 16:05:50.046861,,59.0,54.0,48.0,35.0,25.0,22.0,21.0
10-1212,Rawai -> Airport,3433,45,9000,2025-11-19 16:05:50.046861,,61.0,55.0,49.0,36.0,26.0,23.0,22.0
10-1212,Rawai -> Airport,3433,46,9200,2025-11-19 16:05:50.046861,,62.0,56.0,50.0,38.0,28.0,25.0,24.0
10-1212,Rawai -> Airport,3433,47,9400,2025-11-19 16:05:50.046861,,63.0,57.0,51.0,39.0,29.0,26.0,25.0
10-1212,Rawai -> Airport,3433,48,9600,2025-11-19 16:05:50.046861,,64.0,59.0,53.0,40.0,30.0,27.0,26.0
10-1212,Rawai -> Airport,3433,49,9800,2025-11-19 16:05:50.046861,,66.0,60.0,54.0,42.0,31.0,28.0,28.0
10-1212,Rawai -> Airport,3433,50,10000,2025-11-19 16:05:50.046861,,67.0,61.0,55.0,43.0,33.0,30.0,29.0
10-1212,Rawai -> Airport,3433,51,10200,2025-11-19 16:05:50.046861,,68.0,63.0,57.0,44.0,34.0,31.0,30.0
10-1212,Rawai -> Airport,3433,52,10400,2025-11-19 16:05:50.046861,,70.0,64.0,58.0,46.0,35.0,32.0,32.0
10-1212,Rawai -> Airport,3433,53,10600,2025-11-19 16:05:50.046861,,71.0,66.0,60.0,47.0,37.0,34.0,33.0
10-1212,Rawai -> Airport,3433,54,10800,2025-11-19 16:05:50.046861,,73.0,68.0,62.0,49.0,39.0,36.0,35.0
10-1212,Rawai -> Airport,3433,54,10889,2025-11-19 16:05:50.046861,,75.0,69.0,63.0,51.0,40.0,37.0,37.0
10-1264,Patong -> Bus 1 -> Bus 2,4151,21,4200,2025-11-19 16:06:20.477179,2025-11-19 16:07:21.048551,0.0,51.0,54.0,49.0,,,
10-1264,Patong -> Bus 1 -> Bus 2,4151,22,4400,2025-11-19 16:06:20.477179,2025-11-19 16:11:22.972600,2.0,53.0,57.0,52.0,,,
10-1264,Patong -> Bus 1 -> Bus 2,4151,23,4600,2025-11-19 16:06:20.477179,2025-11-19 16:12:23.510594,4.0,57.0,60.0,55.0,,,
10-1264,Patong -> Bus 1 -> Bus 2,4151,24,4800,2025-11-19 16:06:20.477179,2025-11-19 16:14:24.578924,6.0,61.0,64.0,59.0,,,
10-1264,Patong -> Bus 1 -> Bus 2,4151,25,5000,2025-11-19 16:06:20.477179,2025-11-19 16:24:59.877940,8.0,64.0,67.0,62.0,,,
10-1264,Patong -> Bus 1 -> Bus 2,4151,26,5200,2025-11-19 16:06:20.477179,2025-11-19 16:28:31.737690,9.0,67.0,70.0,65.0,,,
10-1264,Patong -> Bus 1 -> Bus 2,4151,26,5301,2025-11-19 16:06:20.477179,2025-11-19 16:31:02.931249,10.0,,,,,,
10-1207,Rawai -> Airport,10648,54,10800,2025-11-19 16:07:21.577011,2025-11-19 16:10:23.034173,,,107.0,,105.0,92.0,88.0
10-1207,Rawai -> Airport,10648,54,10889,2025-11-19 16:07:21.577011,2025-11-19 16:18:57.403680,,,109.0,,107.0,93.0,90.0
10-1207,Airport -> Rawai,55,1,200,2025-11-19 16:11:23.573562,2025-11-19 17:04:22.218910,,,1.0,,,,
10-1207,Airport -> Rawai,55,2,400,2025-11-19 16:11:23.573562,2025-11-19 17:07:23.911306,,,3.0,,0.0,,
10-1207,Airport -> Rawai,55,3,600,2025-11-19 16:11:23.573562,2025-11-19 17:08:54.635167,,,4.0,,2.0,,
10-1207,Airport -> Rawai,55,4,800,2025-11-19 16:11:23.573562,2025-11-19 17:10:25.340941,,,6.0,,3.0,,
10-1207,Airport -> Rawai,55,5,1000,2025-11-19 16:11:23.573562,2025-11-19 17:12:26.419518,,,7.0,,5.0,,
10-1207,Airport -> Rawai,55,6,1200,2025-11-19 16:11:23.573562,2025-11-19 17:13:57.260503,,,8.0,,6.0,,
10-1207,Airport -> Rawai,55,7,1400,2025-11-19 16:11:23.573562,2025-11-19 17:13:57.260503,,,10.0,,7.0,,
10-1207,Airport -> Rawai,55,8,1600,2025-11-19 16:11:23.573562,2025-11-19 17:15:58.152601,,,11.0,,9.0,,
10-1207,Airport -> Rawai,55,9,1800,2025-11-19 16:11:23.573562,2025-11-19 17:20:00.067484,,,12.0,,10.0,,
10-1207,Airport -> Rawai,55,10,2000,2025-11-19 16:11:23.573562,2025-11-19 17:20:00.067484,,,14.0,,11.0,,
10-1207,Airport -> Rawai,55,11,2200,2025-11-19 16:11:23.573562,2025-11-19 17:21:00.632177,,,15.0,,12.0,,
10-1207,Airport -> Rawai,55,12,2400,2025-11-19 16:11:23.573562,2025-11-19 17:26:03.252705,,,16.0,,14.0,0.0,
10-1207,Airport -> Rawai,55,13,2600,2025-11-19 16:11:23.573562,2025-11-19 17:36:08.072666,,,19.0,,16.0,3.0,
10-1207,Airport -> Rawai,55,14,2800,2025-11-19 16:11:23.573562,2025-11-19 17:38:09.413603,,,20.0,,18.0,5.0,1.0
10-1207,Airport -> Rawai,55,15,3000,2025-11-19 16:11:23.573562,2025-11-19 17:44:12.537208,,,22.0,,20.0,7.0,3.0
10-1207,Airport -> Rawai,55,16,3200,2025-11-19 16:11:23.573562,2025-11-19 17:46:13.589714,,,24.0,,22.0,8.0,5.0
10-1207,Airport -> Rawai,55,17,3400,2025-11-19 16:11:23.573562,2025-11-19 17:47:14.089003,,,25.0,,23.0,10.0,6.0
10-1207,Airport -> Rawai,55,18,3600,2025-11-19 16:11:23.573562,2025-11-19 17:52:17.098059,,,28.0,,26.0,12.0,9.0
10-1207,Airport -> Rawai,55,19,3800,2025-11-19 16:11:23.573562,2025-11-19 17:55:18.581831,,,31.0,,29.0,16.0,12.0
10-1207,Airport -> Rawai,55,20,4000,2025-11-19 16:11:23.573562,2025-11-19 18:02:22.005574,,,33.0,,31.0,17.0,14.0
10-1207,Airport -> Rawai,55,21,4200,2025-11-19 16:11:23.573562,,,,35.0,,33.0,19.0,16.0
10-1207,Airport -> Rawai,55,22,4400,2025-11-19 16:11:23.573562,,,,36.0,,34.0,21.0,17.0
10-1207,Airport -> Rawai,55,23,4600,2025-11-19 16:11:23.573562,,,,38.0,,36.0,23.0,19.0
10-1207,Airport -> Rawai,55,24,4800,2025-11-19 16:11:23.573562,,,,40.0,,38.0,25.0,21.0
10-1207,Airport -> Rawai,55,25,5000,2025-11-19 16:11:23.573562,,,,42.0,,40.0,26.0,23.0
10-1207,Airport -> Rawai,55,26,5200,2025-11-19 16:11:23.573562,,,,44.0,,42.0,28.0,24.0
10-1207,Airport -> Rawai,55,27,5400,2025-11-19 16:11:23.573562,,,,46.0,,44.0,31.0,27.0
10-1207,Airport -> Rawai,55,28,5600,2025-11-19 16:11:23.573562,,,,48.0,,46.0,33.0,29.0
10-1207,Airport -> Rawai,55,29,5800,2025-11-19 16:11:23.573562,,,,50.0,,48.0,35.0,31.0
10-1207,Airport -> Rawai,55,30,6000,2025-11-19 16:11:23.573562,,,,52.0,,50.0,36.0,33.0
10-1207,Airport -> Rawai,55,31,6200,2025-11-19 16:11:23.573562,,,,54.0,,52.0,38.0,34.0
10-1207,Airport -> Rawai,55,32,6400,2025-11-19 16:11:23.573562,,,,55.0,,53.0,40.0,36.0
10-1207,Airport -> Rawai,55,33,6600,2025-11-19 16:11:23.573562,,,,58.0,,56.0,43.0,39.0
10-1207,Airport -> Rawai,55,34,6800,2025-11-19 16:11:23.573562,,,,62.0,,59.0,46.0,42.0
10-1207,Airport -> Rawai,55,35,7000,2025-11-19 16:11:23.573562,,,,66.0,,63.0,50.0,46.0
10-1207,Airport -> Rawai,55,36,7200,2025-11-19 16:11:23.573562,,,,70.0,,67.0,54.0,50.0
10-1207,Airport -> Rawai,55,37,7400,2025-11-19 16:11:23.573562,,,,73.0,,71.0,57.0,54.0
10-1207,Airport -> Rawai,55,38,7600,2025-11-19 16:11:23.573562,,,,75.0,,73.0,59.0,55.0
10-1207,Airport -> Rawai,55,39,7800,2025-11-19 16:11:23.573562,,,,76.0,,74.0,61.0,57.0
10-1207,Airport -> Rawai,55,40,8000,2025-11-19 16:11:23.573562,,,,78.0,,75.0,62.0,58.0
10-1207,Airport -> Rawai,55,41,8200,2025-11-19 16:11:23.573562,,,,79.0,,77.0,64.0,60.0
10-1207,Airport -> Rawai,55,42,8400,2025-11-19 16:11:23.573562,,,,81.0,,79.0,66.0,62.0
10-1207,Airport -> Rawai,55,43,8600,2025-11-19 16:11:23.573562,,,,84.0,,81.0,68.0,64.0
10-1207,Airport -> Rawai,55,44,8800,2025-11-19 16:11:23.573562,,,,86.0,,83.0,70.0,66.0
10-1207,Airport -> Rawai,55,45,9000,2025-11-19 16:11:23.573562,,,,88.0,,86.0,73.0,69.0
10-1207,Airport -> Rawai,55,46,9200,2025-11-19 16:11:23.573562,,,,91.0,,89.0,76.0,72.0
10-1207,Airport -> Rawai,55,47,9400,2025-11-19 16:11:23.573562,,,,94.0,,92.0,79.0,75.0
10-1207,Airport -> Rawai,55,48,9600,2025-11-19 16:11:23.573562,,,,96.0,,93.0,80.0,76.0
10-1207,Airport -> Rawai,55,49,9800,2025-11-19 16:11:23.573562,,,,98.0,,95.0,82.0,78.0
10-1207,Airport -> Rawai,55,50,10000,2025-11-19 16:11:23.573562,,,,100.0,,98.0,84.0,80.0
10-1207,Airport -> Rawai,55,51,10200,2025-11-19 16:11:23.573562,,,,101.0,,99.0,86.0,82.0
10-1207,Airport -> Rawai,55,52,10400,2025-11-19 16:11:23.573562,,,,103.0,,101.0,88.0,84.0
10-1207,Airport -> Rawai,55,53,10600,2025-11-19 16:11:23.573562,,,,105.0,,103.0,90.0,86.0
10-1207,Airport -> Rawai,55,54,10800,2025-11-19 16:11:23.573562,,,,107.0,,105.0,92.0,88.0
10-1207,Airport -> Rawai,55,54,10889,2025-11-19 16:11:23.573562,2025-11-19 16:18:57.403680,,,109.0,,107.0,93.0,90.0
10-1152,Airport -> Rawai,10889,54,10889,2025-11-19 16:18:57.407716,,,0.0,101.0,86.0,81.0,75.0,73.0
10-1148,Rawai -> Airport,7104,36,7200,2025-11-19 16:21:59.627584,,,1.0,27.0,29.0,14.0,13.0,12.0
10-1148,Rawai -> Airport,7104,37,7400,2025-11-19 16:21:59.627584,,,5.0,30.0,32.0,17.0,17.0,16.0
10-1148,Rawai -> Airport,7104,38,7600,2025-11-19 16:21:59.627584,,,7.0,32.0,34.0,19.0,18.0,18.0
10-1148,Rawai -> Airport,7104,39,7800,2025-11-19 16:21:59.627584,,,9.0,33.0,36.0,20.0,20.0,19.0
10-1148,Rawai -> Airport,7104,40,8000,2025-11-19 16:21:59.627584,,,10.0,35.0,37.0,22.0,21.0,21.0
10-1148,Rawai -> Airport,7104,41,8200,2025-11-19 16:21:59.627584,,,12.0,36.0,40.0,23.0,23.0,22.0
10-1148,Rawai -> Airport,7104,42,8400,2025-11-19 16:21:59.627584,,,14.0,39.0,41.0,25.0,25.0,24.0
10-1148,Rawai -> Airport,7104,43,8600,2025-11-19 16:21:59.627584,,,17.0,41.0,44.0,28.0,27.0,27.0
10-1148,Rawai -> Airport,7104,44,8800,2025-11-19 16:21:59.627584,,,18.0,43.0,45.0,30.0,29.0,28.0
10-1148,Rawai -> Airport,7104,45,9000,2025-11-19 16:21:59.627584,,,19.0,46.0,46.0,33.0,32.0,31.0
10-1148,Rawai -> Airport,7104,46,9200,2025-11-19 16:21:59.627584,,,20.0,49.0,48.0,36.0,35.0,34.0
10-1148,Rawai -> Airport,7104,47,9400,2025-11-19 16:21:59.627584,,,22.0,51.0,49.0,38.0,38.0,37.0
10-1148,Rawai -> Airport,7104,48,9600,2025-11-19 16:21:59.627584,,,23.0,53.0,50.0,40.0,39.0,39.0
10-1148,Rawai -> Airport,7104,49,9800,2025-11-19 16:21:59.627584,,,24.0,55.0,51.0,42.0,41.0,41.0
10-1148,Rawai -> Airport,7104,50,10000,2025-11-19 16:21:59.627584,,,25.0,57.0,52.0,44.0,43.0,43.0
10-1148,Rawai -> Airport,7104,51,10200,2025-11-19 16:21:59.627584,,,27.0,58.0,54.0,45.0,45.0,44.0
10-1148,Rawai -> Airport,7104,52,10400,2025-11-19 16:21:59.627584,,,28.0,61.0,55.0,47.0,47.0,46.0
10-1148,Rawai -> Airport,7104,53,10600,2025-11-19 16:21:59.627584,,,30.0,63.0,57.0,50.0,49.0,48.0
10-1148,Rawai -> Airport,7104,54,10800,2025-11-19 16:21:59.627584,,,32.0,65.0,59.0,52.0,51.0,50.0
10-1148,Rawai -> Airport,7104,54,10889,2025-11-19 16:21:59.627584,,,33.0,66.0,60.0,53.0,53.0,52.0
10-1196,Airport -> Rawai,3728,19,3800,2025-11-19 16:23:00.105179,,,,,,,,
10-1196,Airport -> Rawai,3728,20,4000,2025-11-19 16:23:00.105179,,,,,,,,
10-1196,Airport -> Rawai,3728,21,4200,2025-11-19 16:23:00.105179,,,,,,,,
10-1196,Airport -> Rawai,3728,22,4400,2025-11-19 16:23:00.105179,,,,,,,,
10-1196,Airport -> Rawai,3728,23,4600,2025-11-19 16:23:00.105179,,,,,,,,
10-1196,Airport -> Rawai,3728,24,4800,2025-11-19 16:23:00.105179,,,,,,,,
10-1196,Airport -> Rawai,3728,25,5000,2025-11-19 16:23:00.105179,,,,,,,,
10-1196,Airport -> Rawai,3728,26,5200,2025-11-19 16:23:00.105179,,,,,,,,
10-1196,Airport -> Rawai,3728,27,5400,2025-11-19 16:23:00.105179,,,,,,,,
10-1196,Airport -> Rawai,3728,28,5600,2025-11-19 16:23:00.105179,,,,,,,,
10-1196,Airport -> Rawai,3728,29,5800,2025-11-19 16:23:00.105179,,,,,,,,
10-1196,Airport -> Rawai,3728,30,6000,2025-11-19 16:23:00.105179,,,,,,,,
10-1196,Airport -> Rawai,3728,31,6200,2025-11-19 16:23:00.105179,,,,,,,,
10-1196,Airport -> Rawai,3728,32,6400,2025-11-19 16:23:00.105179,,,,,,,,
10-1196,Airport -> Rawai,3728,33,6600,2025-11-19 16:23:00.105179,,,,,,,,
10-1196,Airport -> Rawai,3728,34,6800,2025-11-19 16:23:00.105179,,,,,,,,
10-1196,Airport -> Rawai,3728,35,7000,2025-11-19 16:23:00.105179,,,,,,,,
10-1196,Airport -> Rawai,3728,36,7200,2025-11-19 16:23:00.105179,2025-11-19 16:25:01.158215,,,,,,,
10-1196,Airport -> Rawai,3728,37,7400,2025-11-19 16:23:00.105179,2025-11-19 16:30:04.065300,,,,,,,
10-1196,Airport -> Rawai,3728,38,7600,2025-11-19 16:23:00.105179,2025-11-19 16:32:05.080138,,,,,,,
10-1196,Airport -> Rawai,3728,39,7800,2025-11-19 16:23:00.105179,2025-11-19 16:34:06.136953,,,,,,,
10-1196,Airport -> Rawai,3728,40,8000,2025-11-19 16:23:00.105179,2025-11-19 16:37:08.280313,,,0.0,,,,
10-1196,Airport -> Rawai,3728,41,8200,2025-11-19 16:23:00.105179,2025-11-19 16:38:08.767151,,,2.0,,,,
10-1196,Airport -> Rawai,3728,42,8400,2025-11-19 16:23:00.105179,2025-11-19 16:50:14.968239,,,3.0,,,,
10-1196,Airport -> Rawai,3728,43,8600,2025-11-19 16:23:00.105179,2025-11-19 16:51:15.526380,,,6.0,,,,
10-1196,Airport -> Rawai,3728,44,8800,2025-11-19 16:23:00.105179,2025-11-19 16:52:16.594028,,,7.0,0.0,,,
10-1196,Airport -> Rawai,3728,45,9000,2025-11-19 16:23:00.105179,2025-11-19 16:54:17.550633,,,8.0,2.0,,,
10-1196,Airport -> Rawai,3728,46,9200,2025-11-19 16:23:00.105179,2025-11-19 16:55:18.042785,,,10.0,3.0,,,
10-1196,Airport -> Rawai,3728,47,9400,2025-11-19 16:23:00.105179,2025-11-19 16:56:18.567359,,,11.0,4.0,,,
10-1196,Airport -> Rawai,3728,48,9600,2025-11-19 16:23:00.105179,2025-11-19 16:58:19.632374,,,12.0,5.0,,,
10-1196,Airport -> Rawai,3728,49,9800,2025-11-19 16:23:00.105179,2025-11-19 16:58:49.883917,,,14.0,7.0,,,
10-1196,Airport -> Rawai,3728,50,10000,2025-11-19 16:23:00.105179,2025-11-19 17:01:21.167594,,,15.0,8.0,,,
10-1196,Airport -> Rawai,3728,51,10200,2025-11-19 16:23:00.105179,2025-11-19 17:02:21.642793,,,16.0,9.0,,,
10-1196,Airport -> Rawai,3728,52,10400,2025-11-19 16:23:00.105179,2025-11-19 17:04:22.672071,,,17.0,11.0,,,
10-1196,Airport -> Rawai,3728,53,10600,2025-11-19 16:23:00.105179,2025-11-19 17:06:23.827108,,,19.0,12.0,0.0,,
10-1196,Airport -> Rawai,3728,54,10800,2025-11-19 16:23:00.105179,2025-11-19 17:08:55.098282,,,21.0,14.0,2.0,,
10-1196,Airport -> Rawai,3728,54,10889,2025-11-19 16:23:00.105179,2025-11-19 17:10:56.198729,,,22.0,16.0,3.0,,
10-1152,Rawai -> Airport,132,1,200,2025-11-19 16:23:00.172263,2025-11-19 16:25:01.158215,,,,,,,
10-1152,Rawai -> Airport,132,2,400,2025-11-19 16:23:00.172263,2025-11-19 16:27:02.297124,,,,,,,
10-1152,Rawai -> Airport,132,3,600,2025-11-19 16:23:00.172263,2025-11-19 16:31:04.588695,,,,,,,
10-1152,Rawai -> Airport,132,4,800,2025-11-19 16:23:00.172263,2025-11-19 16:34:06.136953,,,,,,,
10-1152,Rawai -> Airport,132,5,1000,2025-11-19 16:23:00.172263,2025-11-19 16:38:08.767151,,,1.0,,,,
10-1152,Rawai -> Airport,132,6,1200,2025-11-19 16:23:00.172263,2025-11-19 16:38:08.767151,,,3.0,,,,
10-1152,Rawai -> Airport,132,7,1400,2025-11-19 16:23:00.172263,2025-11-19 16:42:10.859567,,,5.0,,,,
10-1152,Rawai -> Airport,132,8,1600,2025-11-19 16:23:00.172263,2025-11-19 16:42:10.859567,,,6.0,,,,
10-1152,Rawai -> Airport,132,9,1800,2025-11-19 16:23:00.172263,2025-11-19 16:45:12.377604,,,9.0,,,,
10-1152,Rawai -> Airport,132,10,2000,2025-11-19 16:23:00.172263,2025-11-19 16:50:14.968239,,,12.0,,,,
10-1152,Rawai -> Airport,132,11,2200,2025-11-19 16:23:00.172263,2025-11-19 16:54:17.550633,,,15.0,0.0,,,
10-1152,Rawai -> Airport,132,12,2400,2025-11-19 16:23:00.172263,2025-11-19 16:56:18.567359,,,17.0,2.0,,,
10-1152,Rawai -> Airport,132,13,2600,2025-11-19 16:23:00.172263,2025-11-19 17:03:22.183755,,,19.0,4.0,,,
10-1152,Rawai -> Airport,132,14,2800,2025-11-19 16:23:00.172263,2025-11-19 17:07:24.279799,,,21.0,6.0,1.0,,
10-1152,Rawai -> Airport,132,15,3000,2025-11-19 16:23:00.172263,2025-11-19 17:07:24.279799,,,23.0,8.0,2.0,,
10-1152,Rawai -> Airport,132,16,3200,2025-11-19 16:23:00.172263,2025-11-19 17:08:55.098282,,,24.0,10.0,4.0,,
10-1152,Rawai -> Airport,132,17,3400,2025-11-19 16:23:00.172263,2025-11-19 17:27:03.927355,,,26.0,11.0,5.0,0.0,
10-1152,Rawai -> Airport,132,18,3600,2025-11-19 16:23:00.172263,2025-11-19 17:37:09.507458,,,28.0,13.0,7.0,2.0,0.0
10-1152,Rawai -> Airport,132,19,3800,2025-11-19 16:23:00.172263,2025-11-19 17:42:12.235256,,,31.0,16.0,11.0,5.0,3.0
10-1152,Rawai -> Airport,132,20,4000,2025-11-19 16:23:00.172263,2025-11-19 17:55:19.322674,,,34.0,19.0,14.0,8.0,6.0
10-1152,Rawai -> Airport,132,21,4200,2025-11-19 16:23:00.172263,2025-11-19 18:01:22.364687,,,37.0,22.0,17.0,11.0,9.0
10-1152,Rawai -> Airport,132,22,4400,2025-11-19 16:23:00.172263,,,,39.0,24.0,18.0,13.0,11.0
10-1152,Rawai -> Airport,132,23,4600,2025-11-19 16:23:00.172263,,,,41.0,26.0,20.0,15.0,13.0
10-1152,Rawai -> Airport,132,24,4800,2025-11-19 16:23:00.172263,,,,42.0,27.0,22.0,16.0,14.0
10-1152,Rawai -> Airport,132,25,5000,2025-11-19 16:23:00.172263,,,,44.0,29.0,24.0,18.0,16.0
10-1152,Rawai -> Airport,132,26,5200,2025-11-19 16:23:00.172263,,,,46.0,32.0,26.0,20.0,18.0
10-1152,Rawai -> Airport,132,27,5400,2025-11-19 16:23:00.172263,,,,49.0,34.0,28.0,23.0,21.0
10-1152,Rawai -> Airport,132,28,5600,2025-11-19 16:23:00.172263,,,,51.0,36.0,30.0,25.0,23.0
10-1152,Rawai -> Airport,132,29,5800,2025-11-19 16:23:00.172263,,,,52.0,37.0,32.0,26.0,24.0
10-1152,Rawai -> Airport,132,30,6000,2025-11-19 16:23:00.172263,,,,54.0,40.0,34.0,28.0,26.0
10-1152,Rawai -> Airport,132,31,6200,2025-11-19 16:23:00.172263,,,,56.0,41.0,36.0,30.0,28.0
10-1152,Rawai -> Airport,132,32,6400,2025-11-19 16:23:00.172263,,,,58.0,43.0,37.0,32.0,30.0
10-1152,Rawai -> Airport,132,33,6600,2025-11-19 16:23:00.172263,,,,60.0,45.0,39.0,34.0,32.0
10-1152,Rawai -> Airport,132,34,6800,2025-11-19 16:23:00.172263,,,,61.0,47.0,41.0,36.0,34.0
10-1152,Rawai -> Airport,132,35,7000,2025-11-19 16:23:00.172263,,,,65.0,51.0,45.0,40.0,38.0
10-1152,Rawai -> Airport,132,36,7200,2025-11-19 16:23:00.172263,,,,69.0,55.0,49.0,44.0,42.0
10-1152,Rawai -> Airport,132,37,7400,2025-11-19 16:23:00.172263,,,,73.0,58.0,52.0,47.0,45.0
10-1152,Rawai -> Airport,132,38,7600,2025-11-19 16:23:00.172263,,,,75.0,60.0,55.0,49.0,47.0
10-1152,Rawai -> Airport,132,39,7800,2025-11-19 16:23:00.172263,,,,77.0,62.0,56.0,51.0,49.0
10-1152,Rawai -> Airport,132,40,8000,2025-11-19 16:23:00.172263,,,,78.0,63.0,58.0,52.0,50.0
10-1152,Rawai -> Airport,132,41,8200,2025-11-19 16:23:00.172263,,,,80.0,66.0,60.0,55.0,53.0
10-1152,Rawai -> Airport,132,42,8400,2025-11-19 16:23:00.172263,,,,82.0,67.0,62.0,56.0,54.0
10-1152,Rawai -> Airport,132,43,8600,2025-11-19 16:23:00.172263,,,,85.0,70.0,64.0,59.0,57.0
10-1152,Rawai -> Airport,132,44,8800,2025-11-19 16:23:00.172263,,,,86.0,71.0,66.0,60.0,58.0
10-1152,Rawai -> Airport,132,45,9000,2025-11-19 16:23:00.172263,,,,87.0,72.0,67.0,61.0,59.0
10-1152,Rawai -> Airport,132,46,9200,2025-11-19 16:23:00.172263,,,,88.0,74.0,68.0,63.0,61.0
10-1152,Rawai -> Airport,132,47,9400,2025-11-19 16:23:00.172263,,,,90.0,75.0,69.0,64.0,62.0
10-1152,Rawai -> Airport,132,48,9600,2025-11-19 16:23:00.172263,,,,91.0,76.0,71.0,65.0,63.0
10-1152,Rawai -> Airport,132,49,9800,2025-11-19 16:23:00.172263,,,,92.0,77.0,72.0,66.0,64.0
10-1152,Rawai -> Airport,132,50,10000,2025-11-19 16:23:00.172263,,,,93.0,79.0,73.0,67.0,66.0
10-1152,Rawai -> Airport,132,51,10200,2025-11-19 16:23:00.172263,,,,95.0,80.0,75.0,69.0,67.0
10-1152,Rawai -> Airport,132,52,10400,2025-11-19 16:23:00.172263,,,,96.0,81.0,76.0,70.0,68.0
10-1152,Rawai -> Airport,132,53,10600,2025-11-19 16:23:00.172263,,,,98.0,83.0,77.0,72.0,70.0
10-1152,Rawai -> Airport,132,54,10800,2025-11-19 16:23:00.172263,,,,100.0,85.0,80.0,74.0,72.0
10-1152,Rawai -> Airport,132,54,10889,2025-11-19 16:23:00.172263,,,,101.0,86.0,81.0,75.0,73.0
10-1159,Airport -> Rawai,80,1,200,2025-11-19 16:51:15.511646,2025-11-19 16:58:19.290762,,,,1.0,,,
10-1159,Airport -> Rawai,80,2,400,2025-11-19 16:51:15.511646,,,,,3.0,,,2.0
10-1159,Airport -> Rawai,80,3,600,2025-11-19 16:51:15.511646,,,,,5.0,,,3.0
10-1159,Airport -> Rawai,80,4,800,2025-11-19 16:51:15.511646,,,,,6.0,,,5.0
10-1159,Airport -> Rawai,80,5,1000,2025-11-19 16:51:15.511646,,,,,8.0,,,6.0
10-1159,Airport -> Rawai,80,6,1200,2025-11-19 16:51:15.511646,,,,,9.0,,,7.0
10-1159,Airport -> Rawai,80,7,1400,2025-11-19 16:51:15.511646,,,,,10.0,,,9.0
10-1159,Airport -> Rawai,80,8,1600,2025-11-19 16:51:15.511646,,,,,11.0,,,10.0
10-1159,Airport -> Rawai,80,9,1800,2025-11-19 16:51:15.511646,,,,,13.0,,,11.0
10-1159,Airport -> Rawai,80,10,2000,2025-11-19 16:51:15.511646,,,,,14.0,,,13.0
10-1159,Airport -> Rawai,80,11,2200,2025-11-19 16:51:15.511646,,,,,15.0,,,14.0
10-1159,Airport -> Rawai,80,12,2400,2025-11-19 16:51:15.511646,,,,,16.0,,,15.0
10-1159,Airport -> Rawai,80,13,2600,2025-11-19 16:51:15.511646,,,,,19.0,,,18.0
10-1159,Airport -> Rawai,80,14,2800,2025-11-19 16:51:15.511646,,,,,21.0,,,19.0
10-1159,Airport -> Rawai,80,15,3000,2025-11-19 16:51:15.511646,,,,,23.0,,,21.0
10-1159,Airport -> Rawai,80,16,3200,2025-11-19 16:51:15.511646,,,,,24.0,,,23.0
10-1159,Airport -> Rawai,80,17,3400,2025-11-19 16:51:15.511646,,,,,26.0,,,24.0
10-1159,Airport -> Rawai,80,18,3600,2025-11-19 16:51:15.511646,,,,,28.0,,,27.0
10-1159,Airport -> Rawai,80,19,3800,2025-11-19 16:51:15.511646,,,,,32.0,,,30.0
10-1159,Airport -> Rawai,80,20,4000,2025-11-19 16:51:15.511646,,,,,33.0,,,32.0
10-1159,Airport -> Rawai,80,21,4200,2025-11-19 16:51:15.511646,,,,,35.0,,,34.0
10-1159,Airport -> Rawai,80,22,4400,2025-11-19 16:51:15.511646,,,,,37.0,,,35.0
10-1159,Airport -> Rawai,80,23,4600,2025-11-19 16:51:15.511646,,,,,39.0,,,37.0
10-1159,Airport -> Rawai,80,24,4800,2025-11-19 16:51:15.511646,,,,,41.0,,,39.0
10-1159,Airport -> Rawai,80,25,5000,2025-11-19 16:51:15.511646,,,,,42.0,,,41.0
10-1159,Airport -> Rawai,80,26,5200,2025-11-19 16:51:15.511646,,,,,44.0,,,43.0
10-1159,Airport -> Rawai,80,27,5400,2025-11-19 16:51:15.511646,,,,,47.0,,,45.0
10-1159,Airport -> Rawai,80,28,5600,2025-11-19 16:51:15.511646,,,,,49.0,,,47.0
10-1159,Airport -> Rawai,80,29,5800,2025-11-19 16:51:15.511646,,,,,51.0,,,49.0
10-1159,Airport -> Rawai,80,30,6000,2025-11-19 16:51:15.511646,,,,,52.0,,,51.0
10-1159,Airport -> Rawai,80,31,6200,2025-11-19 16:51:15.511646,,,,,54.0,,,53.0
10-1159,Airport -> Rawai,80,32,6400,2025-11-19 16:51:15.511646,,,,,56.0,,,55.0
10-1159,Airport -> Rawai,80,33,6600,2025-11-19 16:51:15.511646,,,,,59.0,,,57.0
10-1159,Airport -> Rawai,80,34,6800,2025-11-19 16:51:15.511646,,,,,62.0,,,61.0
10-1159,Airport -> Rawai,80,35,7000,2025-11-19 16:51:15.511646,,,,,66.0,,,65.0
10-1159,Airport -> Rawai,80,36,7200,2025-11-19 16:51:15.511646,,,,,70.0,,,69.0
10-1159,Airport -> Rawai,80,37,7400,2025-11-19 16:51:15.511646,,,,,73.0,,,72.0
10-1159,Airport -> Rawai,80,38,7600,2025-11-19 16:51:15.511646,,,,,75.0,,,74.0
10-1159,Airport -> Rawai,80,39,7800,2025-11-19 16:51:15.511646,,,,,77.0,,,75.0
10-1159,Airport -> Rawai,80,40,8000,2025-11-19 16:51:15.511646,,,,,78.0,,,77.0
10-1159,Airport -> Rawai,80,41,8200,2025-11-19 16:51:15.511646,,,,,80.0,,,78.0
10-1159,Airport -> Rawai,80,42,8400,2025-11-19 16:51:15.511646,,,,,82.0,,,80.0
10-1159,Airport -> Rawai,80,43,8600,2025-11-19 16:51:15.511646,,,,,84.0,,,83.0
10-1159,Airport -> Rawai,80,44,8800,2025-11-19 16:51:15.511646,,,,,86.0,,,85.0
10-1159,Airport -> Rawai,80,45,9000,2025-11-19 16:51:15.511646,,,,,89.0,,,88.0
10-1159,Airport -> Rawai,80,46,9200,2025-11-19 16:51:15.511646,,,,,92.0,,,90.0
10-1159,Airport -> Rawai,80,47,9400,2025-11-19 16:51:15.511646,,,,,95.0,,,93.0
10-1159,Airport -> Rawai,80,48,9600,2025-11-19 16:51:15.511646,,,,,96.0,,,95.0
10-1159,Airport -> Rawai,80,49,9800,2025-11-19 16:51:15.511646,,,,,98.0,,,97.0
10-1159,Airport -> Rawai,80,50,10000,2025-11-19 16:51:15.511646,,,,,100.0,,,99.0
10-1159,Airport -> Rawai,80,51,10200,2025-11-19 16:51:15.511646,,,,,102.0,,,100.0
10-1159,Airport -> Rawai,80,52,10400,2025-11-19 16:51:15.511646,,,,,104.0,,,102.0
10-1159,Airport -> Rawai,80,53,10600,2025-11-19 16:51:15.511646,,,,,106.0,,,105.0
10-1159,Airport -> Rawai,80,54,10800,2025-11-19 16:51:15.511646,,,,,108.0,,,106.0
10-1159,Airport -> Rawai,80,54,10889,2025-11-19 16:51:15.511646,2025-11-19 16:52:16.594028,,,,109.0,,,108.0
10-1153,Rawai -> Airport,7919,40,8000,2025-11-19 16:51:15.526380,,,,,55.0,44.0,33.0,23.0
10-1153,Rawai -> Airport,7919,41,8200,2025-11-19 16:51:15.526380,,,,,56.0,45.0,34.0,25.0
10-1153,Rawai -> Airport,7919,42,8400,2025-11-19 16:51:15.526380,,,,,58.0,47.0,36.0,27.0
10-1153,Rawai -> Airport,7919,43,8600,2025-11-19 16:51:15.526380,,,,,61.0,50.0,39.0,29.0
10-1153,Rawai -> Airport,7919,44,8800,2025-11-19 16:51:15.526380,,,,,63.0,51.0,41.0,31.0
10-1153,Rawai -> Airport,7919,45,9000,2025-11-19 16:51:15.526380,,,,,65.0,54.0,43.0,34.0
10-1153,Rawai -> Airport,7919,46,9200,2025-11-19 16:51:15.526380,,,,,68.0,57.0,46.0,37.0
10-1153,Rawai -> Airport,7919,47,9400,2025-11-19 16:51:15.526380,,,,,71.0,60.0,49.0,40.0
10-1153,Rawai -> Airport,7919,48,9600,2025-11-19 16:51:15.526380,,,,,73.0,62.0,51.0,41.0
10-1153,Rawai -> Airport,7919,49,9800,2025-11-19 16:51:15.526380,,,,,75.0,64.0,53.0,43.0
10-1153,Rawai -> Airport,7919,50,10000,2025-11-19 16:51:15.526380,,,,,77.0,66.0,55.0,45.0
10-1153,Rawai -> Airport,7919,51,10200,2025-11-19 16:51:15.526380,,,,,78.0,67.0,56.0,47.0
10-1153,Rawai -> Airport,7919,52,10400,2025-11-19 16:51:15.526380,,,,,80.0,69.0,58.0,49.0
10-1153,Rawai -> Airport,7919,53,10600,2025-11-19 16:51:15.526380,,,,,82.0,71.0,60.0,51.0
10-1153,Rawai -> Airport,7919,54,10800,2025-11-19 16:51:15.526380,,,,,84.0,73.0,62.0,53.0
10-1153,Rawai -> Airport,7919,54,10889,2025-11-19 16:51:15.526380,,,,,86.0,75.0,64.0,55.0
10-1149,Airport -> Rawai,0,1,200,2025-11-19 17:02:21.304580,2025-11-19 17:08:54.635167,,,,,,,
10-1149,Airport -> Rawai,0,2,400,2025-11-19 17:02:21.304580,2025-11-19 17:12:56.672582,,,,,,,
10-1149,Airport -> Rawai,0,3,600,2025-11-19 17:02:21.304580,,,,,,,,
10-1149,Airport -> Rawai,0,4,800,2025-11-19 17:02:21.304580,,,,,,,,
10-1149,Airport -> Rawai,0,5,1000,2025-11-19 17:02:21.304580,,,,,,,,
10-1149,Airport -> Rawai,0,6,1200,2025-11-19 17:02:21.304580,,,,,,,,
10-1149,Airport -> Rawai,0,7,1400,2025-11-19 17:02:21.304580,,,,,,,,
10-1149,Airport -> Rawai,0,8,1600,2025-11-19 17:02:21.304580,,,,,,,,
10-1149,Airport -> Rawai,0,9,1800,2025-11-19 17:02:21.304580,,,,,,,,
10-1149,Airport -> Rawai,0,10,2000,2025-11-19 17:02:21.304580,,,,,,,,
10-1149,Airport -> Rawai,0,11,2200,2025-11-19 17:02:21.304580,,,,,,,,
10-1149,Airport -> Rawai,0,12,2400,2025-11-19 17:02:21.304580,,,,,,,,
10-1149,Airport -> Rawai,0,13,2600,2025-11-19 17:02:21.304580,,,,,,,,
10-1149,Airport -> Rawai,0,14,2800,2025-11-19 17:02:21.304580,,,,,,,,
10-1149,Airport -> Rawai,0,15,3000,2025-11-19 17:02:21.304580,,,,,,,,
10-1149,Airport -> Rawai,0,16,3200,2025-11-19 17:02:21.304580,,,,,,,,
10-1149,Airport -> Rawai,0,17,3400,2025-11-19 17:02:21.304580,,,,,,,,
10-1149,Airport -> Rawai,0,18,3600,2025-11-19 17:02:21.304580,,,,,,,,
10-1149,Airport -> Rawai,0,19,3800,2025-11-19 17:02:21.304580,,,,,,,,
10-1149,Airport -> Rawai,0,20,4000,2025-11-19 17:02:21.304580,,,,,,,,
10-1149,Airport -> Rawai,0,21,4200,2025-11-19 17:02:21.304580,,,,,,,,
10-1149,Airport -> Rawai,0,22,4400,2025-11-19 17:02:21.304580,,,,,,,,
10-1149,Airport -> Rawai,0,23,4600,2025-11-19 17:02:21.304580,,,,,,,,
10-1149,Airport -> Rawai,0,24,4800,2025-11-19 17:02:21.304580,,,,,,,,
10-1149,Airport -> Rawai,0,25,5000,2025-11-19 17:02:21.304580,,,,,,,,
10-1149,Airport -> Rawai,0,26,5200,2025-11-19 17:02:21.304580,,,,,,,,
10-1149,Airport -> Rawai,0,27,5400,2025-11-19 17:02:21.304580,,,,,,,,
10-1149,Airport -> Rawai,0,28,5600,2025-11-19 17:02:21.304580,,,,,,,,
10-1149,Airport -> Rawai,0,29,5800,2025-11-19 17:02:21.304580,,,,,,,,
10-1149,Airport -> Rawai,0,30,6000,2025-11-19 17:02:21.304580,,,,,,,,
10-1149,Airport -> Rawai,0,31,6200,2025-11-19 17:02:21.304580,,,,,,,,
10-1149,Airport -> Rawai,0,32,6400,2025-11-19 17:02:21.304580,,,,,,,,
10-1149,Airport -> Rawai,0,33,6600,2025-11-19 17:02:21.304580,,,,,,,,
10-1149,Airport -> Rawai,0,34,6800,2025-11-19 17:02:21.304580,,,,,,,,
10-1149,Airport -> Rawai,0,35,7000,2025-11-19 17:02:21.304580,,,,,,,,
10-1149,Airport -> Rawai,0,36,7200,2025-11-19 17:02:21.304580,,,,,,,,
10-1149,Airport -> Rawai,0,37,7400,2025-11-19 17:02:21.304580,,,,,,,,
10-1149,Airport -> Rawai,0,38,7600,2025-11-19 17:02:21.304580,,,,,,,,
10-1149,Airport -> Rawai,0,39,7800,2025-11-19 17:02:21.304580,,,,,,,,
10-1149,Airport -> Rawai,0,40,8000,2025-11-19 17:02:21.304580,,,,,,,,
10-1149,Airport -> Rawai,0,41,8200,2025-11-19 17:02:21.304580,,,,,,,,
10-1149,Airport -> Rawai,0,42,8400,2025-11-19 17:02:21.304580,,,,,,,,
10-1149,Airport -> Rawai,0,43,8600,2025-11-19 17:02:21.304580,,,,,,,,
10-1149,Airport -> Rawai,0,44,8800,2025-11-19 17:02:21.304580,,,,,,,,
10-1149,Airport -> Rawai,0,45,9000,2025-11-19 17:02:21.304580,,,,,,,,
10-1149,Airport -> Rawai,0,46,9200,2025-11-19 17:02:21.304580,,,,,,,,
10-1149,Airport -> Rawai,0,47,9400,2025-11-19 17:02:21.304580,,,,,,,,
10-1149,Airport -> Rawai,0,48,9600,2025-11-19 17:02:21.304580,,,,,,,,
10-1149,Airport -> Rawai,0,49,9800,2025-11-19 17:02:21.304580,,,,,,,,
10-1149,Airport -> Rawai,0,50,10000,2025-11-19 17:02:21.304580,,,,,,,,
10-1149,Airport -> Rawai,0,51,10200,2025-11-19 17:02:21.304580,,,,,,,,
10-1149,Airport -> Rawai,0,52,10400,2025-11-19 17:02:21.304580,,,,,,,,
10-1149,Airport -> Rawai,0,53,10600,2025-11-19 17:02:21.304580,,,,,,,,
10-1149,Airport -> Rawai,0,54,10800,2025-11-19 17:02:21.304580,,,,,,,,
10-1149,Airport -> Rawai,0,54,10889,2025-11-19 17:02:21.304580,2025-11-19 17:03:22.183755,,,,,,,
10-1205,Airport -> Rawai,3672,19,3800,2025-11-19 17:03:21.791896,,,,,,,,
10-1205,Airport -> Rawai,3672,20,4000,2025-11-19 17:03:21.791896,,,,,,,,
10-1205,Airport -> Rawai,3672,21,4200,2025-11-19 17:03:21.791896,,,,,,,,
10-1205,Airport -> Rawai,3672,22,4400,2025-11-19 17:03:21.791896,,,,,,,,
10-1205,Airport -> Rawai,3672,23,4600,2025-11-19 17:03:21.791896,,,,,,,,
10-1205,Airport -> Rawai,3672,24,4800,2025-11-19 17:03:21.791896,,,,,,,,
10-1205,Airport -> Rawai,3672,25,5000,2025-11-19 17:03:21.791896,,,,,,,,
10-1205,Airport -> Rawai,3672,26,5200,2025-11-19 17:03:21.791896,,,,,,,,
10-1205,Airport -> Rawai,3672,27,5400,2025-11-19 17:03:21.791896,,,,,,,,
10-1205,Airport -> Rawai,3672,28,5600,2025-11-19 17:03:21.791896,,,,,,,,
10-1205,Airport -> Rawai,3672,29,5800,2025-11-19 17:03:21.791896,,,,,,,,
10-1205,Airport -> Rawai,3672,30,6000,2025-11-19 17:03:21.791896,,,,,,,,
10-1205,Airport -> Rawai,3672,31,6200,2025-11-19 17:03:21.791896,,,,,,,,
10-1205,Airport -> Rawai,3672,32,6400,2025-11-19 17:03:21.791896,,,,,,,,
10-1205,Airport -> Rawai,3672,33,6600,2025-11-19 17:03:21.791896,,,,,,,,
10-1205,Airport -> Rawai,3672,34,6800,2025-11-19 17:03:21.791896,,,,,,,,
10-1205,Airport -> Rawai,3672,35,7000,2025-11-19 17:03:21.791896,,,,,,,,
10-1205,Airport -> Rawai,3672,36,7200,2025-11-19 17:03:21.791896,2025-11-19 17:04:22.672071,,,,,,,
10-1205,Airport -> Rawai,3672,37,7400,2025-11-19 17:03:21.791896,2025-11-19 17:07:54.515068,,,,,1.0,,
10-1205,Airport -> Rawai,3672,38,7600,2025-11-19 17:03:21.791896,2025-11-19 17:10:25.770896,,,,,4.0,,
10-1205,Airport -> Rawai,3672,39,7800,2025-11-19 17:03:21.791896,2025-11-19 17:10:56.198729,,,,,5.0,,
10-1205,Airport -> Rawai,3672,40,8000,2025-11-19 17:03:21.791896,2025-11-19 17:19:30.075372,,,,,7.0,,
10-1205,Airport -> Rawai,3672,41,8200,2025-11-19 17:03:21.791896,2025-11-19 17:21:00.818846,,,,,9.0,,
10-1205,Airport -> Rawai,3672,42,8400,2025-11-19 17:03:21.791896,2025-11-19 17:53:18.327107,,,,,10.0,0.0,0.0
10-1205,Airport -> Rawai,3672,43,8600,2025-11-19 17:03:21.791896,2025-11-19 17:54:18.832670,,,,,13.0,3.0,3.0
10-1205,Airport -> Rawai,3672,44,8800,2025-11-19 17:03:21.791896,2025-11-19 17:55:19.322674,,,,,14.0,4.0,4.0
10-1205,Airport -> Rawai,3672,45,9000,2025-11-19 17:03:21.791896,2025-11-19 17:56:19.842390,,,,,15.0,6.0,5.0
10-1205,Airport -> Rawai,3672,46,9200,2025-11-19 17:03:21.791896,2025-11-19 17:57:20.421273,,,,,17.0,7.0,7.0
10-1205,Airport -> Rawai,3672,47,9400,2025-11-19 17:03:21.791896,2025-11-19 17:59:21.386414,,,,,18.0,8.0,8.0
10-1205,Airport -> Rawai,3672,48,9600,2025-11-19 17:03:21.791896,2025-11-19 17:59:21.386414,,,,,19.0,9.0,9.0
10-1205,Airport -> Rawai,3672,49,9800,2025-11-19 17:03:21.791896,2025-11-19 17:59:51.638399,,,,,20.0,11.0,10.0
10-1205,Airport -> Rawai,3672,50,10000,2025-11-19 17:03:21.791896,2025-11-19 18:02:22.913776,,,,,22.0,12.0,12.0
10-1205,Airport -> Rawai,3672,51,10200,2025-11-19 17:03:21.791896,2025-11-19 18:02:53.156820,,,,,23.0,13.0,13.0
10-1205,Airport -> Rawai,3672,52,10400,2025-11-19 17:03:21.791896,,,,,,24.0,15.0,14.0
10-1205,Airport -> Rawai,3672,53,10600,2025-11-19 17:03:21.791896,,,,,,26.0,16.0,16.0
10-1205,Airport -> Rawai,3672,54,10800,2025-11-19 17:03:21.791896,,,,,,28.0,19.0,18.0
10-1205,Airport -> Rawai,3672,54,10889,2025-11-19 17:03:21.791896,,,,,,29.0,20.0,19.0
10-1221,Bus 2 -> Bus 1 -> Patong,1815,10,2000,2025-11-19 17:14:25.483274,2025-11-19 17:40:09.490286,,,,,,,0.0
10-1221,Bus 2 -> Bus 1 -> Patong,1815,11,2200,2025-11-19 17:14:25.483274,2025-11-19 17:51:15.444142,,,,,,,3.0
10-1221,Bus 2 -> Bus 1 -> Patong,1815,12,2400,2025-11-19 17:14:25.483274,,,,,,,,6.0
10-1221,Bus 2 -> Bus 1 -> Patong,1815,13,2600,2025-11-19 17:14:25.483274,,,,,,,,8.0
10-1221,Bus 2 -> Bus 1 -> Patong,1815,14,2800,2025-11-19 17:14:25.483274,,,,,,,,11.0
10-1221,Bus 2 -> Bus 1 -> Patong,1815,15,3000,2025-11-19 17:14:25.483274,,,,,,,,13.0
10-1221,Bus 2 -> Bus 1 -> Patong,1815,16,3200,2025-11-19 17:14:25.483274,,,,,,,,14.0
10-1221,Bus 2 -> Bus 1 -> Patong,1815,17,3400,2025-11-19 17:14:25.483274,,,,,,,,16.0
10-1221,Bus 2 -> Bus 1 -> Patong,1815,18,3600,2025-11-19 17:14:25.483274,,,,,,,,18.0
10-1221,Bus 2 -> Bus 1 -> Patong,1815,19,3800,2025-11-19 17:14:25.483274,,,,,,,,20.0
10-1221,Bus 2 -> Bus 1 -> Patong,1815,20,4000,2025-11-19 17:14:25.483274,,,,,,,,22.0
10-1221,Bus 2 -> Bus 1 -> Patong,1815,21,4200,2025-11-19 17:14:25.483274,,,,,,,,25.0
10-1221,Bus 2 -> Bus 1 -> Patong,1815,22,4400,2025-11-19 17:14:25.483274,,,,,,,,28.0
10-1221,Bus 2 -> Bus 1 -> Patong,1815,23,4600,2025-11-19 17:14:25.483274,,,,,,,,31.0
10-1221,Bus 2 -> Bus 1 -> Patong,1815,24,4800,2025-11-19 17:14:25.483274,,,,,,,,35.0
10-1221,Bus 2 -> Bus 1 -> Patong,1815,25,5000,2025-11-19 17:14:25.483274,,,,,,,,38.0
10-1221,Bus 2 -> Bus 1 -> Patong,1815,26,5200,2025-11-19 17:14:25.483274,,,,,,,,41.0
10-1221,Bus 2 -> Bus 1 -> Patong,1815,26,5296,2025-11-19 17:14:25.483274,,,,,,,,42.0
10-1204,Airport -> Rawai,10886,54,10889,2025-11-19 17:22:01.400435,,,,,,,0.0,97.0
10-1204,Rawai -> Airport,107,1,200,2025-11-19 17:24:02.533101,2025-11-19 17:25:03.022697,,,,,,,
10-1204,Rawai -> Airport,107,2,400,2025-11-19 17:24:02.533101,2025-11-19 17:27:03.927355,,,,,,,
10-1204,Rawai -> Airport,107,3,600,2025-11-19 17:24:02.533101,2025-11-19 17:30:05.696058,,,,,,,
10-1204,Rawai -> Airport,107,4,800,2025-11-19 17:24:02.533101,2025-11-19 17:32:06.705315,,,,,,,
10-1204,Rawai -> Airport,107,5,1000,2025-11-19 17:24:02.533101,2025-11-19 17:33:07.191998,,,,,,,
10-1204,Rawai -> Airport,107,6,1200,2025-11-19 17:24:02.533101,2025-11-19 17:35:08.215894,,,,,,,
10-1204,Rawai -> Airport,107,7,1400,2025-11-19 17:24:02.533101,2025-11-19 17:39:10.632744,,,,,,,1.0
10-1204,Rawai -> Airport,107,8,1600,2025-11-19 17:24:02.533101,2025-11-19 17:39:10.632744,,,,,,,2.0
10-1204,Rawai -> Airport,107,9,1800,2025-11-19 17:24:02.533101,2025-11-19 17:42:12.235256,,,,,,,5.0
10-1204,Rawai -> Airport,107,10,2000,2025-11-19 17:24:02.533101,2025-11-19 17:45:13.811395,,,,,,,8.0
10-1204,Rawai -> Airport,107,11,2200,2025-11-19 17:24:02.533101,2025-11-19 17:48:15.292319,,,,,,,11.0
10-1204,Rawai -> Airport,107,12,2400,2025-11-19 17:24:02.533101,2025-11-19 17:50:16.630784,,,,,,,12.0
10-1204,Rawai -> Airport,107,13,2600,2025-11-19 17:24:02.533101,2025-11-19 17:55:19.322674,,,,,,,15.0
10-1204,Rawai -> Airport,107,14,2800,2025-11-19 17:24:02.533101,2025-11-19 17:56:19.842390,,,,,,,17.0
10-1204,Rawai -> Airport,107,15,3000,2025-11-19 17:24:02.533101,2025-11-19 17:58:20.906608,,,,,,,18.0
10-1204,Rawai -> Airport,107,16,3200,2025-11-19 17:24:02.533101,2025-11-19 17:59:51.638399,,,,,,,20.0
10-1204,Rawai -> Airport,107,17,3400,2025-11-19 17:24:02.533101,,,,,,,,21.0
10-1204,Rawai -> Airport,107,18,3600,2025-11-19 17:24:02.533101,,,,,,,,23.0
10-1204,Rawai -> Airport,107,19,3800,2025-11-19 17:24:02.533101,,,,,,,,27.0
10-1204,Rawai -> Airport,107,20,4000,2025-11-19 17:24:02.533101,,,,,,,,30.0
10-1204,Rawai -> Airport,107,21,4200,2025-11-19 17:24:02.533101,,,,,,,,33.0
10-1204,Rawai -> Airport,107,22,4400,2025-11-19 17:24:02.533101,,,,,,,,34.0
10-1204,Rawai -> Airport,107,23,4600,2025-11-19 17:24:02.533101,,,,,,,,36.0
10-1204,Rawai -> Airport,107,24,4800,2025-11-19 17:24:02.533101,,,,,,,,38.0
10-1204,Rawai -> Airport,107,25,5000,2025-11-19 17:24:02.533101,,,,,,,,40.0
10-1204,Rawai -> Airport,107,26,5200,2025-11-19 17:24:02.533101,,,,,,,,42.0
10-1204,Rawai -> Airport,107,27,5400,2025-11-19 17:24:02.533101,,,,,,,,44.0
10-1204,Rawai -> Airport,107,28,5600,2025-11-19 17:24:02.533101,,,,,,,,46.0
10-1204,Rawai -> Airport,107,29,5800,2025-11-19 17:24:02.533101,,,,,,,,48.0
10-1204,Rawai -> Airport,107,30,6000,2025-11-19 17:24:02.533101,,,,,,,,50.0
10-1204,Rawai -> Airport,107,31,6200,2025-11-19 17:24:02.533101,,,,,,,,52.0
10-1204,Rawai -> Airport,107,32,6400,2025-11-19 17:24:02.533101,,,,,,,,53.0
10-1204,Rawai -> Airport,107,33,6600,2025-11-19 17:24:02.533101,,,,,,,,55.0
10-1204,Rawai -> Airport,107,34,6800,2025-11-19 17:24:02.533101,,,,,,,,57.0
10-1204,Rawai -> Airport,107,35,7000,2025-11-19 17:24:02.533101,,,,,,,,61.0
10-1204,Rawai -> Airport,107,36,7200,2025-11-19 17:24:02.533101,,,,,,,,65.0
10-1204,Rawai -> Airport,107,37,7400,2025-11-19 17:24:02.533101,,,,,,,,68.0
10-1204,Rawai -> Airport,107,38,7600,2025-11-19 17:24:02.533101,,,,,,,,71.0
10-1204,Rawai -> Airport,107,39,7800,2025-11-19 17:24:02.533101,,,,,,,,72.0
10-1204,Rawai -> Airport,107,40,8000,2025-11-19 17:24:02.533101,,,,,,,,74.0
10-1204,Rawai -> Airport,107,41,8200,2025-11-19 17:24:02.533101,,,,,,,,76.0
10-1204,Rawai -> Airport,107,42,8400,2025-11-19 17:24:02.533101,,,,,,,,78.0
10-1204,Rawai -> Airport,107,43,8600,2025-11-19 17:24:02.533101,,,,,,,,80.0
10-1204,Rawai -> Airport,107,44,8800,2025-11-19 17:24:02.533101,,,,,,,,82.0
10-1204,Rawai -> Airport,107,45,9000,2025-11-19 17:24:02.533101,,,,,,,,83.0
10-1204,Rawai -> Airport,107,46,9200,2025-11-19 17:24:02.533101,,,,,,,,84.0
10-1204,Rawai -> Airport,107,47,9400,2025-11-19 17:24:02.533101,,,,,,,,85.0
10-1204,Rawai -> Airport,107,48,9600,2025-11-19 17:24:02.533101,,,,,,,,87.0
10-1204,Rawai -> Airport,107,49,9800,2025-11-19 17:24:02.533101,,,,,,,,88.0
10-1204,Rawai -> Airport,107,50,10000,2025-11-19 17:24:02.533101,,,,,,,,89.0
10-1204,Rawai -> Airport,107,51,10200,2025-11-19 17:24:02.533101,,,,,,,,91.0
10-1204,Rawai -> Airport,107,52,10400,2025-11-19 17:24:02.533101,,,,,,,,92.0
10-1204,Rawai -> Airport,107,53,10600,2025-11-19 17:24:02.533101,,,,,,,,94.0
10-1204,Rawai -> Airport,107,54,10800,2025-11-19 17:24:02.533101,,,,,,,,96.0
10-1204,Rawai -> Airport,107,54,10889,2025-11-19 17:24:02.533101,,,,,,,,97.0
10-1219,Bus 2 -> Bus 1 -> Patong,1788,9,1800,2025-11-19 17:45:12.015557,2025-11-19 17:46:12.456747,,,,,,,
10-1219,Bus 2 -> Bus 1 -> Patong,1788,10,2000,2025-11-19 17:45:12.015557,,,,,,,,
10-1219,Bus 2 -> Bus 1 -> Patong,1788,11,2200,2025-11-19 17:45:12.015557,,,,,,,,
10-1219,Bus 2 -> Bus 1 -> Patong,1788,12,2400,2025-11-19 17:45:12.015557,,,,,,,,
10-1219,Bus 2 -> Bus 1 -> Patong,1788,13,2600,2025-11-19 17:45:12.015557,,,,,,,,
10-1219,Bus 2 -> Bus 1 -> Patong,1788,14,2800,2025-11-19 17:45:12.015557,,,,,,,,
10-1219,Bus 2 -> Bus 1 -> Patong,1788,15,3000,2025-11-19 17:45:12.015557,,,,,,,,
10-1219,Bus 2 -> Bus 1 -> Patong,1788,16,3200,2025-11-19 17:45:12.015557,,,,,,,,
10-1219,Bus 2 -> Bus 1 -> Patong,1788,17,3400,2025-11-19 17:45:12.015557,,,,,,,,
10-1219,Bus 2 -> Bus 1 -> Patong,1788,18,3600,2025-11-19 17:45:12.015557,,,,,,,,
10-1219,Bus 2 -> Bus 1 -> Patong,1788,19,3800,2025-11-19 17:45:12.015557,,,,,,,,
10-1219,Bus 2 -> Bus 1 -> Patong,1788,20,4000,2025-11-19 17:45:12.015557,,,,,,,,
10-1219,Bus 2 -> Bus 1 -> Patong,1788,21,4200,2025-11-19 17:45:12.015557,,,,,,,,
10-1219,Bus 2 -> Bus 1 -> Patong,1788,22,4400,2025-11-19 17:45:12.015557,,,,,,,,
10-1219,Bus 2 -> Bus 1 -> Patong,1788,23,4600,2025-11-19 17:45:12.015557,,,,,,,,
10-1219,Bus 2 -> Bus 1 -> Patong,1788,24,4800,2025-11-19 17:45:12.015557,,,,,,,,
10-1219,Bus 2 -> Bus 1 -> Patong,1788,25,5000,2025-11-19 17:45:12.015557,,,,,,,,
10-1219,Bus 2 -> Bus 1 -> Patong,1788,26,5200,2025-11-19 17:45:12.015557,,,,,,,,
10-1219,Bus 2 -> Bus 1 -> Patong,1788,26,5296,2025-11-19 17:45:12.015557,,,,,,,,
10-1223,Patong -> Bus 1 -> Bus 2,411,3,600,2025-11-19 18:00:19.871178,,,,,,,,
10-1223,Patong -> Bus 1 -> Bus 2,411,4,800,2025-11-19 18:00:19.871178,,,,,,,,
10-1223,Patong -> Bus 1 -> Bus 2,411,5,1000,2025-11-19 18:00:19.871178,,,,,,,,
10-1223,Patong -> Bus 1 -> Bus 2,411,6,1200,2025-11-19 18:00:19.871178,,,,,,,,
10-1223,Patong -> Bus 1 -> Bus 2,411,7,1400,2025-11-19 18:00:19.871178,,,,,,,,
10-1223,Patong -> Bus 1 -> Bus 2,411,8,1600,2025-11-19 18:00:19.871178,,,,,,,,
10-1223,Patong -> Bus 1 -> Bus 2,411,9,1800,2025-11-19 18:00:19.871178,,,,,,,,
10-1223,Patong -> Bus 1 -> Bus 2,411,10,2000,2025-11-19 18:00:19.871178,,,,,,,,
10-1223,Patong -> Bus 1 -> Bus 2,411,11,2200,2025-11-19 18:00:19.871178,,,,,,,,
10-1223,Patong -> Bus 1 -> Bus 2,411,12,2400,2025-11-19 18:00:19.871178,,,,,,,,
10-1223,Patong -> Bus 1 -> Bus 2,411,13,2600,2025-11-19 18:00:19.871178,,,,,,,,
10-1223,Patong -> Bus 1 -> Bus 2,411,14,2800,2025-11-19 18:00:19.871178,,,,,,,,
10-1223,Patong -> Bus 1 -> Bus 2,411,15,3000,2025-11-19 18:00:19.871178,,,,,,,,
10-1223,Patong -> Bus 1 -> Bus 2,411,16,3200,2025-11-19 18:00:19.871178,,,,,,,,
10-1223,Patong -> Bus 1 -> Bus 2,411,17,3400,2025-11-19 18:00:19.871178,,,,,,,,
10-1223,Patong -> Bus 1 -> Bus 2,411,18,3600,2025-11-19 18:00:19.871178,,,,,,,,
10-1223,Patong -> Bus 1 -> Bus 2,411,19,3800,2025-11-19 18:00:19.871178,,,,,,,,
10-1223,Patong -> Bus 1 -> Bus 2,411,20,4000,2025-11-19 18:00:19.871178,,,,,,,,
10-1223,Patong -> Bus 1 -> Bus 2,411,21,4200,2025-11-19 18:00:19.871178,,,,,,,,
10-1223,Patong -> Bus 1 -> Bus 2,411,22,4400,2025-11-19 18:00:19.871178,,,,,,,,
10-1223,Patong -> Bus 1 -> Bus 2,411,23,4600,2025-11-19 18:00:19.871178,,,,,,,,
10-1223,Patong -> Bus 1 -> Bus 2,411,24,4800,2025-11-19 18:00:19.871178,,,,,,,,
10-1223,Patong -> Bus 1 -> Bus 2,411,25,5000,2025-11-19 18:00:19.871178,2025-11-19 18:02:51.090107,,,,,,,
10-1223,Patong -> Bus 1 -> Bus 2,411,26,5200,2025-11-19 18:00:19.871178,,,,,,,,
10-1223,Patong -> Bus 1 -> Bus 2,411,26,5301,2025-11-19 18:00:19.871178,,,,,,,,
