licence,route,start_bus_index,target_km,target_index,prediction_timestamp,arrival_time,actual_duration_min,eta_min_T0,diff_min_T0,eta_min_T15,diff_min_T15,eta_min_T30,diff_min_T30,eta_min_T45,diff_min_T45,eta_min_T60,diff_min_T60,eta_min_T75,diff_min_T75,eta_min_T90,diff_min_T90,eta_min_T105,diff_min_T105,eta_min_T120,diff_min_T120
10-1148,Airport -> Rawai,3964,20,4000,2025-11-19 16:24:34.321595,2025-11-19 16:25:05.335636,0.52,0.0,-0.52,,,,,,,,,,,,,,,,
10-1148,Airport -> Rawai,3964,21,4200,2025-11-19 16:24:34.321595,2025-11-19 16:27:06.280173,2.53,2.0,-0.53,,,,,,,,,,,,,,,,
10-1148,Airport -> Rawai,3964,22,4400,2025-11-19 16:24:34.321595,2025-11-19 16:29:07.204307,4.55,3.0,-1.55,,,,,,,,,,,,,,,,
10-1148,Airport -> Rawai,3964,23,4600,2025-11-19 16:24:34.321595,2025-11-19 16:32:08.653616,7.57,5.0,-2.57,,,,,,,,,,,,,,,,
10-1148,Airport -> Rawai,3964,24,4800,2025-11-19 16:24:34.321595,2025-11-19 16:34:09.838363,9.59,7.0,-2.59,,,,,,,,,,,,,,,,
10-1148,Airport -> Rawai,3964,25,5000,2025-11-19 16:24:34.321595,2025-11-19 16:36:11.115529,11.61,9.0,-2.61,,,,,,,,,,,,,,,,
10-1148,Airport -> Rawai,3964,26,5200,2025-11-19 16:24:34.321595,2025-11-19 16:38:12.083812,13.63,11.0,-2.63,,,,,,,,,,,,,,,,
10-1148,Airport -> Rawai,3964,27,5400,2025-11-19 16:24:34.321595,2025-11-19 16:42:14.290026,17.67,13.0,-4.67,1.0,-1.67,,,,,,,,,,,,,,
10-1148,Airport -> Rawai,3964,28,5600,2025-11-19 16:24:34.321595,2025-11-19 16:44:15.320653,19.68,15.0,-4.68,3.0,-1.68,,,,,,,,,,,,,,
10-1148,Airport -> Rawai,3964,29,5800,2025-11-19 16:24:34.321595,2025-11-19 16:46:16.289745,21.7,17.0,-4.7,5.0,-1.7,,,,,,,,,,,,,,
10-1148,Airport -> Rawai,3964,30,6000,2025-11-19 16:24:34.321595,2025-11-19 16:48:17.732124,23.72,19.0,-4.72,6.0,-2.72,,,,,,,,,,,,,,
10-1148,Airport -> Rawai,3964,31,6200,2025-11-19 16:24:34.321595,2025-11-19 16:49:18.228939,24.73,21.0,-3.73,8.0,-1.73,,,,,,,,,,,,,,
10-1148,Airport -> Rawai,3964,32,6400,2025-11-19 16:24:34.321595,2025-11-19 17:14:02.005756,49.46,22.0,-27.46,10.0,-24.46,0.0,-19.46,0.0,-4.46,,,,,,,,,,
10-1148,Airport -> Rawai,3964,33,6600,2025-11-19 16:24:34.321595,,,25.0,,13.0,,3.0,,2.0,,,,,,,,,,,
10-1148,Airport -> Rawai,3964,34,6800,2025-11-19 16:24:34.321595,,,28.0,,16.0,,6.0,,6.0,,,,,,,,,,,
10-1148,Airport -> Rawai,3964,35,7000,2025-11-19 16:24:34.321595,,,32.0,,20.0,,10.0,,10.0,,,,,,,,,,,
10-1148,Airport -> Rawai,3964,36,7200,2025-11-19 16:24:34.321595,,,36.0,,24.0,,14.0,,14.0,,,,,,,,,,,
10-1148,Airport -> Rawai,3964,37,7400,2025-11-19 16:24:34.321595,,,40.0,,28.0,,17.0,,17.0,,,,,,,,,,,
10-1148,Airport -> Rawai,3964,38,7600,2025-11-19 16:24:34.321595,,,42.0,,29.0,,19.0,,19.0,,,,,,,,,,,
10-1148,Airport -> Rawai,3964,39,7800,2025-11-19 16:24:34.321595,,,43.0,,31.0,,21.0,,20.0,,,,,,,,,,,
10-1148,Airport -> Rawai,3964,40,8000,2025-11-19 16:24:34.321595,,,45.0,,32.0,,22.0,,22.0,,,,,,,,,,,
10-1148,Airport -> Rawai,3964,41,8200,2025-11-19 16:24:34.321595,,,46.0,,34.0,,24.0,,23.0,,,,,,,,,,,
10-1148,Airport -> Rawai,3964,42,8400,2025-11-19 16:24:34.321595,,,48.0,,36.0,,26.0,,25.0,,,,,,,,,,,
10-1148,Airport -> Rawai,3964,43,8600,2025-11-19 16:24:34.321595,,,51.0,,38.0,,28.0,,28.0,,,,,,,,,,,
10-1148,Airport -> Rawai,3964,44,8800,2025-11-19 16:24:34.321595,,,52.0,,40.0,,30.0,,30.0,,,,,,,,,,,
10-1148,Airport -> Rawai,3964,45,9000,2025-11-19 16:24:34.321595,,,55.0,,43.0,,33.0,,33.0,,,,,,,,,,,
10-1148,Airport -> Rawai,3964,46,9200,2025-11-19 16:24:34.321595,,,58.0,,46.0,,36.0,,35.0,,,,,,,,,,,
10-1148,Airport -> Rawai,3964,47,9400,2025-11-19 16:24:34.321595,,,61.0,,49.0,,39.0,,38.0,,,,,,,,,,,
10-1148,Airport -> Rawai,3964,48,9600,2025-11-19 16:24:34.321595,,,63.0,,50.0,,40.0,,40.0,,,,,,,,,,,
10-1148,Airport -> Rawai,3964,49,9800,2025-11-19 16:24:34.321595,,,65.0,,52.0,,42.0,,42.0,,,,,,,,,,,
10-1148,Airport -> Rawai,3964,50,10000,2025-11-19 16:24:34.321595,,,67.0,,54.0,,44.0,,44.0,,,,,,,,,,,
10-1148,Airport -> Rawai,3964,51,10200,2025-11-19 16:24:34.321595,,,68.0,,56.0,,46.0,,45.0,,,,,,,,,,,
10-1148,Airport -> Rawai,3964,52,10400,2025-11-19 16:24:34.321595,,,70.0,,58.0,,48.0,,47.0,,,,,,,,,,,
10-1148,Airport -> Rawai,3964,53,10600,2025-11-19 16:24:34.321595,,,72.0,,60.0,,50.0,,50.0,,,,,,,,,,,
10-1148,Airport -> Rawai,3964,54,10800,2025-11-19 16:24:34.321595,,,74.0,,62.0,,52.0,,51.0,,,,,,,,,,,
10-1148,Airport -> Rawai,3964,54,10889,2025-11-19 16:24:34.321595,,,76.0,,64.0,,53.0,,53.0,,,,,,,,,,,
10-1265,Dragon Line,710,4,800,2025-11-19 16:24:34.340042,2025-11-19 16:31:07.375123,6.55,16.0,9.45,12.0,20.45,7.0,30.45,,,,,,,,,,,,
10-1265,Dragon Line,710,5,1000,2025-11-19 16:24:34.340042,,,20.0,,16.0,,11.0,,,,,,,,,,,,,
10-1265,Dragon Line,710,5,1011,2025-11-19 16:24:34.340042,,,20.0,,16.0,,11.0,,,,,,,,,,,,,
10-1223,Bus 2 -> Bus 1 -> Patong,1988,10,2000,2025-11-19 16:24:34.359659,2025-11-19 16:31:07.606864,6.55,0.0,-6.55,,,,,,,,,,,,,,,,
10-1223,Bus 2 -> Bus 1 -> Patong,1988,11,2200,2025-11-19 16:24:34.359659,2025-11-19 16:51:17.444206,26.72,3.0,-23.72,2.0,-9.72,,,,,,,,,,,,,,
10-1223,Bus 2 -> Bus 1 -> Patong,1988,12,2400,2025-11-19 16:24:34.359659,2025-11-19 16:58:20.740234,33.77,6.0,-27.77,5.0,-13.77,1.0,-2.77,,,,,,,,,,,,
10-1223,Bus 2 -> Bus 1 -> Patong,1988,13,2600,2025-11-19 16:24:34.359659,2025-11-19 17:03:23.284203,38.82,8.0,-30.82,7.0,-16.82,4.0,-4.82,,,,,,,,,,,,
10-1223,Bus 2 -> Bus 1 -> Patong,1988,14,2800,2025-11-19 16:24:34.359659,2025-11-19 17:12:28.087904,47.9,11.0,-36.9,10.0,-22.9,6.0,-11.9,0.0,-2.9,,,,,,,,,,
10-1223,Bus 2 -> Bus 1 -> Patong,1988,15,3000,2025-11-19 16:24:34.359659,2025-11-19 17:15:59.901707,51.43,13.0,-38.43,12.0,-24.43,8.0,-13.43,2.0,-4.43,,,,,,,,,,
10-1223,Bus 2 -> Bus 1 -> Patong,1988,16,3200,2025-11-19 16:24:34.359659,2025-11-19 17:19:01.345497,54.45,15.0,-39.45,13.0,-26.45,10.0,-14.45,3.0,-6.45,,,,,,,,,,
10-1223,Bus 2 -> Bus 1 -> Patong,1988,17,3400,2025-11-19 16:24:34.359659,,,17.0,,15.0,,12.0,,5.0,,,,,,,,,,,
10-1223,Bus 2 -> Bus 1 -> Patong,1988,18,3600,2025-11-19 16:24:34.359659,,,18.0,,17.0,,13.0,,7.0,,,,,,,,,,,
10-1223,Bus 2 -> Bus 1 -> Patong,1988,19,3800,2025-11-19 16:24:34.359659,,,21.0,,19.0,,16.0,,9.0,,,,,,,,,,,
10-1223,Bus 2 -> Bus 1 -> Patong,1988,20,4000,2025-11-19 16:24:34.359659,,,22.0,,21.0,,18.0,,11.0,,,,,,,,,,,
10-1223,Bus 2 -> Bus 1 -> Patong,1988,21,4200,2025-11-19 16:24:34.359659,,,25.0,,24.0,,20.0,,14.0,,,,,,,,,,,
10-1223,Bus 2 -> Bus 1 -> Patong,1988,22,4400,2025-11-19 16:24:34.359659,,,28.0,,27.0,,23.0,,17.0,,,,,,,,,,,
10-1223,Bus 2 -> Bus 1 -> Patong,1988,23,4600,2025-11-19 16:24:34.359659,,,31.0,,30.0,,27.0,,20.0,,,,,,,,,,,
10-1223,Bus 2 -> Bus 1 -> Patong,1988,24,4800,2025-11-19 16:24:34.359659,,,35.0,,34.0,,30.0,,24.0,,,,,,,,,,,
10-1223,Bus 2 -> Bus 1 -> Patong,1988,25,5000,2025-11-19 16:24:34.359659,,,38.0,,37.0,,33.0,,27.0,,,,,,,,,,,
10-1223,Bus 2 -> Bus 1 -> Patong,1988,26,5200,2025-11-19 16:24:34.359659,,,41.0,,40.0,,37.0,,30.0,,,,,,,,,,,
10-1223,Bus 2 -> Bus 1 -> Patong,1988,26,5296,2025-11-19 16:24:34.359659,,,42.0,,41.0,,38.0,,31.0,,,,,,,,,,,
10-1150,Rawai -> Airport,10889,54,10889,2025-11-19 16:24:34.323722,,,,,,,,,,,,,,,,,,,,
10-1152,Rawai -> Airport,132,1,200,2025-11-19 16:24:34.323722,2025-11-19 16:25:05.285309,0.52,1.0,0.48,,,,,,,,,,,,,,,,
10-1152,Rawai -> Airport,132,2,400,2025-11-19 16:24:34.323722,2025-11-19 16:27:06.332723,2.53,3.0,0.47,,,,,,,,,,,,,,,,
10-1152,Rawai -> Airport,132,3,600,2025-11-19 16:24:34.323722,2025-11-19 16:31:08.228578,6.57,5.0,-1.57,,,,,,,,,,,,,,,,
10-1152,Rawai -> Airport,132,4,800,2025-11-19 16:24:34.323722,2025-11-19 16:34:09.834525,9.59,7.0,-2.59,,,,,,,,,,,,,,,,
10-1152,Rawai -> Airport,132,5,1000,2025-11-19 16:24:34.323722,2025-11-19 16:38:11.926444,13.63,8.0,-5.63,,,,,,,,,,,,,,,,
10-1152,Rawai -> Airport,132,6,1200,2025-11-19 16:24:34.323722,2025-11-19 16:38:11.926444,13.63,10.0,-3.63,,,,,,,,,,,,,,,,
10-1152,Rawai -> Airport,132,7,1400,2025-11-19 16:24:34.323722,2025-11-19 16:42:14.286389,17.67,12.0,-5.67,0.0,-2.67,,,,,,,,,,,,,,
10-1152,Rawai -> Airport,132,8,1600,2025-11-19 16:24:34.323722,2025-11-19 16:42:14.286389,17.67,14.0,-3.67,1.0,-1.67,,,,,,,,,,,,,,
10-1152,Rawai -> Airport,132,9,1800,2025-11-19 16:24:34.323722,2025-11-19 16:45:15.845217,20.69,17.0,-3.69,4.0,-1.69,,,,,,,,,,,,,,
10-1152,Rawai -> Airport,132,10,2000,2025-11-19 16:24:34.323722,2025-11-19 16:50:18.537259,25.74,20.0,-5.74,7.0,-3.74,,,,,,,,,,,,,,
10-1152,Rawai -> Airport,132,11,2200,2025-11-19 16:24:34.323722,2025-11-19 16:54:20.741404,29.77,22.0,-7.77,10.0,-4.77,,,,,,,,,,,,,,
10-1152,Rawai -> Airport,132,12,2400,2025-11-19 16:24:34.323722,2025-11-19 16:56:22.116863,31.8,24.0,-7.8,12.0,-4.8,0.0,-1.8,,,,,,,,,,,,
10-1152,Rawai -> Airport,132,13,2600,2025-11-19 16:24:34.323722,2025-11-19 17:03:25.903044,38.86,27.0,-11.86,14.0,-9.86,2.0,-6.86,,,,,,,,,,,,
10-1152,Rawai -> Airport,132,14,2800,2025-11-19 16:24:34.323722,2025-11-19 17:06:57.827501,42.39,29.0,-13.39,16.0,-11.39,4.0,-8.39,,,,,,,,,,,,
10-1152,Rawai -> Airport,132,15,3000,2025-11-19 16:24:34.323722,2025-11-19 17:06:57.827501,42.39,30.0,-12.39,18.0,-9.39,6.0,-6.39,,,,,,,,,,,,
10-1152,Rawai -> Airport,132,16,3200,2025-11-19 16:24:34.323722,2025-11-19 17:08:58.820031,44.41,32.0,-12.41,19.0,-10.41,8.0,-6.41,,,,,,,,,,,,
10-1152,Rawai -> Airport,132,17,3400,2025-11-19 16:24:34.323722,,,33.0,,20.0,,9.0,,0.0,,,,,,,,,,,
10-1152,Rawai -> Airport,132,18,3600,2025-11-19 16:24:34.323722,,,35.0,,22.0,,11.0,,2.0,,,,,,,,,,,
10-1152,Rawai -> Airport,132,19,3800,2025-11-19 16:24:34.323722,,,38.0,,26.0,,14.0,,5.0,,,,,,,,,,,
10-1152,Rawai -> Airport,132,20,4000,2025-11-19 16:24:34.323722,,,42.0,,29.0,,17.0,,9.0,,,,,,,,,,,
10-1152,Rawai -> Airport,132,21,4200,2025-11-19 16:24:34.323722,,,45.0,,32.0,,20.0,,11.0,,,,,,,,,,,
10-1152,Rawai -> Airport,132,22,4400,2025-11-19 16:24:34.323722,,,46.0,,33.0,,22.0,,13.0,,,,,,,,,,,
10-1152,Rawai -> Airport,132,23,4600,2025-11-19 16:24:34.323722,,,48.0,,35.0,,24.0,,15.0,,,,,,,,,,,
10-1152,Rawai -> Airport,132,24,4800,2025-11-19 16:24:34.323722,,,50.0,,37.0,,25.0,,17.0,,,,,,,,,,,
10-1152,Rawai -> Airport,132,25,5000,2025-11-19 16:24:34.323722,,,52.0,,39.0,,27.0,,19.0,,,,,,,,,,,
10-1152,Rawai -> Airport,132,26,5200,2025-11-19 16:24:34.323722,,,54.0,,41.0,,30.0,,21.0,,,,,,,,,,,
10-1152,Rawai -> Airport,132,27,5400,2025-11-19 16:24:34.323722,,,56.0,,43.0,,32.0,,23.0,,,,,,,,,,,
10-1152,Rawai -> Airport,132,28,5600,2025-11-19 16:24:34.323722,,,58.0,,45.0,,34.0,,25.0,,,,,,,,,,,
10-1152,Rawai -> Airport,132,29,5800,2025-11-19 16:24:34.323722,,,60.0,,47.0,,35.0,,27.0,,,,,,,,,,,
10-1152,Rawai -> Airport,132,30,6000,2025-11-19 16:24:34.323722,,,62.0,,49.0,,37.0,,29.0,,,,,,,,,,,
10-1152,Rawai -> Airport,132,31,6200,2025-11-19 16:24:34.323722,,,64.0,,51.0,,39.0,,30.0,,,,,,,,,,,
10-1152,Rawai -> Airport,132,32,6400,2025-11-19 16:24:34.323722,,,65.0,,52.0,,41.0,,32.0,,,,,,,,,,,
10-1152,Rawai -> Airport,132,33,6600,2025-11-19 16:24:34.323722,,,67.0,,54.0,,43.0,,34.0,,,,,,,,,,,
10-1152,Rawai -> Airport,132,34,6800,2025-11-19 16:24:34.323722,,,69.0,,56.0,,45.0,,36.0,,,,,,,,,,,
10-1152,Rawai -> Airport,132,35,7000,2025-11-19 16:24:34.323722,,,73.0,,60.0,,49.0,,40.0,,,,,,,,,,,
10-1152,Rawai -> Airport,132,36,7200,2025-11-19 16:24:34.323722,,,77.0,,64.0,,53.0,,44.0,,,,,,,,,,,
10-1152,Rawai -> Airport,132,37,7400,2025-11-19 16:24:34.323722,,,80.0,,67.0,,56.0,,47.0,,,,,,,,,,,
10-1152,Rawai -> Airport,132,38,7600,2025-11-19 16:24:34.323722,,,83.0,,70.0,,58.0,,50.0,,,,,,,,,,,
10-1152,Rawai -> Airport,132,39,7800,2025-11-19 16:24:34.323722,,,84.0,,71.0,,60.0,,51.0,,,,,,,,,,,
10-1152,Rawai -> Airport,132,40,8000,2025-11-19 16:24:34.323722,,,86.0,,73.0,,61.0,,53.0,,,,,,,,,,,
10-1152,Rawai -> Airport,132,41,8200,2025-11-19 16:24:34.323722,,,88.0,,75.0,,64.0,,55.0,,,,,,,,,,,
10-1152,Rawai -> Airport,132,42,8400,2025-11-19 16:24:34.323722,,,89.0,,77.0,,65.0,,56.0,,,,,,,,,,,
10-1152,Rawai -> Airport,132,43,8600,2025-11-19 16:24:34.323722,,,92.0,,79.0,,68.0,,59.0,,,,,,,,,,,
10-1152,Rawai -> Airport,132,44,8800,2025-11-19 16:24:34.323722,,,93.0,,81.0,,69.0,,60.0,,,,,,,,,,,
10-1152,Rawai -> Airport,132,45,9000,2025-11-19 16:24:34.323722,,,95.0,,82.0,,70.0,,61.0,,,,,,,,,,,
10-1152,Rawai -> Airport,132,46,9200,2025-11-19 16:24:34.323722,,,96.0,,83.0,,72.0,,63.0,,,,,,,,,,,
10-1152,Rawai -> Airport,132,47,9400,2025-11-19 16:24:34.323722,,,97.0,,84.0,,73.0,,64.0,,,,,,,,,,,
10-1152,Rawai -> Airport,132,48,9600,2025-11-19 16:24:34.323722,,,98.0,,86.0,,74.0,,65.0,,,,,,,,,,,
10-1152,Rawai -> Airport,132,49,9800,2025-11-19 16:24:34.323722,,,100.0,,87.0,,75.0,,67.0,,,,,,,,,,,
10-1152,Rawai -> Airport,132,50,10000,2025-11-19 16:24:34.323722,,,101.0,,88.0,,77.0,,68.0,,,,,,,,,,,
10-1152,Rawai -> Airport,132,51,10200,2025-11-19 16:24:34.323722,,,102.0,,90.0,,78.0,,69.0,,,,,,,,,,,
10-1152,Rawai -> Airport,132,52,10400,2025-11-19 16:24:34.323722,,,104.0,,91.0,,79.0,,70.0,,,,,,,,,,,
10-1152,Rawai -> Airport,132,53,10600,2025-11-19 16:24:34.323722,,,105.0,,93.0,,81.0,,72.0,,,,,,,,,,,
10-1152,Rawai -> Airport,132,54,10800,2025-11-19 16:24:34.323722,,,108.0,,95.0,,83.0,,74.0,,,,,,,,,,,
10-1152,Rawai -> Airport,132,54,10889,2025-11-19 16:24:34.323722,,,109.0,,96.0,,84.0,,76.0,,,,,,,,,,,
10-1264,Bus 2 -> Bus 1 -> Patong,286,2,400,2025-11-19 16:24:34.359659,2025-11-19 16:51:17.444206,26.72,1.0,-25.72,4.0,-7.72,,,,,,,,,,,,,,
10-1264,Bus 2 -> Bus 1 -> Patong,286,3,600,2025-11-19 16:24:34.359659,2025-11-19 16:54:18.847350,29.74,3.0,-26.74,6.0,-8.74,,,,,,,,,,,,,,
10-1264,Bus 2 -> Bus 1 -> Patong,286,4,800,2025-11-19 16:24:34.359659,2025-11-19 16:55:19.362722,30.75,5.0,-25.75,8.0,-7.75,0.0,-0.75,,,,,,,,,,,,
10-1264,Bus 2 -> Bus 1 -> Patong,286,5,1000,2025-11-19 16:24:34.359659,2025-11-19 16:58:20.740234,33.77,7.0,-26.77,10.0,-8.77,2.0,-1.77,,,,,,,,,,,,
10-1264,Bus 2 -> Bus 1 -> Patong,286,6,1200,2025-11-19 16:24:34.359659,2025-11-19 17:00:21.669474,35.79,9.0,-26.79,12.0,-8.79,4.0,-1.79,,,,,,,,,,,,
10-1264,Bus 2 -> Bus 1 -> Patong,286,7,1400,2025-11-19 16:24:34.359659,2025-11-19 17:01:22.272479,36.8,12.0,-24.8,15.0,-6.8,7.0,0.2,,,,,,,,,,,,
10-1264,Bus 2 -> Bus 1 -> Patong,286,8,1600,2025-11-19 16:24:34.359659,2025-11-19 17:01:22.272479,36.8,16.0,-20.8,19.0,-2.8,11.0,4.2,,,,,,,,,,,,
10-1264,Bus 2 -> Bus 1 -> Patong,286,9,1800,2025-11-19 16:24:34.359659,2025-11-19 17:01:22.272479,36.8,23.0,-13.8,26.0,4.2,18.0,11.2,,,,,,,,,,,,
10-1264,Bus 2 -> Bus 1 -> Patong,286,10,2000,2025-11-19 16:24:34.359659,,,26.0,,29.0,,21.0,,,,,,,,,,,,,
10-1264,Bus 2 -> Bus 1 -> Patong,286,11,2200,2025-11-19 16:24:34.359659,,,29.0,,32.0,,24.0,,,,,,,,,,,,,
10-1264,Bus 2 -> Bus 1 -> Patong,286,12,2400,2025-11-19 16:24:34.359659,,,32.0,,35.0,,27.0,,,,,,,,,,,,,
10-1264,Bus 2 -> Bus 1 -> Patong,286,13,2600,2025-11-19 16:24:34.359659,,,35.0,,37.0,,30.0,,,,,,,,,,,,,
10-1264,Bus 2 -> Bus 1 -> Patong,286,14,2800,2025-11-19 16:24:34.359659,,,37.0,,40.0,,32.0,,,,,,,,,,,,,
10-1264,Bus 2 -> Bus 1 -> Patong,286,15,3000,2025-11-19 16:24:34.359659,,,39.0,,42.0,,34.0,,,,,,,,,,,,,
10-1264,Bus 2 -> Bus 1 -> Patong,286,16,3200,2025-11-19 16:24:34.359659,,,41.0,,43.0,,36.0,,,,,,,,,,,,,
10-1264,Bus 2 -> Bus 1 -> Patong,286,17,3400,2025-11-19 16:24:34.359659,,,43.0,,46.0,,38.0,,,,,,,,,,,,,
10-1264,Bus 2 -> Bus 1 -> Patong,286,18,3600,2025-11-19 16:24:34.359659,,,44.0,,47.0,,39.0,,,,,,,,,,,,,
10-1264,Bus 2 -> Bus 1 -> Patong,286,19,3800,2025-11-19 16:24:34.359659,,,47.0,,49.0,,42.0,,,,,,,,,,,,,
10-1264,Bus 2 -> Bus 1 -> Patong,286,20,4000,2025-11-19 16:24:34.359659,,,48.0,,51.0,,43.0,,,,,,,,,,,,,
10-1264,Bus 2 -> Bus 1 -> Patong,286,21,4200,2025-11-19 16:24:34.359659,,,51.0,,54.0,,46.0,,,,,,,,,,,,,
10-1264,Bus 2 -> Bus 1 -> Patong,286,22,4400,2025-11-19 16:24:34.359659,,,54.0,,57.0,,49.0,,,,,,,,,,,,,
10-1264,Bus 2 -> Bus 1 -> Patong,286,23,4600,2025-11-19 16:24:34.359659,,,57.0,,60.0,,52.0,,,,,,,,,,,,,
10-1264,Bus 2 -> Bus 1 -> Patong,286,24,4800,2025-11-19 16:24:34.359659,,,61.0,,64.0,,56.0,,,,,,,,,,,,,
10-1264,Bus 2 -> Bus 1 -> Patong,286,25,5000,2025-11-19 16:24:34.359659,,,64.0,,67.0,,59.0,,,,,,,,,,,,,
10-1264,Bus 2 -> Bus 1 -> Patong,286,26,5200,2025-11-19 16:24:34.359659,,,67.0,,70.0,,62.0,,,,,,,,,,,,,
10-1264,Bus 2 -> Bus 1 -> Patong,286,26,5296,2025-11-19 16:24:34.359659,,,68.0,,71.0,,64.0,,,,,,,,,,,,,
10-1153,Airport -> Rawai,1949,10,2000,2025-11-19 16:24:34.321595,2025-11-19 16:26:05.771772,1.52,0.0,-1.52,,,,,,,,,,,,,,,,
10-1153,Airport -> Rawai,1949,11,2200,2025-11-19 16:24:34.321595,2025-11-19 16:28:06.728739,3.54,1.0,-2.54,,,,,,,,,,,,,,,,
10-1153,Airport -> Rawai,1949,12,2400,2025-11-19 16:24:34.321595,2025-11-19 16:31:08.187514,6.56,2.0,-4.56,,,,,,,,,,,,,,,,
10-1153,Airport -> Rawai,1949,13,2600,2025-11-19 16:24:34.321595,2025-11-19 16:48:17.732124,23.72,5.0,-18.72,1.0,-7.72,,,,,,,,,,,,,,
10-1153,Airport -> Rawai,1949,14,2800,2025-11-19 16:24:34.321595,2025-11-19 16:49:18.228939,24.73,6.0,-18.73,2.0,-7.73,,,,,,,,,,,,,,
10-1153,Airport -> Rawai,1949,15,3000,2025-11-19 16:24:34.321595,2025-11-19 16:52:19.850671,27.76,9.0,-18.76,5.0,-7.76,,,,,,,,,,,,,,
10-1153,Airport -> Rawai,1949,16,3200,2025-11-19 16:24:34.321595,2025-11-19 16:54:20.857121,29.78,10.0,-19.78,6.0,-8.78,,,,,,,,,,,,,,
10-1153,Airport -> Rawai,1949,17,3400,2025-11-19 16:24:34.321595,2025-11-19 16:56:21.987754,31.79,12.0,-19.79,8.0,-8.79,0.0,-1.79,,,,,,,,,,,,
10-1153,Airport -> Rawai,1949,18,3600,2025-11-19 16:24:34.321595,2025-11-19 16:57:22.465785,32.8,14.0,-18.8,10.0,-7.8,3.0,0.2,,,,,,,,,,,,
10-1153,Airport -> Rawai,1949,19,3800,2025-11-19 16:24:34.321595,2025-11-19 17:02:25.291089,37.85,17.0,-20.85,13.0,-9.85,6.0,-1.85,,,,,,,,,,,,
10-1153,Airport -> Rawai,1949,20,4000,2025-11-19 16:24:34.321595,2025-11-19 17:04:57.143735,40.38,19.0,-21.38,15.0,-10.38,8.0,-2.38,,,,,,,,,,,,
10-1153,Airport -> Rawai,1949,21,4200,2025-11-19 16:24:34.321595,2025-11-19 17:07:58.601343,43.4,21.0,-22.4,17.0,-11.4,10.0,-3.4,,,,,,,,,,,,
10-1153,Airport -> Rawai,1949,22,4400,2025-11-19 16:24:34.321595,2025-11-19 17:08:59.236673,44.42,23.0,-21.42,19.0,-10.42,11.0,-3.42,,,,,,,,,,,,
10-1153,Airport -> Rawai,1949,23,4600,2025-11-19 16:24:34.321595,2025-11-19 17:13:01.439259,48.45,25.0,-23.45,20.0,-13.45,13.0,-5.45,1.0,-2.45,,,,,,,,,,
10-1153,Airport -> Rawai,1949,24,4800,2025-11-19 16:24:34.321595,2025-11-19 17:16:03.026207,51.48,27.0,-24.48,22.0,-14.48,15.0,-6.48,3.0,-3.48,,,,,,,,,,
10-1153,Airport -> Rawai,1949,25,5000,2025-11-19 16:24:34.321595,2025-11-19 17:18:04.054294,53.5,28.0,-25.5,24.0,-14.5,17.0,-6.5,4.0,-4.5,,,,,,,,,,
10-1153,Airport -> Rawai,1949,26,5200,2025-11-19 16:24:34.321595,,,30.0,,26.0,,19.0,,6.0,,,,,,,,,,,
10-1153,Airport -> Rawai,1949,27,5400,2025-11-19 16:24:34.321595,,,33.0,,28.0,,21.0,,9.0,,,,,,,,,,,
10-1153,Airport -> Rawai,1949,28,5600,2025-11-19 16:24:34.321595,,,35.0,,30.0,,23.0,,11.0,,,,,,,,,,,
10-1153,Airport -> Rawai,1949,29,5800,2025-11-19 16:24:34.321595,,,37.0,,33.0,,25.0,,13.0,,,,,,,,,,,
10-1153,Airport -> Rawai,1949,30,6000,2025-11-19 16:24:34.321595,,,38.0,,34.0,,27.0,,14.0,,,,,,,,,,,
10-1153,Airport -> Rawai,1949,31,6200,2025-11-19 16:24:34.321595,,,40.0,,36.0,,29.0,,16.0,,,,,,,,,,,
10-1153,Airport -> Rawai,1949,32,6400,2025-11-19 16:24:34.321595,,,42.0,,38.0,,30.0,,18.0,,,,,,,,,,,
10-1153,Airport -> Rawai,1949,33,6600,2025-11-19 16:24:34.321595,,,45.0,,41.0,,33.0,,21.0,,,,,,,,,,,
10-1153,Airport -> Rawai,1949,34,6800,2025-11-19 16:24:34.321595,,,48.0,,44.0,,37.0,,24.0,,,,,,,,,,,
10-1153,Airport -> Rawai,1949,35,7000,2025-11-19 16:24:34.321595,,,52.0,,48.0,,41.0,,28.0,,,,,,,,,,,
10-1153,Airport -> Rawai,1949,36,7200,2025-11-19 16:24:34.321595,,,56.0,,52.0,,45.0,,32.0,,,,,,,,,,,
10-1153,Airport -> Rawai,1949,37,7400,2025-11-19 16:24:34.321595,,,59.0,,55.0,,48.0,,36.0,,,,,,,,,,,
10-1153,Airport -> Rawai,1949,38,7600,2025-11-19 16:24:34.321595,,,61.0,,57.0,,50.0,,37.0,,,,,,,,,,,
10-1153,Airport -> Rawai,1949,39,7800,2025-11-19 16:24:34.321595,,,62.0,,58.0,,51.0,,39.0,,,,,,,,,,,
10-1153,Airport -> Rawai,1949,40,8000,2025-11-19 16:24:34.321595,,,64.0,,60.0,,53.0,,40.0,,,,,,,,,,,
10-1153,Airport -> Rawai,1949,41,8200,2025-11-19 16:24:34.321595,,,66.0,,61.0,,54.0,,42.0,,,,,,,,,,,
10-1153,Airport -> Rawai,1949,42,8400,2025-11-19 16:24:34.321595,,,68.0,,64.0,,56.0,,44.0,,,,,,,,,,,
10-1153,Airport -> Rawai,1949,43,8600,2025-11-19 16:24:34.321595,,,70.0,,66.0,,59.0,,46.0,,,,,,,,,,,
10-1153,Airport -> Rawai,1949,44,8800,2025-11-19 16:24:34.321595,,,72.0,,68.0,,61.0,,48.0,,,,,,,,,,,
10-1153,Airport -> Rawai,1949,45,9000,2025-11-19 16:24:34.321595,,,75.0,,71.0,,63.0,,51.0,,,,,,,,,,,
10-1153,Airport -> Rawai,1949,46,9200,2025-11-19 16:24:34.321595,,,78.0,,74.0,,66.0,,54.0,,,,,,,,,,,
10-1153,Airport -> Rawai,1949,47,9400,2025-11-19 16:24:34.321595,,,80.0,,76.0,,69.0,,57.0,,,,,,,,,,,
10-1153,Airport -> Rawai,1949,48,9600,2025-11-19 16:24:34.321595,,,82.0,,78.0,,71.0,,58.0,,,,,,,,,,,
10-1153,Airport -> Rawai,1949,49,9800,2025-11-19 16:24:34.321595,,,84.0,,80.0,,73.0,,60.0,,,,,,,,,,,
10-1153,Airport -> Rawai,1949,50,10000,2025-11-19 16:24:34.321595,,,86.0,,82.0,,75.0,,62.0,,,,,,,,,,,
10-1153,Airport -> Rawai,1949,51,10200,2025-11-19 16:24:34.321595,,,88.0,,83.0,,76.0,,64.0,,,,,,,,,,,
10-1153,Airport -> Rawai,1949,52,10400,2025-11-19 16:24:34.321595,,,90.0,,86.0,,78.0,,66.0,,,,,,,,,,,
10-1153,Airport -> Rawai,1949,53,10600,2025-11-19 16:24:34.321595,,,92.0,,88.0,,80.0,,68.0,,,,,,,,,,,
10-1153,Airport -> Rawai,1949,54,10800,2025-11-19 16:24:34.321595,,,94.0,,90.0,,82.0,,70.0,,,,,,,,,,,
10-1153,Airport -> Rawai,1949,54,10889,2025-11-19 16:24:34.321595,,,95.0,,91.0,,84.0,,71.0,,,,,,,,,,,
10-1207,Rawai -> Airport,10888,54,10889,2025-11-19 16:24:34.323722,,,0.0,,,,,,,,,,,,,,,,,
10-1212,Rawai -> Airport,3851,20,4000,2025-11-19 16:24:34.323722,2025-11-19 16:33:09.269454,8.58,2.0,-6.58,,,,,,,,,,,,,,,,
10-1212,Rawai -> Airport,3851,21,4200,2025-11-19 16:24:34.323722,2025-11-19 16:34:09.834525,9.59,5.0,-4.59,,,,,,,,,,,,,,,,
10-1212,Rawai -> Airport,3851,22,4400,2025-11-19 16:24:34.323722,2025-11-19 16:39:12.385549,14.63,6.0,-8.63,,,,,,,,,,,,,,,,
10-1212,Rawai -> Airport,3851,23,4600,2025-11-19 16:24:34.323722,2025-11-19 16:42:14.286389,17.67,8.0,-9.67,1.0,-1.67,,,,,,,,,,,,,,
10-1212,Rawai -> Airport,3851,24,4800,2025-11-19 16:24:34.323722,2025-11-19 16:44:15.361739,19.68,10.0,-9.68,3.0,-1.68,,,,,,,,,,,,,,
10-1212,Rawai -> Airport,3851,25,5000,2025-11-19 16:24:34.323722,2025-11-19 16:46:16.327397,21.7,12.0,-9.7,5.0,-1.7,,,,,,,,,,,,,,
10-1212,Rawai -> Airport,3851,26,5200,2025-11-19 16:24:34.323722,2025-11-19 16:48:17.392090,23.72,14.0,-9.72,7.0,-1.72,,,,,,,,,,,,,,
10-1212,Rawai -> Airport,3851,27,5400,2025-11-19 16:24:34.323722,2025-11-19 16:49:18.035994,24.73,16.0,-8.73,9.0,-0.73,,,,,,,,,,,,,,
10-1212,Rawai -> Airport,3851,28,5600,2025-11-19 16:24:34.323722,2025-11-19 16:53:20.157029,28.76,18.0,-10.76,11.0,-2.76,,,,,,,,,,,,,,
10-1212,Rawai -> Airport,3851,29,5800,2025-11-19 16:24:34.323722,2025-11-19 16:55:21.564462,30.79,20.0,-10.79,13.0,-2.79,0.0,-0.79,,,,,,,,,,,,
10-1212,Rawai -> Airport,3851,30,6000,2025-11-19 16:24:34.323722,2025-11-19 16:56:22.116863,31.8,22.0,-9.8,15.0,-1.8,2.0,0.2,,,,,,,,,,,,
10-1212,Rawai -> Airport,3851,31,6200,2025-11-19 16:24:34.323722,2025-11-19 16:58:23.185513,33.81,24.0,-9.81,16.0,-2.81,4.0,0.19,,,,,,,,,,,,
10-1212,Rawai -> Airport,3851,32,6400,2025-11-19 16:24:34.323722,2025-11-19 17:00:24.189985,35.83,25.0,-10.83,18.0,-2.83,5.0,-0.83,,,,,,,,,,,,
10-1212,Rawai -> Airport,3851,33,6600,2025-11-19 16:24:34.323722,2025-11-19 17:03:25.903044,38.86,27.0,-11.86,20.0,-3.86,7.0,-1.86,,,,,,,,,,,,
10-1212,Rawai -> Airport,3851,34,6800,2025-11-19 16:24:34.323722,2025-11-19 17:16:02.518982,51.47,29.0,-22.47,22.0,-14.47,9.0,-12.47,0.0,-6.47,,,,,,,,,,
10-1212,Rawai -> Airport,3851,35,7000,2025-11-19 16:24:34.323722,,,33.0,,26.0,,13.0,,4.0,,,,,,,,,,,
10-1212,Rawai -> Airport,3851,36,7200,2025-11-19 16:24:34.323722,,,37.0,,30.0,,17.0,,8.0,,,,,,,,,,,
10-1212,Rawai -> Airport,3851,37,7400,2025-11-19 16:24:34.323722,,,40.0,,33.0,,20.0,,11.0,,,,,,,,,,,
10-1212,Rawai -> Airport,3851,38,7600,2025-11-19 16:24:34.323722,,,43.0,,36.0,,23.0,,14.0,,,,,,,,,,,
10-1212,Rawai -> Airport,3851,39,7800,2025-11-19 16:24:34.323722,,,44.0,,37.0,,24.0,,15.0,,,,,,,,,,,
10-1212,Rawai -> Airport,3851,40,8000,2025-11-19 16:24:34.323722,,,46.0,,39.0,,26.0,,17.0,,,,,,,,,,,
10-1212,Rawai -> Airport,3851,41,8200,2025-11-19 16:24:34.323722,,,48.0,,41.0,,28.0,,19.0,,,,,,,,,,,
10-1212,Rawai -> Airport,3851,42,8400,2025-11-19 16:24:34.323722,,,50.0,,42.0,,29.0,,20.0,,,,,,,,,,,
10-1212,Rawai -> Airport,3851,43,8600,2025-11-19 16:24:34.323722,,,52.0,,45.0,,32.0,,23.0,,,,,,,,,,,
10-1212,Rawai -> Airport,3851,44,8800,2025-11-19 16:24:34.323722,,,54.0,,46.0,,34.0,,24.0,,,,,,,,,,,
10-1212,Rawai -> Airport,3851,45,9000,2025-11-19 16:24:34.323722,,,55.0,,47.0,,35.0,,26.0,,,,,,,,,,,
10-1212,Rawai -> Airport,3851,46,9200,2025-11-19 16:24:34.323722,,,56.0,,49.0,,36.0,,27.0,,,,,,,,,,,
10-1212,Rawai -> Airport,3851,47,9400,2025-11-19 16:24:34.323722,,,57.0,,50.0,,37.0,,28.0,,,,,,,,,,,
10-1212,Rawai -> Airport,3851,48,9600,2025-11-19 16:24:34.323722,,,59.0,,51.0,,39.0,,29.0,,,,,,,,,,,
10-1212,Rawai -> Airport,3851,49,9800,2025-11-19 16:24:34.323722,,,60.0,,53.0,,40.0,,31.0,,,,,,,,,,,
10-1212,Rawai -> Airport,3851,50,10000,2025-11-19 16:24:34.323722,,,61.0,,54.0,,41.0,,32.0,,,,,,,,,,,
10-1212,Rawai -> Airport,3851,51,10200,2025-11-19 16:24:34.323722,,,63.0,,55.0,,42.0,,33.0,,,,,,,,,,,
10-1212,Rawai -> Airport,3851,52,10400,2025-11-19 16:24:34.323722,,,64.0,,56.0,,44.0,,35.0,,,,,,,,,,,
10-1212,Rawai -> Airport,3851,53,10600,2025-11-19 16:24:34.323722,,,66.0,,58.0,,45.0,,36.0,,,,,,,,,,,
10-1212,Rawai -> Airport,3851,54,10800,2025-11-19 16:24:34.323722,,,68.0,,60.0,,48.0,,39.0,,,,,,,,,,,
10-1212,Rawai -> Airport,3851,54,10889,2025-11-19 16:24:34.323722,,,69.0,,62.0,,49.0,,40.0,,,,,,,,,,,
10-1196,Airport -> Rawai,3671,19,3800,2025-11-19 16:24:34.321595,,,31.0,,,,,,,,,,,,,,,,,
10-1196,Airport -> Rawai,3671,20,4000,2025-11-19 16:24:34.321595,,,33.0,,,,,,,,,,,,,,,,,
10-1196,Airport -> Rawai,3671,21,4200,2025-11-19 16:24:34.321595,,,35.0,,,,,,,,,,,,,,,,,
10-1196,Airport -> Rawai,3671,22,4400,2025-11-19 16:24:34.321595,,,37.0,,,,,,,,,,,,,,,,,
10-1196,Airport -> Rawai,3671,23,4600,2025-11-19 16:24:34.321595,,,39.0,,,,,,,,,,,,,,,,,
10-1196,Airport -> Rawai,3671,24,4800,2025-11-19 16:24:34.321595,,,41.0,,,,,,,,,,,,,,,,,
10-1196,Airport -> Rawai,3671,25,5000,2025-11-19 16:24:34.321595,,,42.0,,,,,,,,,,,,,,,,,
10-1196,Airport -> Rawai,3671,26,5200,2025-11-19 16:24:34.321595,,,44.0,,,,,,,,,,,,,,,,,
10-1196,Airport -> Rawai,3671,27,5400,2025-11-19 16:24:34.321595,,,47.0,,,,,,,,,,,,,,,,,
10-1196,Airport -> Rawai,3671,28,5600,2025-11-19 16:24:34.321595,,,49.0,,,,,,,,,,,,,,,,,
10-1196,Airport -> Rawai,3671,29,5800,2025-11-19 16:24:34.321595,,,51.0,,,,,,,,,,,,,,,,,
10-1196,Airport -> Rawai,3671,30,6000,2025-11-19 16:24:34.321595,,,52.0,,,,,,,,,,,,,,,,,
10-1196,Airport -> Rawai,3671,31,6200,2025-11-19 16:24:34.321595,,,54.0,,,,,,,,,,,,,,,,,
10-1196,Airport -> Rawai,3671,32,6400,2025-11-19 16:24:34.321595,,,56.0,,,,,,,,,,,,,,,,,
10-1196,Airport -> Rawai,3671,33,6600,2025-11-19 16:24:34.321595,,,59.0,,,,,,,,,,,,,,,,,
10-1196,Airport -> Rawai,3671,34,6800,2025-11-19 16:24:34.321595,,,62.0,,,,,,,,,,,,,,,,,
10-1196,Airport -> Rawai,3671,35,7000,2025-11-19 16:24:34.321595,,,66.0,,,,,,,,,,,,,,,,,
10-1196,Airport -> Rawai,3671,36,7200,2025-11-19 16:24:34.321595,,,70.0,,,,,,,,,,,,,,,,,
10-1196,Airport -> Rawai,3671,37,7400,2025-11-19 16:24:34.321595,,,73.0,,,,,,,,,,,,,,,,,
10-1196,Airport -> Rawai,3671,38,7600,2025-11-19 16:24:34.321595,,,75.0,,,,,,,,,,,,,,,,,
10-1196,Airport -> Rawai,3671,39,7800,2025-11-19 16:24:34.321595,,,77.0,,,,,,,,,,,,,,,,,
10-1196,Airport -> Rawai,3671,40,8000,2025-11-19 16:24:34.321595,,,78.0,,,,,,,,,,,,,,,,,
10-1196,Airport -> Rawai,3671,41,8200,2025-11-19 16:24:34.321595,,,80.0,,,,,,,,,,,,,,,,,
10-1196,Airport -> Rawai,3671,42,8400,2025-11-19 16:24:34.321595,,,82.0,,,,,,,,,,,,,,,,,
10-1196,Airport -> Rawai,3671,43,8600,2025-11-19 16:24:34.321595,,,84.0,,,,,,,,,,,,,,,,,
10-1196,Airport -> Rawai,3671,44,8800,2025-11-19 16:24:34.321595,,,86.0,,,,,,,,,,,,,,,,,
10-1196,Airport -> Rawai,3671,45,9000,2025-11-19 16:24:34.321595,,,89.0,,,,,,,,,,,,,,,,,
10-1196,Airport -> Rawai,3671,46,9200,2025-11-19 16:24:34.321595,,,92.0,,,,,,,,,,,,,,,,,
10-1196,Airport -> Rawai,3671,47,9400,2025-11-19 16:24:34.321595,,,95.0,,,,,,,,,,,,,,,,,
10-1196,Airport -> Rawai,3671,48,9600,2025-11-19 16:24:34.321595,,,96.0,,,,,,,,,,,,,,,,,
10-1196,Airport -> Rawai,3671,49,9800,2025-11-19 16:24:34.321595,,,98.0,,,,,,,,,,,,,,,,,
10-1196,Airport -> Rawai,3671,50,10000,2025-11-19 16:24:34.321595,,,100.0,,,,,,,,,,,,,,,,,
10-1196,Airport -> Rawai,3671,51,10200,2025-11-19 16:24:34.321595,,,102.0,,,,,,,,,,,,,,,,,
10-1196,Airport -> Rawai,3671,52,10400,2025-11-19 16:24:34.321595,,,104.0,,,,,,,,,,,,,,,,,
10-1196,Airport -> Rawai,3671,53,10600,2025-11-19 16:24:34.321595,,,106.0,,,,,,,,,,,,,,,,,
10-1196,Airport -> Rawai,3671,54,10800,2025-11-19 16:24:34.321595,,,108.0,,,,,,,,,,,,,,,,,
10-1196,Airport -> Rawai,3671,54,10889,2025-11-19 16:24:34.321595,,,109.0,,,,,,,,,,,,,,,,,
10-1264,Patong -> Bus 1 -> Bus 2,5098,26,5200,2025-11-19 16:25:04.635801,2025-11-19 16:28:06.075045,3.02,24.0,20.98,,,,,,,,,,,,,,,,
10-1264,Patong -> Bus 1 -> Bus 2,5098,26,5301,2025-11-19 16:25:04.635801,2025-11-19 16:31:07.499305,6.05,26.0,19.95,,,,,,,,,,,,,,,,
10-1196,Rawai -> Airport,7293,37,7400,2025-11-19 16:25:05.285309,2025-11-19 16:30:07.766709,5.04,1.0,-4.04,,,,,,,,,,,,,,,,
10-1196,Rawai -> Airport,7293,38,7600,2025-11-19 16:25:05.285309,2025-11-19 16:32:08.721603,7.06,4.0,-3.06,,,,,,,,,,,,,,,,
10-1196,Rawai -> Airport,7293,39,7800,2025-11-19 16:25:05.285309,2025-11-19 16:34:09.834525,9.08,5.0,-4.08,,,,,,,,,,,,,,,,
10-1196,Rawai -> Airport,7293,40,8000,2025-11-19 16:25:05.285309,2025-11-19 16:37:11.445969,12.1,7.0,-5.1,,,,,,,,,,,,,,,,
10-1196,Rawai -> Airport,7293,41,8200,2025-11-19 16:25:05.285309,2025-11-19 16:38:11.926444,13.11,9.0,-4.11,,,,,,,,,,,,,,,,
10-1196,Rawai -> Airport,7293,42,8400,2025-11-19 16:25:05.285309,2025-11-19 16:50:18.537259,25.22,10.0,-15.22,0.0,-10.22,,,,,,,,,,,,,,
10-1196,Rawai -> Airport,7293,43,8600,2025-11-19 16:25:05.285309,2025-11-19 16:51:19.009663,26.23,13.0,-13.23,3.0,-8.23,,,,,,,,,,,,,,
10-1196,Rawai -> Airport,7293,44,8800,2025-11-19 16:25:05.285309,2025-11-19 16:52:19.633869,27.24,14.0,-13.24,4.0,-8.24,,,,,,,,,,,,,,
10-1196,Rawai -> Airport,7293,45,9000,2025-11-19 16:25:05.285309,2025-11-19 16:54:20.741404,29.26,16.0,-13.26,5.0,-9.26,,,,,,,,,,,,,,
10-1196,Rawai -> Airport,7293,46,9200,2025-11-19 16:25:05.285309,2025-11-19 16:55:21.564462,30.27,17.0,-13.27,7.0,-8.27,,,,,,,,,,,,,,
10-1196,Rawai -> Airport,7293,47,9400,2025-11-19 16:25:05.285309,2025-11-19 16:56:22.116863,31.28,18.0,-13.28,8.0,-8.28,0.0,-1.28,,,,,,,,,,,,
10-1196,Rawai -> Airport,7293,48,9600,2025-11-19 16:25:05.285309,2025-11-19 16:58:23.185513,33.3,19.0,-14.3,9.0,-9.3,1.0,-2.3,,,,,,,,,,,,
10-1196,Rawai -> Airport,7293,49,9800,2025-11-19 16:25:05.285309,2025-11-19 16:58:53.429211,33.8,21.0,-12.8,10.0,-8.8,3.0,-0.8,,,,,,,,,,,,
10-1196,Rawai -> Airport,7293,50,10000,2025-11-19 16:25:05.285309,2025-11-19 17:00:54.468602,35.82,22.0,-13.82,12.0,-8.82,4.0,-1.82,,,,,,,,,,,,
10-1196,Rawai -> Airport,7293,51,10200,2025-11-19 16:25:05.285309,2025-11-19 17:02:25.275523,37.33,23.0,-14.33,13.0,-9.33,5.0,-2.33,,,,,,,,,,,,
10-1196,Rawai -> Airport,7293,52,10400,2025-11-19 16:25:05.285309,2025-11-19 17:04:26.396400,39.35,25.0,-14.35,14.0,-10.35,7.0,-2.35,,,,,,,,,,,,
10-1196,Rawai -> Airport,7293,53,10600,2025-11-19 16:25:05.285309,2025-11-19 17:06:27.367065,41.37,26.0,-15.37,16.0,-10.37,8.0,-3.37,,,,,,,,,,,,
10-1196,Rawai -> Airport,7293,54,10800,2025-11-19 16:25:05.285309,2025-11-19 17:08:58.820031,43.89,29.0,-14.89,18.0,-10.89,10.0,-3.89,,,,,,,,,,,,
10-1196,Rawai -> Airport,7293,54,10889,2025-11-19 16:25:05.285309,2025-11-19 17:11:00.000450,45.91,30.0,-15.91,19.0,-11.91,12.0,-3.91,,,,,,,,,,,,
10-1205,Rawai -> Airport,6701,34,6800,2025-11-19 16:25:05.285309,2025-11-19 16:29:07.257148,4.03,0.0,-4.03,,,,,,,,,,,,,,,,
10-1205,Rawai -> Airport,6701,35,7000,2025-11-19 16:25:05.285309,2025-11-19 16:50:18.537259,25.22,4.0,-21.22,0.0,-10.22,,,,,,,,,,,,,,
10-1205,Rawai -> Airport,6701,36,7200,2025-11-19 16:25:05.285309,2025-11-19 17:04:26.396400,39.35,8.0,-31.35,4.0,-20.35,2.0,-7.35,,,,,,,,,,,,
10-1205,Rawai -> Airport,6701,37,7400,2025-11-19 16:25:05.285309,2025-11-19 17:07:58.327660,42.88,12.0,-30.88,7.0,-20.88,5.0,-7.88,,,,,,,,,,,,
10-1205,Rawai -> Airport,6701,38,7600,2025-11-19 16:25:05.285309,2025-11-19 17:09:59.306838,44.9,14.0,-30.9,10.0,-19.9,8.0,-6.9,,,,,,,,,,,,
10-1205,Rawai -> Airport,6701,39,7800,2025-11-19 16:25:05.285309,2025-11-19 17:11:00.000450,45.91,16.0,-29.91,11.0,-19.91,9.0,-6.91,0.0,-0.91,,,,,,,,,,
10-1205,Rawai -> Airport,6701,40,8000,2025-11-19 16:25:05.285309,2025-11-19 17:19:04.151401,53.98,17.0,-36.98,13.0,-25.98,11.0,-12.98,2.0,-6.98,,,,,,,,,,
10-1205,Rawai -> Airport,6701,41,8200,2025-11-19 16:25:05.285309,,,19.0,,15.0,,13.0,,4.0,,,,,,,,,,,
10-1205,Rawai -> Airport,6701,42,8400,2025-11-19 16:25:05.285309,,,21.0,,17.0,,14.0,,6.0,,,,,,,,,,,
10-1205,Rawai -> Airport,6701,43,8600,2025-11-19 16:25:05.285309,,,24.0,,19.0,,17.0,,8.0,,,,,,,,,,,
10-1205,Rawai -> Airport,6701,44,8800,2025-11-19 16:25:05.285309,,,25.0,,21.0,,19.0,,10.0,,,,,,,,,,,
10-1205,Rawai -> Airport,6701,45,9000,2025-11-19 16:25:05.285309,,,26.0,,22.0,,20.0,,11.0,,,,,,,,,,,
10-1205,Rawai -> Airport,6701,46,9200,2025-11-19 16:25:05.285309,,,27.0,,23.0,,21.0,,12.0,,,,,,,,,,,
10-1205,Rawai -> Airport,6701,47,9400,2025-11-19 16:25:05.285309,,,29.0,,24.0,,22.0,,13.0,,,,,,,,,,,
10-1205,Rawai -> Airport,6701,48,9600,2025-11-19 16:25:05.285309,,,30.0,,26.0,,24.0,,15.0,,,,,,,,,,,
10-1205,Rawai -> Airport,6701,49,9800,2025-11-19 16:25:05.285309,,,31.0,,27.0,,25.0,,16.0,,,,,,,,,,,
10-1205,Rawai -> Airport,6701,50,10000,2025-11-19 16:25:05.285309,,,32.0,,28.0,,26.0,,17.0,,,,,,,,,,,
10-1205,Rawai -> Airport,6701,51,10200,2025-11-19 16:25:05.285309,,,34.0,,30.0,,27.0,,19.0,,,,,,,,,,,
10-1205,Rawai -> Airport,6701,52,10400,2025-11-19 16:25:05.285309,,,35.0,,31.0,,29.0,,20.0,,,,,,,,,,,
10-1205,Rawai -> Airport,6701,53,10600,2025-11-19 16:25:05.285309,,,37.0,,32.0,,30.0,,22.0,,,,,,,,,,,
10-1205,Rawai -> Airport,6701,54,10800,2025-11-19 16:25:05.285309,,,39.0,,35.0,,33.0,,24.0,,,,,,,,,,,
10-1205,Rawai -> Airport,6701,54,10889,2025-11-19 16:25:05.285309,,,40.0,,36.0,,34.0,,25.0,,,,,,,,,,,
10-1149,Rawai -> Airport,8312,42,8400,2025-11-19 16:28:06.791176,2025-11-19 16:41:13.677807,13.11,0.0,-13.11,,,,,,,,,,,,,,,,
10-1149,Rawai -> Airport,8312,43,8600,2025-11-19 16:28:06.791176,2025-11-19 16:45:15.845217,17.15,3.0,-14.15,0.0,-2.15,,,,,,,,,,,,,,
10-1149,Rawai -> Airport,8312,44,8800,2025-11-19 16:28:06.791176,2025-11-19 16:45:15.845217,17.15,4.0,-13.15,1.0,-1.15,,,,,,,,,,,,,,
10-1149,Rawai -> Airport,8312,45,9000,2025-11-19 16:28:06.791176,2025-11-19 16:45:15.845217,17.15,5.0,-12.15,2.0,-0.15,,,,,,,,,,,,,,
10-1149,Rawai -> Airport,8312,46,9200,2025-11-19 16:28:06.791176,2025-11-19 16:46:16.327397,18.16,7.0,-11.16,4.0,0.84,,,,,,,,,,,,,,
10-1149,Rawai -> Airport,8312,47,9400,2025-11-19 16:28:06.791176,2025-11-19 16:48:17.392090,20.18,8.0,-12.18,5.0,-0.18,,,,,,,,,,,,,,
10-1149,Rawai -> Airport,8312,48,9600,2025-11-19 16:28:06.791176,2025-11-19 16:49:18.035994,21.19,9.0,-12.19,6.0,-0.19,,,,,,,,,,,,,,
10-1149,Rawai -> Airport,8312,49,9800,2025-11-19 16:28:06.791176,2025-11-19 16:51:19.009663,23.2,10.0,-13.2,7.0,-1.2,,,,,,,,,,,,,,
10-1149,Rawai -> Airport,8312,50,10000,2025-11-19 16:28:06.791176,2025-11-19 16:53:20.157029,25.22,12.0,-13.22,9.0,-1.22,,,,,,,,,,,,,,
10-1149,Rawai -> Airport,8312,51,10200,2025-11-19 16:28:06.791176,2025-11-19 16:55:21.564462,27.25,13.0,-14.25,10.0,-2.25,,,,,,,,,,,,,,
10-1149,Rawai -> Airport,8312,52,10400,2025-11-19 16:28:06.791176,2025-11-19 16:56:22.116863,28.26,14.0,-14.26,11.0,-2.26,,,,,,,,,,,,,,
10-1149,Rawai -> Airport,8312,53,10600,2025-11-19 16:28:06.791176,2025-11-19 16:58:23.185513,30.27,16.0,-14.27,13.0,-2.27,,,,,,,,,,,,,,
10-1149,Rawai -> Airport,8312,54,10800,2025-11-19 16:28:06.791176,2025-11-19 17:00:54.468602,32.79,18.0,-14.79,15.0,-2.79,1.0,-1.79,,,,,,,,,,,,
10-1149,Rawai -> Airport,8312,54,10889,2025-11-19 16:28:06.791176,2025-11-19 17:03:25.903044,35.32,19.0,-16.32,16.0,-4.32,2.0,-3.32,,,,,,,,,,,,
10-1159,Rawai -> Airport,8399,42,8400,2025-11-19 16:31:08.228578,2025-11-19 16:32:08.721603,1.01,0.0,-1.01,,,,,,,,,,,,,,,,
10-1159,Rawai -> Airport,8399,43,8600,2025-11-19 16:31:08.228578,2025-11-19 16:33:09.269454,2.02,2.0,-0.02,,,,,,,,,,,,,,,,
10-1159,Rawai -> Airport,8399,44,8800,2025-11-19 16:31:08.228578,2025-11-19 16:34:09.834525,3.03,4.0,0.97,,,,,,,,,,,,,,,,
10-1159,Rawai -> Airport,8399,45,9000,2025-11-19 16:31:08.228578,2025-11-19 16:36:10.944159,5.05,5.0,-0.05,,,,,,,,,,,,,,,,
10-1159,Rawai -> Airport,8399,46,9200,2025-11-19 16:31:08.228578,2025-11-19 16:37:11.445969,6.05,6.0,-0.05,,,,,,,,,,,,,,,,
10-1159,Rawai -> Airport,8399,47,9400,2025-11-19 16:31:08.228578,2025-11-19 16:38:11.926444,7.06,7.0,-0.06,,,,,,,,,,,,,,,,
10-1159,Rawai -> Airport,8399,48,9600,2025-11-19 16:31:08.228578,2025-11-19 16:40:13.088611,9.08,9.0,-0.08,,,,,,,,,,,,,,,,
10-1159,Rawai -> Airport,8399,49,9800,2025-11-19 16:31:08.228578,2025-11-19 16:41:13.677807,10.09,10.0,-0.09,,,,,,,,,,,,,,,,
10-1159,Rawai -> Airport,8399,50,10000,2025-11-19 16:31:08.228578,2025-11-19 16:42:14.286389,11.1,11.0,-0.1,,,,,,,,,,,,,,,,
10-1159,Rawai -> Airport,8399,51,10200,2025-11-19 16:31:08.228578,2025-11-19 16:44:15.361739,13.12,13.0,-0.12,,,,,,,,,,,,,,,,
10-1159,Rawai -> Airport,8399,52,10400,2025-11-19 16:31:08.228578,2025-11-19 16:46:16.327397,15.13,14.0,-1.13,,,,,,,,,,,,,,,,
10-1159,Rawai -> Airport,8399,53,10600,2025-11-19 16:31:08.228578,2025-11-19 16:48:17.392090,17.15,15.0,-2.15,1.0,-1.15,,,,,,,,,,,,,,
10-1159,Rawai -> Airport,8399,54,10800,2025-11-19 16:31:08.228578,2025-11-19 16:50:18.537259,19.17,18.0,-1.17,3.0,-1.17,,,,,,,,,,,,,,
10-1159,Rawai -> Airport,8399,54,10889,2025-11-19 16:31:08.228578,2025-11-19 16:52:19.633869,21.19,19.0,-2.19,4.0,-2.19,,,,,,,,,,,,,,
10-1207,Airport -> Rawai,71,1,200,2025-11-19 16:34:09.838363,2025-11-19 17:04:26.753765,30.28,1.0,-29.28,0.0,-15.28,,,,,,,,,,,,,,
10-1207,Airport -> Rawai,71,2,400,2025-11-19 16:34:09.838363,2025-11-19 17:06:58.142872,32.81,3.0,-29.81,2.0,-15.81,1.0,-1.81,,,,,,,,,,,,
10-1207,Airport -> Rawai,71,3,600,2025-11-19 16:34:09.838363,2025-11-19 17:08:59.236673,34.82,5.0,-29.82,4.0,-15.82,3.0,-1.82,,,,,,,,,,,,
10-1207,Airport -> Rawai,71,4,800,2025-11-19 16:34:09.838363,2025-11-19 17:09:59.729046,35.83,6.0,-29.83,5.0,-15.83,4.0,-1.83,,,,,,,,,,,,
10-1207,Airport -> Rawai,71,5,1000,2025-11-19 16:34:09.838363,2025-11-19 17:12:00.970029,37.85,8.0,-29.85,7.0,-15.85,5.0,-2.85,,,,,,,,,,,,
10-1207,Airport -> Rawai,71,6,1200,2025-11-19 16:34:09.838363,2025-11-19 17:14:02.005756,39.87,9.0,-30.87,8.0,-16.87,7.0,-2.87,,,,,,,,,,,,
10-1207,Airport -> Rawai,71,7,1400,2025-11-19 16:34:09.838363,2025-11-19 17:14:02.005756,39.87,10.0,-29.87,9.0,-15.87,8.0,-1.87,,,,,,,,,,,,
10-1207,Airport -> Rawai,71,8,1600,2025-11-19 16:34:09.838363,2025-11-19 17:16:03.026207,41.89,12.0,-29.89,11.0,-15.89,9.0,-2.89,,,,,,,,,,,,
10-1207,Airport -> Rawai,71,9,1800,2025-11-19 16:34:09.838363,,,13.0,,12.0,,10.0,,,,,,,,,,,,,
10-1207,Airport -> Rawai,71,10,2000,2025-11-19 16:34:09.838363,,,14.0,,13.0,,12.0,,,,,,,,,,,,,
10-1207,Airport -> Rawai,71,11,2200,2025-11-19 16:34:09.838363,,,15.0,,14.0,,13.0,,,,,,,,,,,,,
10-1207,Airport -> Rawai,71,12,2400,2025-11-19 16:34:09.838363,,,17.0,,16.0,,14.0,,,,,,,,,,,,,
10-1207,Airport -> Rawai,71,13,2600,2025-11-19 16:34:09.838363,,,19.0,,18.0,,17.0,,,,,,,,,,,,,
10-1207,Airport -> Rawai,71,14,2800,2025-11-19 16:34:09.838363,,,21.0,,20.0,,18.0,,,,,,,,,,,,,
10-1207,Airport -> Rawai,71,15,3000,2025-11-19 16:34:09.838363,,,23.0,,22.0,,21.0,,,,,,,,,,,,,
10-1207,Airport -> Rawai,71,16,3200,2025-11-19 16:34:09.838363,,,24.0,,24.0,,22.0,,,,,,,,,,,,,
10-1207,Airport -> Rawai,71,17,3400,2025-11-19 16:34:09.838363,,,26.0,,25.0,,24.0,,,,,,,,,,,,,
10-1207,Airport -> Rawai,71,18,3600,2025-11-19 16:34:09.838363,,,28.0,,28.0,,26.0,,,,,,,,,,,,,
10-1207,Airport -> Rawai,71,19,3800,2025-11-19 16:34:09.838363,,,32.0,,31.0,,29.0,,,,,,,,,,,,,
10-1207,Airport -> Rawai,71,20,4000,2025-11-19 16:34:09.838363,,,34.0,,33.0,,31.0,,,,,,,,,,,,,
10-1207,Airport -> Rawai,71,21,4200,2025-11-19 16:34:09.838363,,,35.0,,35.0,,33.0,,,,,,,,,,,,,
10-1207,Airport -> Rawai,71,22,4400,2025-11-19 16:34:09.838363,,,37.0,,36.0,,35.0,,,,,,,,,,,,,
10-1207,Airport -> Rawai,71,23,4600,2025-11-19 16:34:09.838363,,,39.0,,38.0,,36.0,,,,,,,,,,,,,
10-1207,Airport -> Rawai,71,24,4800,2025-11-19 16:34:09.838363,,,41.0,,40.0,,38.0,,,,,,,,,,,,,
10-1207,Airport -> Rawai,71,25,5000,2025-11-19 16:34:09.838363,,,43.0,,42.0,,40.0,,,,,,,,,,,,,
10-1207,Airport -> Rawai,71,26,5200,2025-11-19 16:34:09.838363,,,44.0,,44.0,,42.0,,,,,,,,,,,,,
10-1207,Airport -> Rawai,71,27,5400,2025-11-19 16:34:09.838363,,,47.0,,46.0,,44.0,,,,,,,,,,,,,
10-1207,Airport -> Rawai,71,28,5600,2025-11-19 16:34:09.838363,,,49.0,,48.0,,46.0,,,,,,,,,,,,,
10-1207,Airport -> Rawai,71,29,5800,2025-11-19 16:34:09.838363,,,51.0,,50.0,,48.0,,,,,,,,,,,,,
10-1207,Airport -> Rawai,71,30,6000,2025-11-19 16:34:09.838363,,,52.0,,52.0,,50.0,,,,,,,,,,,,,
10-1207,Airport -> Rawai,71,31,6200,2025-11-19 16:34:09.838363,,,54.0,,53.0,,52.0,,,,,,,,,,,,,
10-1207,Airport -> Rawai,71,32,6400,2025-11-19 16:34:09.838363,,,56.0,,55.0,,54.0,,,,,,,,,,,,,
10-1207,Airport -> Rawai,71,33,6600,2025-11-19 16:34:09.838363,,,59.0,,58.0,,57.0,,,,,,,,,,,,,
10-1207,Airport -> Rawai,71,34,6800,2025-11-19 16:34:09.838363,,,62.0,,61.0,,60.0,,,,,,,,,,,,,
10-1207,Airport -> Rawai,71,35,7000,2025-11-19 16:34:09.838363,,,66.0,,65.0,,64.0,,,,,,,,,,,,,
10-1207,Airport -> Rawai,71,36,7200,2025-11-19 16:34:09.838363,,,70.0,,69.0,,68.0,,,,,,,,,,,,,
10-1207,Airport -> Rawai,71,37,7400,2025-11-19 16:34:09.838363,,,74.0,,73.0,,71.0,,,,,,,,,,,,,
10-1207,Airport -> Rawai,71,38,7600,2025-11-19 16:34:09.838363,,,75.0,,75.0,,73.0,,,,,,,,,,,,,
10-1207,Airport -> Rawai,71,39,7800,2025-11-19 16:34:09.838363,,,77.0,,76.0,,74.0,,,,,,,,,,,,,
10-1207,Airport -> Rawai,71,40,8000,2025-11-19 16:34:09.838363,,,78.0,,77.0,,76.0,,,,,,,,,,,,,
10-1207,Airport -> Rawai,71,41,8200,2025-11-19 16:34:09.838363,,,80.0,,79.0,,77.0,,,,,,,,,,,,,
10-1207,Airport -> Rawai,71,42,8400,2025-11-19 16:34:09.838363,,,82.0,,81.0,,79.0,,,,,,,,,,,,,
10-1207,Airport -> Rawai,71,43,8600,2025-11-19 16:34:09.838363,,,84.0,,83.0,,82.0,,,,,,,,,,,,,
10-1207,Airport -> Rawai,71,44,8800,2025-11-19 16:34:09.838363,,,86.0,,85.0,,84.0,,,,,,,,,,,,,
10-1207,Airport -> Rawai,71,45,9000,2025-11-19 16:34:09.838363,,,89.0,,88.0,,87.0,,,,,,,,,,,,,
10-1207,Airport -> Rawai,71,46,9200,2025-11-19 16:34:09.838363,,,92.0,,91.0,,90.0,,,,,,,,,,,,,
10-1207,Airport -> Rawai,71,47,9400,2025-11-19 16:34:09.838363,,,95.0,,94.0,,92.0,,,,,,,,,,,,,
10-1207,Airport -> Rawai,71,48,9600,2025-11-19 16:34:09.838363,,,96.0,,95.0,,94.0,,,,,,,,,,,,,
10-1207,Airport -> Rawai,71,49,9800,2025-11-19 16:34:09.838363,,,98.0,,97.0,,96.0,,,,,,,,,,,,,
10-1207,Airport -> Rawai,71,50,10000,2025-11-19 16:34:09.838363,,,100.0,,99.0,,98.0,,,,,,,,,,,,,
10-1207,Airport -> Rawai,71,51,10200,2025-11-19 16:34:09.838363,,,102.0,,101.0,,99.0,,,,,,,,,,,,,
10-1207,Airport -> Rawai,71,52,10400,2025-11-19 16:34:09.838363,,,104.0,,103.0,,102.0,,,,,,,,,,,,,
10-1207,Airport -> Rawai,71,53,10600,2025-11-19 16:34:09.838363,,,106.0,,105.0,,104.0,,,,,,,,,,,,,
10-1207,Airport -> Rawai,71,54,10800,2025-11-19 16:34:09.838363,,,108.0,,107.0,,106.0,,,,,,,,,,,,,
10-1207,Airport -> Rawai,71,54,10889,2025-11-19 16:34:09.838363,,,110.0,,109.0,,107.0,,,,,,,,,,,,,
10-1265,Dragon Line,0,1,200,2025-11-19 16:40:11.659959,2025-11-19 16:56:18.531058,16.11,4.0,-12.11,0.0,-1.11,,,,,,,,,,,,,,
10-1265,Dragon Line,0,2,400,2025-11-19 16:40:11.659959,2025-11-19 17:06:23.010447,26.19,8.0,-18.19,4.0,-7.19,,,,,,,,,,,,,,
10-1265,Dragon Line,0,3,600,2025-11-19 16:40:11.659959,2025-11-19 17:12:56.018390,32.74,12.0,-20.74,8.0,-9.74,3.0,0.26,,,,,,,,,,,,
10-1265,Dragon Line,0,4,800,2025-11-19 16:40:11.659959,,,16.0,,12.0,,7.0,,,,,,,,,,,,,
10-1265,Dragon Line,0,5,1000,2025-11-19 16:40:11.659959,,,20.0,,16.0,,11.0,,,,,,,,,,,,,
10-1265,Dragon Line,0,5,1011,2025-11-19 16:40:11.659959,,,20.0,,16.0,,11.0,,,,,,,,,,,,,
10-1148,Rawai -> Airport,4579,23,4600,2025-11-19 16:51:19.009663,,,0.0,,1.0,,,,,,,,,,,,,,,
10-1148,Rawai -> Airport,4579,24,4800,2025-11-19 16:51:19.009663,,,1.0,,2.0,,,,,,,,,,,,,,,
10-1148,Rawai -> Airport,4579,25,5000,2025-11-19 16:51:19.009663,,,3.0,,4.0,,,,,,,,,,,,,,,
10-1148,Rawai -> Airport,4579,26,5200,2025-11-19 16:51:19.009663,,,5.0,,6.0,,,,,,,,,,,,,,,
10-1148,Rawai -> Airport,4579,27,5400,2025-11-19 16:51:19.009663,,,8.0,,9.0,,,,,,,,,,,,,,,
10-1148,Rawai -> Airport,4579,28,5600,2025-11-19 16:51:19.009663,,,10.0,,11.0,,,,,,,,,,,,,,,
10-1148,Rawai -> Airport,4579,29,5800,2025-11-19 16:51:19.009663,,,11.0,,12.0,,,,,,,,,,,,,,,
10-1148,Rawai -> Airport,4579,30,6000,2025-11-19 16:51:19.009663,,,13.0,,14.0,,,,,,,,,,,,,,,
10-1148,Rawai -> Airport,4579,31,6200,2025-11-19 16:51:19.009663,,,15.0,,16.0,,,,,,,,,,,,,,,
10-1148,Rawai -> Airport,4579,32,6400,2025-11-19 16:51:19.009663,,,17.0,,18.0,,,,,,,,,,,,,,,
10-1148,Rawai -> Airport,4579,33,6600,2025-11-19 16:51:19.009663,,,19.0,,20.0,,,,,,,,,,,,,,,
10-1148,Rawai -> Airport,4579,34,6800,2025-11-19 16:51:19.009663,,,21.0,,22.0,,,,,,,,,,,,,,,
10-1148,Rawai -> Airport,4579,35,7000,2025-11-19 16:51:19.009663,,,25.0,,26.0,,,,,,,,,,,,,,,
10-1148,Rawai -> Airport,4579,36,7200,2025-11-19 16:51:19.009663,,,29.0,,30.0,,,,,,,,,,,,,,,
10-1148,Rawai -> Airport,4579,37,7400,2025-11-19 16:51:19.009663,,,32.0,,33.0,,,,,,,,,,,,,,,
10-1148,Rawai -> Airport,4579,38,7600,2025-11-19 16:51:19.009663,,,34.0,,35.0,,,,,,,,,,,,,,,
10-1148,Rawai -> Airport,4579,39,7800,2025-11-19 16:51:19.009663,,,36.0,,37.0,,,,,,,,,,,,,,,
10-1148,Rawai -> Airport,4579,40,8000,2025-11-19 16:51:19.009663,,,37.0,,38.0,,,,,,,,,,,,,,,
10-1148,Rawai -> Airport,4579,41,8200,2025-11-19 16:51:19.009663,,,40.0,,41.0,,,,,,,,,,,,,,,
10-1148,Rawai -> Airport,4579,42,8400,2025-11-19 16:51:19.009663,,,41.0,,42.0,,,,,,,,,,,,,,,
10-1148,Rawai -> Airport,4579,43,8600,2025-11-19 16:51:19.009663,,,44.0,,45.0,,,,,,,,,,,,,,,
10-1148,Rawai -> Airport,4579,44,8800,2025-11-19 16:51:19.009663,,,45.0,,46.0,,,,,,,,,,,,,,,
10-1148,Rawai -> Airport,4579,45,9000,2025-11-19 16:51:19.009663,,,46.0,,47.0,,,,,,,,,,,,,,,
10-1148,Rawai -> Airport,4579,46,9200,2025-11-19 16:51:19.009663,,,48.0,,49.0,,,,,,,,,,,,,,,
10-1148,Rawai -> Airport,4579,47,9400,2025-11-19 16:51:19.009663,,,49.0,,50.0,,,,,,,,,,,,,,,
10-1148,Rawai -> Airport,4579,48,9600,2025-11-19 16:51:19.009663,,,50.0,,51.0,,,,,,,,,,,,,,,
10-1148,Rawai -> Airport,4579,49,9800,2025-11-19 16:51:19.009663,,,51.0,,52.0,,,,,,,,,,,,,,,
10-1148,Rawai -> Airport,4579,50,10000,2025-11-19 16:51:19.009663,,,52.0,,54.0,,,,,,,,,,,,,,,
10-1148,Rawai -> Airport,4579,51,10200,2025-11-19 16:51:19.009663,,,54.0,,55.0,,,,,,,,,,,,,,,
10-1148,Rawai -> Airport,4579,52,10400,2025-11-19 16:51:19.009663,,,55.0,,56.0,,,,,,,,,,,,,,,
10-1148,Rawai -> Airport,4579,53,10600,2025-11-19 16:51:19.009663,,,57.0,,58.0,,,,,,,,,,,,,,,
10-1148,Rawai -> Airport,4579,54,10800,2025-11-19 16:51:19.009663,,,59.0,,60.0,,,,,,,,,,,,,,,
10-1148,Rawai -> Airport,4579,54,10889,2025-11-19 16:51:19.009663,,,60.0,,61.0,,,,,,,,,,,,,,,
10-1153,Rawai -> Airport,7919,40,8000,2025-11-19 16:51:19.009663,,,0.0,,,,,,,,,,,,,,,,,
10-1153,Rawai -> Airport,7919,41,8200,2025-11-19 16:51:19.009663,,,2.0,,,,,,,,,,,,,,,,,
10-1153,Rawai -> Airport,7919,42,8400,2025-11-19 16:51:19.009663,,,4.0,,,,,,,,,,,,,,,,,
10-1153,Rawai -> Airport,7919,43,8600,2025-11-19 16:51:19.009663,,,7.0,,,,,,,,,,,,,,,,,
10-1153,Rawai -> Airport,7919,44,8800,2025-11-19 16:51:19.009663,,,8.0,,,,,,,,,,,,,,,,,
10-1153,Rawai -> Airport,7919,45,9000,2025-11-19 16:51:19.009663,,,9.0,,,,,,,,,,,,,,,,,
10-1153,Rawai -> Airport,7919,46,9200,2025-11-19 16:51:19.009663,,,10.0,,,,,,,,,,,,,,,,,
10-1153,Rawai -> Airport,7919,47,9400,2025-11-19 16:51:19.009663,,,12.0,,,,,,,,,,,,,,,,,
10-1153,Rawai -> Airport,7919,48,9600,2025-11-19 16:51:19.009663,,,13.0,,,,,,,,,,,,,,,,,
10-1153,Rawai -> Airport,7919,49,9800,2025-11-19 16:51:19.009663,,,14.0,,,,,,,,,,,,,,,,,
10-1153,Rawai -> Airport,7919,50,10000,2025-11-19 16:51:19.009663,,,15.0,,,,,,,,,,,,,,,,,
10-1153,Rawai -> Airport,7919,51,10200,2025-11-19 16:51:19.009663,,,17.0,,,,,,,,,,,,,,,,,
10-1153,Rawai -> Airport,7919,52,10400,2025-11-19 16:51:19.009663,,,18.0,,,,,,,,,,,,,,,,,
10-1153,Rawai -> Airport,7919,53,10600,2025-11-19 16:51:19.009663,,,20.0,,,,,,,,,,,,,,,,,
10-1153,Rawai -> Airport,7919,54,10800,2025-11-19 16:51:19.009663,,,22.0,,,,,,,,,,,,,,,,,
10-1153,Rawai -> Airport,7919,54,10889,2025-11-19 16:51:19.009663,,,23.0,,,,,,,,,,,,,,,,,
10-1159,Airport -> Rawai,80,1,200,2025-11-19 16:51:19.174474,2025-11-19 16:58:23.002237,7.06,1.0,-6.06,,,,,,,,,,,,,,,,
10-1159,Airport -> Rawai,80,2,400,2025-11-19 16:51:19.174474,,,3.0,,,,,,,,,,,,,,,,,
10-1159,Airport -> Rawai,80,3,600,2025-11-19 16:51:19.174474,,,5.0,,,,,,,,,,,,,,,,,
10-1159,Airport -> Rawai,80,4,800,2025-11-19 16:51:19.174474,,,6.0,,,,,,,,,,,,,,,,,
10-1159,Airport -> Rawai,80,5,1000,2025-11-19 16:51:19.174474,,,8.0,,,,,,,,,,,,,,,,,
10-1159,Airport -> Rawai,80,6,1200,2025-11-19 16:51:19.174474,,,9.0,,,,,,,,,,,,,,,,,
10-1159,Airport -> Rawai,80,7,1400,2025-11-19 16:51:19.174474,,,10.0,,,,,,,,,,,,,,,,,
10-1159,Airport -> Rawai,80,8,1600,2025-11-19 16:51:19.174474,,,11.0,,,,,,,,,,,,,,,,,
10-1159,Airport -> Rawai,80,9,1800,2025-11-19 16:51:19.174474,,,13.0,,,,,,,,,,,,,,,,,
10-1159,Airport -> Rawai,80,10,2000,2025-11-19 16:51:19.174474,,,14.0,,,,,,,,,,,,,,,,,
10-1159,Airport -> Rawai,80,11,2200,2025-11-19 16:51:19.174474,,,15.0,,,,,,,,,,,,,,,,,
10-1159,Airport -> Rawai,80,12,2400,2025-11-19 16:51:19.174474,,,16.0,,,,,,,,,,,,,,,,,
10-1159,Airport -> Rawai,80,13,2600,2025-11-19 16:51:19.174474,,,19.0,,,,,,,,,,,,,,,,,
10-1159,Airport -> Rawai,80,14,2800,2025-11-19 16:51:19.174474,,,21.0,,,,,,,,,,,,,,,,,
10-1159,Airport -> Rawai,80,15,3000,2025-11-19 16:51:19.174474,,,23.0,,,,,,,,,,,,,,,,,
10-1159,Airport -> Rawai,80,16,3200,2025-11-19 16:51:19.174474,,,24.0,,,,,,,,,,,,,,,,,
10-1159,Airport -> Rawai,80,17,3400,2025-11-19 16:51:19.174474,,,26.0,,,,,,,,,,,,,,,,,
10-1159,Airport -> Rawai,80,18,3600,2025-11-19 16:51:19.174474,,,28.0,,,,,,,,,,,,,,,,,
10-1159,Airport -> Rawai,80,19,3800,2025-11-19 16:51:19.174474,,,32.0,,,,,,,,,,,,,,,,,
10-1159,Airport -> Rawai,80,20,4000,2025-11-19 16:51:19.174474,,,33.0,,,,,,,,,,,,,,,,,
10-1159,Airport -> Rawai,80,21,4200,2025-11-19 16:51:19.174474,,,35.0,,,,,,,,,,,,,,,,,
10-1159,Airport -> Rawai,80,22,4400,2025-11-19 16:51:19.174474,,,37.0,,,,,,,,,,,,,,,,,
10-1159,Airport -> Rawai,80,23,4600,2025-11-19 16:51:19.174474,,,39.0,,,,,,,,,,,,,,,,,
10-1159,Airport -> Rawai,80,24,4800,2025-11-19 16:51:19.174474,,,41.0,,,,,,,,,,,,,,,,,
10-1159,Airport -> Rawai,80,25,5000,2025-11-19 16:51:19.174474,,,42.0,,,,,,,,,,,,,,,,,
10-1159,Airport -> Rawai,80,26,5200,2025-11-19 16:51:19.174474,,,44.0,,,,,,,,,,,,,,,,,
10-1159,Airport -> Rawai,80,27,5400,2025-11-19 16:51:19.174474,,,47.0,,,,,,,,,,,,,,,,,
10-1159,Airport -> Rawai,80,28,5600,2025-11-19 16:51:19.174474,,,49.0,,,,,,,,,,,,,,,,,
10-1159,Airport -> Rawai,80,29,5800,2025-11-19 16:51:19.174474,,,51.0,,,,,,,,,,,,,,,,,
10-1159,Airport -> Rawai,80,30,6000,2025-11-19 16:51:19.174474,,,52.0,,,,,,,,,,,,,,,,,
10-1159,Airport -> Rawai,80,31,6200,2025-11-19 16:51:19.174474,,,54.0,,,,,,,,,,,,,,,,,
10-1159,Airport -> Rawai,80,32,6400,2025-11-19 16:51:19.174474,,,56.0,,,,,,,,,,,,,,,,,
10-1159,Airport -> Rawai,80,33,6600,2025-11-19 16:51:19.174474,,,59.0,,,,,,,,,,,,,,,,,
10-1159,Airport -> Rawai,80,34,6800,2025-11-19 16:51:19.174474,,,62.0,,,,,,,,,,,,,,,,,
10-1159,Airport -> Rawai,80,35,7000,2025-11-19 16:51:19.174474,,,66.0,,,,,,,,,,,,,,,,,
10-1159,Airport -> Rawai,80,36,7200,2025-11-19 16:51:19.174474,,,70.0,,,,,,,,,,,,,,,,,
10-1159,Airport -> Rawai,80,37,7400,2025-11-19 16:51:19.174474,,,73.0,,,,,,,,,,,,,,,,,
10-1159,Airport -> Rawai,80,38,7600,2025-11-19 16:51:19.174474,,,75.0,,,,,,,,,,,,,,,,,
10-1159,Airport -> Rawai,80,39,7800,2025-11-19 16:51:19.174474,,,77.0,,,,,,,,,,,,,,,,,
10-1159,Airport -> Rawai,80,40,8000,2025-11-19 16:51:19.174474,,,78.0,,,,,,,,,,,,,,,,,
10-1159,Airport -> Rawai,80,41,8200,2025-11-19 16:51:19.174474,,,80.0,,,,,,,,,,,,,,,,,
10-1159,Airport -> Rawai,80,42,8400,2025-11-19 16:51:19.174474,,,82.0,,,,,,,,,,,,,,,,,
10-1159,Airport -> Rawai,80,43,8600,2025-11-19 16:51:19.174474,,,84.0,,,,,,,,,,,,,,,,,
10-1159,Airport -> Rawai,80,44,8800,2025-11-19 16:51:19.174474,,,86.0,,,,,,,,,,,,,,,,,
10-1159,Airport -> Rawai,80,45,9000,2025-11-19 16:51:19.174474,,,89.0,,,,,,,,,,,,,,,,,
10-1159,Airport -> Rawai,80,46,9200,2025-11-19 16:51:19.174474,,,92.0,,,,,,,,,,,,,,,,,
10-1159,Airport -> Rawai,80,47,9400,2025-11-19 16:51:19.174474,,,95.0,,,,,,,,,,,,,,,,,
10-1159,Airport -> Rawai,80,48,9600,2025-11-19 16:51:19.174474,,,96.0,,,,,,,,,,,,,,,,,
10-1159,Airport -> Rawai,80,49,9800,2025-11-19 16:51:19.174474,,,98.0,,,,,,,,,,,,,,,,,
10-1159,Airport -> Rawai,80,50,10000,2025-11-19 16:51:19.174474,,,100.0,,,,,,,,,,,,,,,,,
10-1159,Airport -> Rawai,80,51,10200,2025-11-19 16:51:19.174474,,,102.0,,,,,,,,,,,,,,,,,
10-1159,Airport -> Rawai,80,52,10400,2025-11-19 16:51:19.174474,,,104.0,,,,,,,,,,,,,,,,,
10-1159,Airport -> Rawai,80,53,10600,2025-11-19 16:51:19.174474,,,106.0,,,,,,,,,,,,,,,,,
10-1159,Airport -> Rawai,80,54,10800,2025-11-19 16:51:19.174474,,,108.0,,,,,,,,,,,,,,,,,
10-1159,Airport -> Rawai,80,54,10889,2025-11-19 16:51:19.174474,,,109.0,,,,,,,,,,,,,,,,,
10-1264,Patong -> Bus 1 -> Bus 2,3421,18,3600,2025-11-19 17:02:22.771138,2025-11-19 17:09:26.429337,7.06,2.0,-5.06,,,,,,,,,,,,,,,,
10-1264,Patong -> Bus 1 -> Bus 2,3421,19,3800,2025-11-19 17:02:22.771138,2025-11-19 17:09:26.429337,7.06,11.0,3.94,,,,,,,,,,,,,,,,
10-1264,Patong -> Bus 1 -> Bus 2,3421,20,4000,2025-11-19 17:02:22.771138,,,13.0,,,,,,,,,,,,,,,,,
10-1264,Patong -> Bus 1 -> Bus 2,3421,21,4200,2025-11-19 17:02:22.771138,,,15.0,,,,,,,,,,,,,,,,,
10-1264,Patong -> Bus 1 -> Bus 2,3421,22,4400,2025-11-19 17:02:22.771138,,,18.0,,,,,,,,,,,,,,,,,
10-1264,Patong -> Bus 1 -> Bus 2,3421,23,4600,2025-11-19 17:02:22.771138,,,19.0,,,,,,,,,,,,,,,,,
10-1264,Patong -> Bus 1 -> Bus 2,3421,24,4800,2025-11-19 17:02:22.771138,,,21.0,,,,,,,,,,,,,,,,,
10-1264,Patong -> Bus 1 -> Bus 2,3421,25,5000,2025-11-19 17:02:22.771138,,,23.0,,,,,,,,,,,,,,,,,
10-1264,Patong -> Bus 1 -> Bus 2,3421,26,5200,2025-11-19 17:02:22.771138,,,24.0,,,,,,,,,,,,,,,,,
10-1264,Patong -> Bus 1 -> Bus 2,3421,26,5301,2025-11-19 17:02:22.771138,,,26.0,,,,,,,,,,,,,,,,,
10-1149,Airport -> Rawai,0,1,200,2025-11-19 17:02:25.291089,2025-11-19 17:08:59.236673,6.57,2.0,-4.57,,,,,,,,,,,,,,,,
10-1149,Airport -> Rawai,0,2,400,2025-11-19 17:02:25.291089,2025-11-19 17:13:01.439259,10.6,4.0,-6.6,,,,,,,,,,,,,,,,
10-1149,Airport -> Rawai,0,3,600,2025-11-19 17:02:25.291089,,,6.0,,1.0,,,,,,,,,,,,,,,
10-1149,Airport -> Rawai,0,4,800,2025-11-19 17:02:25.291089,,,7.0,,2.0,,,,,,,,,,,,,,,
10-1149,Airport -> Rawai,0,5,1000,2025-11-19 17:02:25.291089,,,9.0,,4.0,,,,,,,,,,,,,,,
10-1149,Airport -> Rawai,0,6,1200,2025-11-19 17:02:25.291089,,,10.0,,5.0,,,,,,,,,,,,,,,
10-1149,Airport -> Rawai,0,7,1400,2025-11-19 17:02:25.291089,,,11.0,,6.0,,,,,,,,,,,,,,,
10-1149,Airport -> Rawai,0,8,1600,2025-11-19 17:02:25.291089,,,12.0,,7.0,,,,,,,,,,,,,,,
10-1149,Airport -> Rawai,0,9,1800,2025-11-19 17:02:25.291089,,,14.0,,9.0,,,,,,,,,,,,,,,
10-1149,Airport -> Rawai,0,10,2000,2025-11-19 17:02:25.291089,,,15.0,,10.0,,,,,,,,,,,,,,,
10-1149,Airport -> Rawai,0,11,2200,2025-11-19 17:02:25.291089,,,16.0,,11.0,,,,,,,,,,,,,,,
10-1149,Airport -> Rawai,0,12,2400,2025-11-19 17:02:25.291089,,,17.0,,12.0,,,,,,,,,,,,,,,
10-1149,Airport -> Rawai,0,13,2600,2025-11-19 17:02:25.291089,,,20.0,,15.0,,,,,,,,,,,,,,,
10-1149,Airport -> Rawai,0,14,2800,2025-11-19 17:02:25.291089,,,22.0,,17.0,,,,,,,,,,,,,,,
10-1149,Airport -> Rawai,0,15,3000,2025-11-19 17:02:25.291089,,,24.0,,19.0,,,,,,,,,,,,,,,
10-1149,Airport -> Rawai,0,16,3200,2025-11-19 17:02:25.291089,,,25.0,,20.0,,,,,,,,,,,,,,,
10-1149,Airport -> Rawai,0,17,3400,2025-11-19 17:02:25.291089,,,27.0,,22.0,,,,,,,,,,,,,,,
10-1149,Airport -> Rawai,0,18,3600,2025-11-19 17:02:25.291089,,,29.0,,24.0,,,,,,,,,,,,,,,
10-1149,Airport -> Rawai,0,19,3800,2025-11-19 17:02:25.291089,,,33.0,,28.0,,,,,,,,,,,,,,,
10-1149,Airport -> Rawai,0,20,4000,2025-11-19 17:02:25.291089,,,34.0,,29.0,,,,,,,,,,,,,,,
10-1149,Airport -> Rawai,0,21,4200,2025-11-19 17:02:25.291089,,,36.0,,31.0,,,,,,,,,,,,,,,
10-1149,Airport -> Rawai,0,22,4400,2025-11-19 17:02:25.291089,,,38.0,,33.0,,,,,,,,,,,,,,,
10-1149,Airport -> Rawai,0,23,4600,2025-11-19 17:02:25.291089,,,40.0,,35.0,,,,,,,,,,,,,,,
10-1149,Airport -> Rawai,0,24,4800,2025-11-19 17:02:25.291089,,,42.0,,37.0,,,,,,,,,,,,,,,
10-1149,Airport -> Rawai,0,25,5000,2025-11-19 17:02:25.291089,,,43.0,,38.0,,,,,,,,,,,,,,,
10-1149,Airport -> Rawai,0,26,5200,2025-11-19 17:02:25.291089,,,45.0,,40.0,,,,,,,,,,,,,,,
10-1149,Airport -> Rawai,0,27,5400,2025-11-19 17:02:25.291089,,,48.0,,43.0,,,,,,,,,,,,,,,
10-1149,Airport -> Rawai,0,28,5600,2025-11-19 17:02:25.291089,,,50.0,,45.0,,,,,,,,,,,,,,,
10-1149,Airport -> Rawai,0,29,5800,2025-11-19 17:02:25.291089,,,52.0,,47.0,,,,,,,,,,,,,,,
10-1149,Airport -> Rawai,0,30,6000,2025-11-19 17:02:25.291089,,,53.0,,48.0,,,,,,,,,,,,,,,
10-1149,Airport -> Rawai,0,31,6200,2025-11-19 17:02:25.291089,,,55.0,,50.0,,,,,,,,,,,,,,,
10-1149,Airport -> Rawai,0,32,6400,2025-11-19 17:02:25.291089,,,57.0,,52.0,,,,,,,,,,,,,,,
10-1149,Airport -> Rawai,0,33,6600,2025-11-19 17:02:25.291089,,,60.0,,55.0,,,,,,,,,,,,,,,
10-1149,Airport -> Rawai,0,34,6800,2025-11-19 17:02:25.291089,,,63.0,,58.0,,,,,,,,,,,,,,,
10-1149,Airport -> Rawai,0,35,7000,2025-11-19 17:02:25.291089,,,67.0,,62.0,,,,,,,,,,,,,,,
10-1149,Airport -> Rawai,0,36,7200,2025-11-19 17:02:25.291089,,,71.0,,66.0,,,,,,,,,,,,,,,
10-1149,Airport -> Rawai,0,37,7400,2025-11-19 17:02:25.291089,,,75.0,,70.0,,,,,,,,,,,,,,,
10-1149,Airport -> Rawai,0,38,7600,2025-11-19 17:02:25.291089,,,76.0,,71.0,,,,,,,,,,,,,,,
10-1149,Airport -> Rawai,0,39,7800,2025-11-19 17:02:25.291089,,,78.0,,73.0,,,,,,,,,,,,,,,
10-1149,Airport -> Rawai,0,40,8000,2025-11-19 17:02:25.291089,,,79.0,,74.0,,,,,,,,,,,,,,,
10-1149,Airport -> Rawai,0,41,8200,2025-11-19 17:02:25.291089,,,81.0,,76.0,,,,,,,,,,,,,,,
10-1149,Airport -> Rawai,0,42,8400,2025-11-19 17:02:25.291089,,,83.0,,78.0,,,,,,,,,,,,,,,
10-1149,Airport -> Rawai,0,43,8600,2025-11-19 17:02:25.291089,,,85.0,,80.0,,,,,,,,,,,,,,,
10-1149,Airport -> Rawai,0,44,8800,2025-11-19 17:02:25.291089,,,87.0,,82.0,,,,,,,,,,,,,,,
10-1149,Airport -> Rawai,0,45,9000,2025-11-19 17:02:25.291089,,,90.0,,85.0,,,,,,,,,,,,,,,
10-1149,Airport -> Rawai,0,46,9200,2025-11-19 17:02:25.291089,,,93.0,,88.0,,,,,,,,,,,,,,,
10-1149,Airport -> Rawai,0,47,9400,2025-11-19 17:02:25.291089,,,96.0,,91.0,,,,,,,,,,,,,,,
10-1149,Airport -> Rawai,0,48,9600,2025-11-19 17:02:25.291089,,,97.0,,92.0,,,,,,,,,,,,,,,
10-1149,Airport -> Rawai,0,49,9800,2025-11-19 17:02:25.291089,,,99.0,,94.0,,,,,,,,,,,,,,,
10-1149,Airport -> Rawai,0,50,10000,2025-11-19 17:02:25.291089,,,101.0,,96.0,,,,,,,,,,,,,,,
10-1149,Airport -> Rawai,0,51,10200,2025-11-19 17:02:25.291089,,,103.0,,98.0,,,,,,,,,,,,,,,
10-1149,Airport -> Rawai,0,52,10400,2025-11-19 17:02:25.291089,,,105.0,,100.0,,,,,,,,,,,,,,,
10-1149,Airport -> Rawai,0,53,10600,2025-11-19 17:02:25.291089,,,107.0,,102.0,,,,,,,,,,,,,,,
10-1149,Airport -> Rawai,0,54,10800,2025-11-19 17:02:25.291089,,,109.0,,104.0,,,,,,,,,,,,,,,
10-1149,Airport -> Rawai,0,54,10889,2025-11-19 17:02:25.291089,,,110.0,,105.0,,,,,,,,,,,,,,,
10-1205,Airport -> Rawai,3672,19,3800,2025-11-19 17:02:55.709916,,,2.0,,,,,,,,,,,,,,,,,
10-1205,Airport -> Rawai,3672,20,4000,2025-11-19 17:02:55.709916,,,3.0,,,,,,,,,,,,,,,,,
10-1205,Airport -> Rawai,3672,21,4200,2025-11-19 17:02:55.709916,,,5.0,,,,,,,,,,,,,,,,,
10-1205,Airport -> Rawai,3672,22,4400,2025-11-19 17:02:55.709916,,,7.0,,,,,,,,,,,,,,,,,
10-1205,Airport -> Rawai,3672,23,4600,2025-11-19 17:02:55.709916,,,9.0,,,,,,,,,,,,,,,,,
10-1205,Airport -> Rawai,3672,24,4800,2025-11-19 17:02:55.709916,,,11.0,,,,,,,,,,,,,,,,,
10-1205,Airport -> Rawai,3672,25,5000,2025-11-19 17:02:55.709916,,,12.0,,,,,,,,,,,,,,,,,
10-1205,Airport -> Rawai,3672,26,5200,2025-11-19 17:02:55.709916,,,14.0,,,,,,,,,,,,,,,,,
10-1205,Airport -> Rawai,3672,27,5400,2025-11-19 17:02:55.709916,,,17.0,,,,,,,,,,,,,,,,,
10-1205,Airport -> Rawai,3672,28,5600,2025-11-19 17:02:55.709916,,,19.0,,,,,,,,,,,,,,,,,
10-1205,Airport -> Rawai,3672,29,5800,2025-11-19 17:02:55.709916,,,21.0,,,,,,,,,,,,,,,,,
10-1205,Airport -> Rawai,3672,30,6000,2025-11-19 17:02:55.709916,,,22.0,,,,,,,,,,,,,,,,,
10-1205,Airport -> Rawai,3672,31,6200,2025-11-19 17:02:55.709916,,,24.0,,,,,,,,,,,,,,,,,
10-1205,Airport -> Rawai,3672,32,6400,2025-11-19 17:02:55.709916,,,26.0,,,,,,,,,,,,,,,,,
10-1205,Airport -> Rawai,3672,33,6600,2025-11-19 17:02:55.709916,,,29.0,,,,,,,,,,,,,,,,,
10-1205,Airport -> Rawai,3672,34,6800,2025-11-19 17:02:55.709916,,,32.0,,,,,,,,,,,,,,,,,
10-1205,Airport -> Rawai,3672,35,7000,2025-11-19 17:02:55.709916,,,36.0,,,,,,,,,,,,,,,,,
10-1205,Airport -> Rawai,3672,36,7200,2025-11-19 17:02:55.709916,,,40.0,,,,,,,,,,,,,,,,,
10-1205,Airport -> Rawai,3672,37,7400,2025-11-19 17:02:55.709916,,,43.0,,,,,,,,,,,,,,,,,
10-1205,Airport -> Rawai,3672,38,7600,2025-11-19 17:02:55.709916,,,45.0,,,,,,,,,,,,,,,,,
10-1205,Airport -> Rawai,3672,39,7800,2025-11-19 17:02:55.709916,,,47.0,,,,,,,,,,,,,,,,,
10-1205,Airport -> Rawai,3672,40,8000,2025-11-19 17:02:55.709916,,,48.0,,,,,,,,,,,,,,,,,
10-1205,Airport -> Rawai,3672,41,8200,2025-11-19 17:02:55.709916,,,50.0,,,,,,,,,,,,,,,,,
10-1205,Airport -> Rawai,3672,42,8400,2025-11-19 17:02:55.709916,,,52.0,,,,,,,,,,,,,,,,,
10-1205,Airport -> Rawai,3672,43,8600,2025-11-19 17:02:55.709916,,,54.0,,,,,,,,,,,,,,,,,
10-1205,Airport -> Rawai,3672,44,8800,2025-11-19 17:02:55.709916,,,56.0,,,,,,,,,,,,,,,,,
10-1205,Airport -> Rawai,3672,45,9000,2025-11-19 17:02:55.709916,,,59.0,,,,,,,,,,,,,,,,,
10-1205,Airport -> Rawai,3672,46,9200,2025-11-19 17:02:55.709916,,,62.0,,,,,,,,,,,,,,,,,
10-1205,Airport -> Rawai,3672,47,9400,2025-11-19 17:02:55.709916,,,65.0,,,,,,,,,,,,,,,,,
10-1205,Airport -> Rawai,3672,48,9600,2025-11-19 17:02:55.709916,,,66.0,,,,,,,,,,,,,,,,,
10-1205,Airport -> Rawai,3672,49,9800,2025-11-19 17:02:55.709916,,,68.0,,,,,,,,,,,,,,,,,
10-1205,Airport -> Rawai,3672,50,10000,2025-11-19 17:02:55.709916,,,70.0,,,,,,,,,,,,,,,,,
10-1205,Airport -> Rawai,3672,51,10200,2025-11-19 17:02:55.709916,,,72.0,,,,,,,,,,,,,,,,,
10-1205,Airport -> Rawai,3672,52,10400,2025-11-19 17:02:55.709916,,,74.0,,,,,,,,,,,,,,,,,
10-1205,Airport -> Rawai,3672,53,10600,2025-11-19 17:02:55.709916,,,76.0,,,,,,,,,,,,,,,,,
10-1205,Airport -> Rawai,3672,54,10800,2025-11-19 17:02:55.709916,,,78.0,,,,,,,,,,,,,,,,,
10-1205,Airport -> Rawai,3672,54,10889,2025-11-19 17:02:55.709916,,,79.0,,,,,,,,,,,,,,,,,
10-1196,Airport -> Rawai,83,1,200,2025-11-19 17:09:59.729046,2025-11-19 17:16:03.026207,6.05,1.0,-5.05,,,,,,,,,,,,,,,,
10-1196,Airport -> Rawai,83,2,400,2025-11-19 17:09:59.729046,,,3.0,,,,,,,,,,,,,,,,,
10-1196,Airport -> Rawai,83,3,600,2025-11-19 17:09:59.729046,,,5.0,,,,,,,,,,,,,,,,,
10-1196,Airport -> Rawai,83,4,800,2025-11-19 17:09:59.729046,,,6.0,,,,,,,,,,,,,,,,,
10-1196,Airport -> Rawai,83,5,1000,2025-11-19 17:09:59.729046,,,8.0,,,,,,,,,,,,,,,,,
10-1196,Airport -> Rawai,83,6,1200,2025-11-19 17:09:59.729046,,,9.0,,,,,,,,,,,,,,,,,
10-1196,Airport -> Rawai,83,7,1400,2025-11-19 17:09:59.729046,,,10.0,,,,,,,,,,,,,,,,,
10-1196,Airport -> Rawai,83,8,1600,2025-11-19 17:09:59.729046,,,11.0,,,,,,,,,,,,,,,,,
10-1196,Airport -> Rawai,83,9,1800,2025-11-19 17:09:59.729046,,,12.0,,,,,,,,,,,,,,,,,
10-1196,Airport -> Rawai,83,10,2000,2025-11-19 17:09:59.729046,,,14.0,,,,,,,,,,,,,,,,,
10-1196,Airport -> Rawai,83,11,2200,2025-11-19 17:09:59.729046,,,15.0,,,,,,,,,,,,,,,,,
10-1196,Airport -> Rawai,83,12,2400,2025-11-19 17:09:59.729046,,,16.0,,,,,,,,,,,,,,,,,
10-1196,Airport -> Rawai,83,13,2600,2025-11-19 17:09:59.729046,,,19.0,,,,,,,,,,,,,,,,,
10-1196,Airport -> Rawai,83,14,2800,2025-11-19 17:09:59.729046,,,20.0,,,,,,,,,,,,,,,,,
10-1196,Airport -> Rawai,83,15,3000,2025-11-19 17:09:59.729046,,,23.0,,,,,,,,,,,,,,,,,
10-1196,Airport -> Rawai,83,16,3200,2025-11-19 17:09:59.729046,,,24.0,,,,,,,,,,,,,,,,,
10-1196,Airport -> Rawai,83,17,3400,2025-11-19 17:09:59.729046,,,26.0,,,,,,,,,,,,,,,,,
10-1196,Airport -> Rawai,83,18,3600,2025-11-19 17:09:59.729046,,,28.0,,,,,,,,,,,,,,,,,
10-1196,Airport -> Rawai,83,19,3800,2025-11-19 17:09:59.729046,,,31.0,,,,,,,,,,,,,,,,,
10-1196,Airport -> Rawai,83,20,4000,2025-11-19 17:09:59.729046,,,33.0,,,,,,,,,,,,,,,,,
10-1196,Airport -> Rawai,83,21,4200,2025-11-19 17:09:59.729046,,,35.0,,,,,,,,,,,,,,,,,
10-1196,Airport -> Rawai,83,22,4400,2025-11-19 17:09:59.729046,,,37.0,,,,,,,,,,,,,,,,,
10-1196,Airport -> Rawai,83,23,4600,2025-11-19 17:09:59.729046,,,39.0,,,,,,,,,,,,,,,,,
10-1196,Airport -> Rawai,83,24,4800,2025-11-19 17:09:59.729046,,,41.0,,,,,,,,,,,,,,,,,
10-1196,Airport -> Rawai,83,25,5000,2025-11-19 17:09:59.729046,,,42.0,,,,,,,,,,,,,,,,,
10-1196,Airport -> Rawai,83,26,5200,2025-11-19 17:09:59.729046,,,44.0,,,,,,,,,,,,,,,,,
10-1196,Airport -> Rawai,83,27,5400,2025-11-19 17:09:59.729046,,,47.0,,,,,,,,,,,,,,,,,
10-1196,Airport -> Rawai,83,28,5600,2025-11-19 17:09:59.729046,,,49.0,,,,,,,,,,,,,,,,,
10-1196,Airport -> Rawai,83,29,5800,2025-11-19 17:09:59.729046,,,51.0,,,,,,,,,,,,,,,,,
10-1196,Airport -> Rawai,83,30,6000,2025-11-19 17:09:59.729046,,,52.0,,,,,,,,,,,,,,,,,
10-1196,Airport -> Rawai,83,31,6200,2025-11-19 17:09:59.729046,,,54.0,,,,,,,,,,,,,,,,,
10-1196,Airport -> Rawai,83,32,6400,2025-11-19 17:09:59.729046,,,56.0,,,,,,,,,,,,,,,,,
10-1196,Airport -> Rawai,83,33,6600,2025-11-19 17:09:59.729046,,,59.0,,,,,,,,,,,,,,,,,
10-1196,Airport -> Rawai,83,34,6800,2025-11-19 17:09:59.729046,,,62.0,,,,,,,,,,,,,,,,,
10-1196,Airport -> Rawai,83,35,7000,2025-11-19 17:09:59.729046,,,66.0,,,,,,,,,,,,,,,,,
10-1196,Airport -> Rawai,83,36,7200,2025-11-19 17:09:59.729046,,,70.0,,,,,,,,,,,,,,,,,
10-1196,Airport -> Rawai,83,37,7400,2025-11-19 17:09:59.729046,,,73.0,,,,,,,,,,,,,,,,,
10-1196,Airport -> Rawai,83,38,7600,2025-11-19 17:09:59.729046,,,75.0,,,,,,,,,,,,,,,,,
10-1196,Airport -> Rawai,83,39,7800,2025-11-19 17:09:59.729046,,,77.0,,,,,,,,,,,,,,,,,
10-1196,Airport -> Rawai,83,40,8000,2025-11-19 17:09:59.729046,,,78.0,,,,,,,,,,,,,,,,,
10-1196,Airport -> Rawai,83,41,8200,2025-11-19 17:09:59.729046,,,80.0,,,,,,,,,,,,,,,,,
10-1196,Airport -> Rawai,83,42,8400,2025-11-19 17:09:59.729046,,,82.0,,,,,,,,,,,,,,,,,
10-1196,Airport -> Rawai,83,43,8600,2025-11-19 17:09:59.729046,,,84.0,,,,,,,,,,,,,,,,,
10-1196,Airport -> Rawai,83,44,8800,2025-11-19 17:09:59.729046,,,86.0,,,,,,,,,,,,,,,,,
10-1196,Airport -> Rawai,83,45,9000,2025-11-19 17:09:59.729046,,,89.0,,,,,,,,,,,,,,,,,
10-1196,Airport -> Rawai,83,46,9200,2025-11-19 17:09:59.729046,,,92.0,,,,,,,,,,,,,,,,,
10-1196,Airport -> Rawai,83,47,9400,2025-11-19 17:09:59.729046,,,95.0,,,,,,,,,,,,,,,,,
10-1196,Airport -> Rawai,83,48,9600,2025-11-19 17:09:59.729046,,,96.0,,,,,,,,,,,,,,,,,
10-1196,Airport -> Rawai,83,49,9800,2025-11-19 17:09:59.729046,,,98.0,,,,,,,,,,,,,,,,,
10-1196,Airport -> Rawai,83,50,10000,2025-11-19 17:09:59.729046,,,100.0,,,,,,,,,,,,,,,,,
10-1196,Airport -> Rawai,83,51,10200,2025-11-19 17:09:59.729046,,,102.0,,,,,,,,,,,,,,,,,
10-1196,Airport -> Rawai,83,52,10400,2025-11-19 17:09:59.729046,,,104.0,,,,,,,,,,,,,,,,,
10-1196,Airport -> Rawai,83,53,10600,2025-11-19 17:09:59.729046,,,106.0,,,,,,,,,,,,,,,,,
10-1196,Airport -> Rawai,83,54,10800,2025-11-19 17:09:59.729046,,,108.0,,,,,,,,,,,,,,,,,
10-1196,Airport -> Rawai,83,54,10889,2025-11-19 17:09:59.729046,,,109.0,,,,,,,,,,,,,,,,,
10-1221,Bus 2 -> Bus 1 -> Patong,1815,10,2000,2025-11-19 17:13:58.904310,,,2.0,,,,,,,,,,,,,,,,,
10-1221,Bus 2 -> Bus 1 -> Patong,1815,11,2200,2025-11-19 17:13:58.904310,,,5.0,,,,,,,,,,,,,,,,,
10-1221,Bus 2 -> Bus 1 -> Patong,1815,12,2400,2025-11-19 17:13:58.904310,,,8.0,,,,,,,,,,,,,,,,,
10-1221,Bus 2 -> Bus 1 -> Patong,1815,13,2600,2025-11-19 17:13:58.904310,,,11.0,,,,,,,,,,,,,,,,,
10-1221,Bus 2 -> Bus 1 -> Patong,1815,14,2800,2025-11-19 17:13:58.904310,,,13.0,,,,,,,,,,,,,,,,,
10-1221,Bus 2 -> Bus 1 -> Patong,1815,15,3000,2025-11-19 17:13:58.904310,,,15.0,,,,,,,,,,,,,,,,,
10-1221,Bus 2 -> Bus 1 -> Patong,1815,16,3200,2025-11-19 17:13:58.904310,,,17.0,,,,,,,,,,,,,,,,,
10-1221,Bus 2 -> Bus 1 -> Patong,1815,17,3400,2025-11-19 17:13:58.904310,,,19.0,,,,,,,,,,,,,,,,,
10-1221,Bus 2 -> Bus 1 -> Patong,1815,18,3600,2025-11-19 17:13:58.904310,,,20.0,,,,,,,,,,,,,,,,,
10-1221,Bus 2 -> Bus 1 -> Patong,1815,19,3800,2025-11-19 17:13:58.904310,,,23.0,,,,,,,,,,,,,,,,,
10-1221,Bus 2 -> Bus 1 -> Patong,1815,20,4000,2025-11-19 17:13:58.904310,,,24.0,,,,,,,,,,,,,,,,,
10-1221,Bus 2 -> Bus 1 -> Patong,1815,21,4200,2025-11-19 17:13:58.904310,,,27.0,,,,,,,,,,,,,,,,,
10-1221,Bus 2 -> Bus 1 -> Patong,1815,22,4400,2025-11-19 17:13:58.904310,,,30.0,,,,,,,,,,,,,,,,,
10-1221,Bus 2 -> Bus 1 -> Patong,1815,23,4600,2025-11-19 17:13:58.904310,,,34.0,,,,,,,,,,,,,,,,,
10-1221,Bus 2 -> Bus 1 -> Patong,1815,24,4800,2025-11-19 17:13:58.904310,,,37.0,,,,,,,,,,,,,,,,,
10-1221,Bus 2 -> Bus 1 -> Patong,1815,25,5000,2025-11-19 17:13:58.904310,,,40.0,,,,,,,,,,,,,,,,,
10-1221,Bus 2 -> Bus 1 -> Patong,1815,26,5200,2025-11-19 17:13:58.904310,,,43.0,,,,,,,,,,,,,,,,,
10-1221,Bus 2 -> Bus 1 -> Patong,1815,26,5296,2025-11-19 17:13:58.904310,,,45.0,,,,,,,,,,,,,,,,,
